schema,time,dataset,execution_layer,canonical_symbol,resolved_symbol,event_type,reason_code,details,dry_run
SOLTRADE_V28_EVENT_V1,2024.12.01 00:00:00,V28_2025_DEVELOPMENT,NATIVE_NORMAL_EXECUTION,EURUSD,EURUSD,SYMBOL_PREFLIGHT,PASS,tick_size=0.0000100000;tick_value_loss=1.00000000;volume_min=0.01000000;volume_max=50.00000000;volume_step=0.01000000;stops_level=0;filling=2,NO
SOLTRADE_V28_EVENT_V1,2024.12.01 00:00:00,V28_2025_DEVELOPMENT,NATIVE_NORMAL_EXECUTION,GBPUSD,GBPUSD,SYMBOL_PREFLIGHT,PASS,tick_size=0.0000100000;tick_value_loss=1.00000000;volume_min=0.01000000;volume_max=50.00000000;volume_step=0.01000000;stops_level=0;filling=2,NO
SOLTRADE_V28_EVENT_V1,2024.12.01 00:00:00,V28_2025_DEVELOPMENT,NATIVE_NORMAL_EXECUTION,AUDUSD,AUDUSD,SYMBOL_PREFLIGHT,PASS,tick_size=0.0000100000;tick_value_loss=1.00000000;volume_min=0.01000000;volume_max=50.00000000;volume_step=0.01000000;stops_level=0;filling=2,NO
SOLTRADE_V28_EVENT_V1,2024.12.01 00:00:00,V28_2025_DEVELOPMENT,NATIVE_NORMAL_EXECUTION,NZDUSD,NZDUSD,SYMBOL_PREFLIGHT,PASS,tick_size=0.0000100000;tick_value_loss=1.00000000;volume_min=0.01000000;volume_max=50.00000000;volume_step=0.01000000;stops_level=0;filling=2,NO
SOLTRADE_V28_EVENT_V1,2024.12.01 00:00:00,V28_2025_DEVELOPMENT,NATIVE_NORMAL_EXECUTION,USDCAD,USDCAD,SYMBOL_PREFLIGHT,PASS,tick_size=0.0000100000;tick_value_loss=0.71445923;volume_min=0.01000000;volume_max=50.00000000;volume_step=0.01000000;stops_level=0;filling=2,NO
SOLTRADE_V28_EVENT_V1,2024.12.01 00:00:00,V28_2025_DEVELOPMENT,NATIVE_NORMAL_EXECUTION,USDCHF,USDCHF,SYMBOL_PREFLIGHT,PASS,tick_size=0.0000100000;tick_value_loss=1.13557648;volume_min=0.01000000;volume_max=50.00000000;volume_step=0.01000000;stops_level=0;filling=2,NO
SOLTRADE_V28_EVENT_V1,2024.12.01 00:00:00,V28_2025_DEVELOPMENT,NATIVE_NORMAL_EXECUTION,USDJPY,USDJPY,SYMBOL_PREFLIGHT,PASS,tick_size=0.0010000000;tick_value_loss=0.66827498;volume_min=0.01000000;volume_max=50.00000000;volume_step=0.01000000;stops_level=0;filling=2,NO
SOLTRADE_V28_EVENT_V1,2024.12.01 00:00:00,V28_2025_DEVELOPMENT,NATIVE_NORMAL_EXECUTION,,,ACCOUNT_PREFLIGHT,PASS,server=FPMarketsSC-Demo;balance=10000.00;equity=10000.00;leverage=1:30;hedge=YES;positions=0;orders=0,NO
SOLTRADE_V28_EVENT_V1,2024.12.01 00:00:00,V28_2025_DEVELOPMENT,NATIVE_NORMAL_EXECUTION,,,RISK_PREFLIGHT,PASS,risk_per_leg=0.5%;cohort_initial_risk=3.5%;daily_lock=1.0%;weekly_lock=2.5%;emergency_static_lock=5.0%;fxify_daily=4.0%;fxify_static=8.0%,NO
SOLTRADE_V28_EVENT_V1,2024.12.01 00:00:00,V28_2025_DEVELOPMENT,NATIVE_NORMAL_EXECUTION,,,PREFLIGHT_PASSED,NONE,strategy=FX_DOLLAR_FACTOR_MOMENTUM_1M_1M_1_0;symbols=7;dry_run=NO;orders_submitted=NO,NO
SOLTRADE_V28_EVENT_V1,2025.01.06 10:05:00,V28_2025_DEVELOPMENT,NATIVE_NORMAL_EXECUTION,EURUSD,EURUSD,ORDER_REQUEST_ACCEPTED_AWAITING_TRANSACTION,BROKER_REPORTED_FILL_AWAITING_CONFIRMATION,Broker returned DONE; fill remains unconfirmed until a matching trade transaction,NO
SOLTRADE_V28_EVENT_V1,2025.01.06 10:05:00,V28_2025_DEVELOPMENT,NATIVE_NORMAL_EXECUTION,GBPUSD,GBPUSD,ORDER_REQUEST_ACCEPTED_AWAITING_TRANSACTION,BROKER_REPORTED_FILL_AWAITING_CONFIRMATION,Broker returned DONE; fill remains unconfirmed until a matching trade transaction,NO
SOLTRADE_V28_EVENT_V1,2025.01.06 10:05:00,V28_2025_DEVELOPMENT,NATIVE_NORMAL_EXECUTION,AUDUSD,AUDUSD,ORDER_REQUEST_ACCEPTED_AWAITING_TRANSACTION,BROKER_REPORTED_FILL_AWAITING_CONFIRMATION,Broker returned DONE; fill remains unconfirmed until a matching trade transaction,NO
SOLTRADE_V28_EVENT_V1,2025.01.06 10:05:00,V28_2025_DEVELOPMENT,NATIVE_NORMAL_EXECUTION,NZDUSD,NZDUSD,ORDER_REQUEST_ACCEPTED_AWAITING_TRANSACTION,BROKER_REPORTED_FILL_AWAITING_CONFIRMATION,Broker returned DONE; fill remains unconfirmed until a matching trade transaction,NO
SOLTRADE_V28_EVENT_V1,2025.01.06 10:05:00,V28_2025_DEVELOPMENT,NATIVE_NORMAL_EXECUTION,USDCAD,USDCAD,ORDER_REQUEST_ACCEPTED_AWAITING_TRANSACTION,BROKER_REPORTED_FILL_AWAITING_CONFIRMATION,Broker returned DONE; fill remains unconfirmed until a matching trade transaction,NO
SOLTRADE_V28_EVENT_V1,2025.01.06 10:05:00,V28_2025_DEVELOPMENT,NATIVE_NORMAL_EXECUTION,USDCHF,USDCHF,ORDER_REQUEST_ACCEPTED_AWAITING_TRANSACTION,BROKER_REPORTED_FILL_AWAITING_CONFIRMATION,Broker returned DONE; fill remains unconfirmed until a matching trade transaction,NO
SOLTRADE_V28_EVENT_V1,2025.01.06 10:05:00,V28_2025_DEVELOPMENT,NATIVE_NORMAL_EXECUTION,USDJPY,USDJPY,ORDER_REQUEST_ACCEPTED_AWAITING_TRANSACTION,BROKER_REPORTED_FILL_AWAITING_CONFIRMATION,Broker returned DONE; fill remains unconfirmed until a matching trade transaction,NO
SOLTRADE_V28_EVENT_V1,2025.01.06 10:05:00,V28_2025_DEVELOPMENT,NATIVE_NORMAL_EXECUTION,GBPUSD,GBPUSD,ORDER_FILL_CONFIRMED,BROKER_FILL_CONFIRMED,deal=3,NO
SOLTRADE_V28_EVENT_V1,2025.01.06 10:05:00,V28_2025_DEVELOPMENT,NATIVE_NORMAL_EXECUTION,AUDUSD,AUDUSD,ORDER_FILL_CONFIRMED,BROKER_FILL_CONFIRMED,deal=4,NO
SOLTRADE_V28_EVENT_V1,2025.01.06 10:05:00,V28_2025_DEVELOPMENT,NATIVE_NORMAL_EXECUTION,NZDUSD,NZDUSD,ORDER_FILL_CONFIRMED,BROKER_FILL_CONFIRMED,deal=5,NO
SOLTRADE_V28_EVENT_V1,2025.01.06 10:05:00,V28_2025_DEVELOPMENT,NATIVE_NORMAL_EXECUTION,USDCAD,USDCAD,ORDER_FILL_CONFIRMED,BROKER_FILL_CONFIRMED,deal=6,NO
SOLTRADE_V28_EVENT_V1,2025.01.06 10:05:00,V28_2025_DEVELOPMENT,NATIVE_NORMAL_EXECUTION,USDCHF,USDCHF,ORDER_FILL_CONFIRMED,BROKER_FILL_CONFIRMED,deal=7,NO
SOLTRADE_V28_EVENT_V1,2025.01.06 10:05:00,V28_2025_DEVELOPMENT,NATIVE_NORMAL_EXECUTION,USDJPY,USDJPY,ORDER_FILL_CONFIRMED,BROKER_FILL_CONFIRMED,deal=8,NO
SOLTRADE_V28_EVENT_V1,2025.02.03 10:05:00,V28_2025_DEVELOPMENT,NATIVE_NORMAL_EXECUTION,EURUSD,EURUSD,POSITION_CLOSE_ACCEPTED_AWAITING_TRANSACTION,POSITION_CLOSE_BROKER_ACCEPTED,Close request accepted; matching exit deal is not yet confirmed,NO
SOLTRADE_V28_EVENT_V1,2025.02.03 10:05:00,V28_2025_DEVELOPMENT,NATIVE_NORMAL_EXECUTION,GBPUSD,GBPUSD,POSITION_CLOSE_ACCEPTED_AWAITING_TRANSACTION,POSITION_CLOSE_BROKER_ACCEPTED,Close request accepted; matching exit deal is not yet confirmed,NO
SOLTRADE_V28_EVENT_V1,2025.02.03 10:05:00,V28_2025_DEVELOPMENT,NATIVE_NORMAL_EXECUTION,AUDUSD,AUDUSD,POSITION_CLOSE_ACCEPTED_AWAITING_TRANSACTION,POSITION_CLOSE_BROKER_ACCEPTED,Close request accepted; matching exit deal is not yet confirmed,NO
SOLTRADE_V28_EVENT_V1,2025.02.03 10:05:00,V28_2025_DEVELOPMENT,NATIVE_NORMAL_EXECUTION,NZDUSD,NZDUSD,POSITION_CLOSE_ACCEPTED_AWAITING_TRANSACTION,POSITION_CLOSE_BROKER_ACCEPTED,Close request accepted; matching exit deal is not yet confirmed,NO
SOLTRADE_V28_EVENT_V1,2025.02.03 10:05:00,V28_2025_DEVELOPMENT,NATIVE_NORMAL_EXECUTION,USDCAD,USDCAD,POSITION_CLOSE_ACCEPTED_AWAITING_TRANSACTION,POSITION_CLOSE_BROKER_ACCEPTED,Close request accepted; matching exit deal is not yet confirmed,NO
SOLTRADE_V28_EVENT_V1,2025.02.03 10:05:00,V28_2025_DEVELOPMENT,NATIVE_NORMAL_EXECUTION,USDCHF,USDCHF,POSITION_CLOSE_ACCEPTED_AWAITING_TRANSACTION,POSITION_CLOSE_BROKER_ACCEPTED,Close request accepted; matching exit deal is not yet confirmed,NO
SOLTRADE_V28_EVENT_V1,2025.02.03 10:05:00,V28_2025_DEVELOPMENT,NATIVE_NORMAL_EXECUTION,USDJPY,USDJPY,POSITION_CLOSE_ACCEPTED_AWAITING_TRANSACTION,POSITION_CLOSE_BROKER_ACCEPTED,Close request accepted; matching exit deal is not yet confirmed,NO
SOLTRADE_V28_EVENT_V1,2025.02.03 10:05:00,V28_2025_DEVELOPMENT,NATIVE_NORMAL_EXECUTION,EURUSD,EURUSD,POSITION_EXIT_TRANSACTION_CONFIRMED,MATCHING_EXIT_DEAL_CONFIRMED,DOLLAR_FACTOR_REBALANCE,NO
SOLTRADE_V28_EVENT_V1,2025.02.03 10:05:00,V28_2025_DEVELOPMENT,NATIVE_NORMAL_EXECUTION,GBPUSD,GBPUSD,POSITION_EXIT_TRANSACTION_CONFIRMED,MATCHING_EXIT_DEAL_CONFIRMED,DOLLAR_FACTOR_REBALANCE,NO
SOLTRADE_V28_EVENT_V1,2025.02.03 10:05:00,V28_2025_DEVELOPMENT,NATIVE_NORMAL_EXECUTION,AUDUSD,AUDUSD,POSITION_EXIT_TRANSACTION_CONFIRMED,MATCHING_EXIT_DEAL_CONFIRMED,DOLLAR_FACTOR_REBALANCE,NO
SOLTRADE_V28_EVENT_V1,2025.02.03 10:05:00,V28_2025_DEVELOPMENT,NATIVE_NORMAL_EXECUTION,NZDUSD,NZDUSD,POSITION_EXIT_TRANSACTION_CONFIRMED,MATCHING_EXIT_DEAL_CONFIRMED,DOLLAR_FACTOR_REBALANCE,NO
SOLTRADE_V28_EVENT_V1,2025.02.03 10:05:00,V28_2025_DEVELOPMENT,NATIVE_NORMAL_EXECUTION,USDCAD,USDCAD,POSITION_EXIT_TRANSACTION_CONFIRMED,MATCHING_EXIT_DEAL_CONFIRMED,DOLLAR_FACTOR_REBALANCE,NO
SOLTRADE_V28_EVENT_V1,2025.02.03 10:05:00,V28_2025_DEVELOPMENT,NATIVE_NORMAL_EXECUTION,USDCHF,USDCHF,POSITION_EXIT_TRANSACTION_CONFIRMED,MATCHING_EXIT_DEAL_CONFIRMED,DOLLAR_FACTOR_REBALANCE,NO
SOLTRADE_V28_EVENT_V1,2025.02.03 10:05:00,V28_2025_DEVELOPMENT,NATIVE_NORMAL_EXECUTION,USDJPY,USDJPY,POSITION_EXIT_TRANSACTION_CONFIRMED,MATCHING_EXIT_DEAL_CONFIRMED,DOLLAR_FACTOR_REBALANCE,NO
SOLTRADE_V28_EVENT_V1,2025.02.03 10:05:01,V28_2025_DEVELOPMENT,NATIVE_NORMAL_EXECUTION,EURUSD,EURUSD,ORDER_REQUEST_ACCEPTED_AWAITING_TRANSACTION,BROKER_REPORTED_FILL_AWAITING_CONFIRMATION,Broker returned DONE; fill remains unconfirmed until a matching trade transaction,NO
SOLTRADE_V28_EVENT_V1,2025.02.03 10:05:01,V28_2025_DEVELOPMENT,NATIVE_NORMAL_EXECUTION,GBPUSD,GBPUSD,ORDER_REQUEST_ACCEPTED_AWAITING_TRANSACTION,BROKER_REPORTED_FILL_AWAITING_CONFIRMATION,Broker returned DONE; fill remains unconfirmed until a matching trade transaction,NO
SOLTRADE_V28_EVENT_V1,2025.02.03 10:05:01,V28_2025_DEVELOPMENT,NATIVE_NORMAL_EXECUTION,AUDUSD,AUDUSD,ORDER_REQUEST_ACCEPTED_AWAITING_TRANSACTION,BROKER_REPORTED_FILL_AWAITING_CONFIRMATION,Broker returned DONE; fill remains unconfirmed until a matching trade transaction,NO
SOLTRADE_V28_EVENT_V1,2025.02.03 10:05:01,V28_2025_DEVELOPMENT,NATIVE_NORMAL_EXECUTION,NZDUSD,NZDUSD,ORDER_REQUEST_ACCEPTED_AWAITING_TRANSACTION,BROKER_REPORTED_FILL_AWAITING_CONFIRMATION,Broker returned DONE; fill remains unconfirmed until a matching trade transaction,NO
SOLTRADE_V28_EVENT_V1,2025.02.03 10:05:01,V28_2025_DEVELOPMENT,NATIVE_NORMAL_EXECUTION,USDCAD,USDCAD,ORDER_REQUEST_ACCEPTED_AWAITING_TRANSACTION,BROKER_REPORTED_FILL_AWAITING_CONFIRMATION,Broker returned DONE; fill remains unconfirmed until a matching trade transaction,NO
SOLTRADE_V28_EVENT_V1,2025.02.03 10:05:01,V28_2025_DEVELOPMENT,NATIVE_NORMAL_EXECUTION,USDCHF,USDCHF,ORDER_REQUEST_ACCEPTED_AWAITING_TRANSACTION,BROKER_REPORTED_FILL_AWAITING_CONFIRMATION,Broker returned DONE; fill remains unconfirmed until a matching trade transaction,NO
SOLTRADE_V28_EVENT_V1,2025.02.03 10:05:01,V28_2025_DEVELOPMENT,NATIVE_NORMAL_EXECUTION,USDJPY,USDJPY,ORDER_REQUEST_ACCEPTED_AWAITING_TRANSACTION,BROKER_REPORTED_FILL_AWAITING_CONFIRMATION,Broker returned DONE; fill remains unconfirmed until a matching trade transaction,NO
SOLTRADE_V28_EVENT_V1,2025.02.03 10:05:01,V28_2025_DEVELOPMENT,NATIVE_NORMAL_EXECUTION,GBPUSD,GBPUSD,ORDER_FILL_CONFIRMED,BROKER_FILL_CONFIRMED,deal=17,NO
SOLTRADE_V28_EVENT_V1,2025.02.03 10:05:01,V28_2025_DEVELOPMENT,NATIVE_NORMAL_EXECUTION,AUDUSD,AUDUSD,ORDER_FILL_CONFIRMED,BROKER_FILL_CONFIRMED,deal=18,NO
SOLTRADE_V28_EVENT_V1,2025.02.03 10:05:01,V28_2025_DEVELOPMENT,NATIVE_NORMAL_EXECUTION,NZDUSD,NZDUSD,ORDER_FILL_CONFIRMED,BROKER_FILL_CONFIRMED,deal=19,NO
SOLTRADE_V28_EVENT_V1,2025.02.03 10:05:01,V28_2025_DEVELOPMENT,NATIVE_NORMAL_EXECUTION,USDCAD,USDCAD,ORDER_FILL_CONFIRMED,BROKER_FILL_CONFIRMED,deal=20,NO
SOLTRADE_V28_EVENT_V1,2025.02.03 10:05:01,V28_2025_DEVELOPMENT,NATIVE_NORMAL_EXECUTION,USDCHF,USDCHF,ORDER_FILL_CONFIRMED,BROKER_FILL_CONFIRMED,deal=21,NO
SOLTRADE_V28_EVENT_V1,2025.02.03 10:05:01,V28_2025_DEVELOPMENT,NATIVE_NORMAL_EXECUTION,USDJPY,USDJPY,ORDER_FILL_CONFIRMED,BROKER_FILL_CONFIRMED,deal=22,NO
SOLTRADE_V28_EVENT_V1,2025.03.03 10:05:00,V28_2025_DEVELOPMENT,NATIVE_NORMAL_EXECUTION,EURUSD,EURUSD,ORDER_REQUEST_ACCEPTED_AWAITING_TRANSACTION,BROKER_REPORTED_FILL_AWAITING_CONFIRMATION,Broker returned DONE; fill remains unconfirmed until a matching trade transaction,NO
SOLTRADE_V28_EVENT_V1,2025.03.03 10:05:00,V28_2025_DEVELOPMENT,NATIVE_NORMAL_EXECUTION,GBPUSD,GBPUSD,ORDER_REQUEST_ACCEPTED_AWAITING_TRANSACTION,BROKER_REPORTED_FILL_AWAITING_CONFIRMATION,Broker returned DONE; fill remains unconfirmed until a matching trade transaction,NO
SOLTRADE_V28_EVENT_V1,2025.03.03 10:05:00,V28_2025_DEVELOPMENT,NATIVE_NORMAL_EXECUTION,AUDUSD,AUDUSD,ORDER_REQUEST_ACCEPTED_AWAITING_TRANSACTION,BROKER_REPORTED_FILL_AWAITING_CONFIRMATION,Broker returned DONE; fill remains unconfirmed until a matching trade transaction,NO
SOLTRADE_V28_EVENT_V1,2025.03.03 10:05:00,V28_2025_DEVELOPMENT,NATIVE_NORMAL_EXECUTION,NZDUSD,NZDUSD,ORDER_REQUEST_ACCEPTED_AWAITING_TRANSACTION,BROKER_REPORTED_FILL_AWAITING_CONFIRMATION,Broker returned DONE; fill remains unconfirmed until a matching trade transaction,NO
SOLTRADE_V28_EVENT_V1,2025.03.03 10:05:00,V28_2025_DEVELOPMENT,NATIVE_NORMAL_EXECUTION,USDCAD,USDCAD,ORDER_REQUEST_ACCEPTED_AWAITING_TRANSACTION,BROKER_REPORTED_FILL_AWAITING_CONFIRMATION,Broker returned DONE; fill remains unconfirmed until a matching trade transaction,NO
SOLTRADE_V28_EVENT_V1,2025.03.03 10:05:00,V28_2025_DEVELOPMENT,NATIVE_NORMAL_EXECUTION,USDCHF,USDCHF,ORDER_REQUEST_ACCEPTED_AWAITING_TRANSACTION,BROKER_REPORTED_FILL_AWAITING_CONFIRMATION,Broker returned DONE; fill remains unconfirmed until a matching trade transaction,NO
SOLTRADE_V28_EVENT_V1,2025.03.03 10:05:00,V28_2025_DEVELOPMENT,NATIVE_NORMAL_EXECUTION,USDJPY,USDJPY,ORDER_REQUEST_ACCEPTED_AWAITING_TRANSACTION,BROKER_REPORTED_FILL_AWAITING_CONFIRMATION,Broker returned DONE; fill remains unconfirmed until a matching trade transaction,NO
SOLTRADE_V28_EVENT_V1,2025.03.03 10:05:00,V28_2025_DEVELOPMENT,NATIVE_NORMAL_EXECUTION,GBPUSD,GBPUSD,ORDER_FILL_CONFIRMED,BROKER_FILL_CONFIRMED,deal=31,NO
SOLTRADE_V28_EVENT_V1,2025.03.03 10:05:00,V28_2025_DEVELOPMENT,NATIVE_NORMAL_EXECUTION,AUDUSD,AUDUSD,ORDER_FILL_CONFIRMED,BROKER_FILL_CONFIRMED,deal=32,NO
SOLTRADE_V28_EVENT_V1,2025.03.03 10:05:00,V28_2025_DEVELOPMENT,NATIVE_NORMAL_EXECUTION,NZDUSD,NZDUSD,ORDER_FILL_CONFIRMED,BROKER_FILL_CONFIRMED,deal=33,NO
SOLTRADE_V28_EVENT_V1,2025.03.03 10:05:00,V28_2025_DEVELOPMENT,NATIVE_NORMAL_EXECUTION,USDCAD,USDCAD,ORDER_FILL_CONFIRMED,BROKER_FILL_CONFIRMED,deal=34,NO
SOLTRADE_V28_EVENT_V1,2025.03.03 10:05:00,V28_2025_DEVELOPMENT,NATIVE_NORMAL_EXECUTION,USDCHF,USDCHF,ORDER_FILL_CONFIRMED,BROKER_FILL_CONFIRMED,deal=35,NO
SOLTRADE_V28_EVENT_V1,2025.03.03 10:05:00,V28_2025_DEVELOPMENT,NATIVE_NORMAL_EXECUTION,USDJPY,USDJPY,ORDER_FILL_CONFIRMED,BROKER_FILL_CONFIRMED,deal=36,NO
SOLTRADE_V28_EVENT_V1,2025.04.07 10:05:00,V28_2025_DEVELOPMENT,NATIVE_NORMAL_EXECUTION,EURUSD,EURUSD,POSITION_CLOSE_ACCEPTED_AWAITING_TRANSACTION,POSITION_CLOSE_BROKER_ACCEPTED,Close request accepted; matching exit deal is not yet confirmed,NO
SOLTRADE_V28_EVENT_V1,2025.04.07 10:05:00,V28_2025_DEVELOPMENT,NATIVE_NORMAL_EXECUTION,GBPUSD,GBPUSD,POSITION_CLOSE_ACCEPTED_AWAITING_TRANSACTION,POSITION_CLOSE_BROKER_ACCEPTED,Close request accepted; matching exit deal is not yet confirmed,NO
SOLTRADE_V28_EVENT_V1,2025.04.07 10:05:00,V28_2025_DEVELOPMENT,NATIVE_NORMAL_EXECUTION,NZDUSD,NZDUSD,POSITION_CLOSE_ACCEPTED_AWAITING_TRANSACTION,POSITION_CLOSE_BROKER_ACCEPTED,Close request accepted; matching exit deal is not yet confirmed,NO
SOLTRADE_V28_EVENT_V1,2025.04.07 10:05:00,V28_2025_DEVELOPMENT,NATIVE_NORMAL_EXECUTION,USDCAD,USDCAD,POSITION_CLOSE_ACCEPTED_AWAITING_TRANSACTION,POSITION_CLOSE_BROKER_ACCEPTED,Close request accepted; matching exit deal is not yet confirmed,NO
SOLTRADE_V28_EVENT_V1,2025.04.07 10:05:00,V28_2025_DEVELOPMENT,NATIVE_NORMAL_EXECUTION,USDCHF,USDCHF,POSITION_CLOSE_ACCEPTED_AWAITING_TRANSACTION,POSITION_CLOSE_BROKER_ACCEPTED,Close request accepted; matching exit deal is not yet confirmed,NO
SOLTRADE_V28_EVENT_V1,2025.04.07 10:05:00,V28_2025_DEVELOPMENT,NATIVE_NORMAL_EXECUTION,USDJPY,USDJPY,POSITION_CLOSE_ACCEPTED_AWAITING_TRANSACTION,POSITION_CLOSE_BROKER_ACCEPTED,Close request accepted; matching exit deal is not yet confirmed,NO
SOLTRADE_V28_EVENT_V1,2025.04.07 10:05:00,V28_2025_DEVELOPMENT,NATIVE_NORMAL_EXECUTION,EURUSD,EURUSD,POSITION_EXIT_TRANSACTION_CONFIRMED,MATCHING_EXIT_DEAL_CONFIRMED,DOLLAR_FACTOR_REBALANCE,NO
SOLTRADE_V28_EVENT_V1,2025.04.07 10:05:00,V28_2025_DEVELOPMENT,NATIVE_NORMAL_EXECUTION,GBPUSD,GBPUSD,POSITION_EXIT_TRANSACTION_CONFIRMED,MATCHING_EXIT_DEAL_CONFIRMED,DOLLAR_FACTOR_REBALANCE,NO
SOLTRADE_V28_EVENT_V1,2025.04.07 10:05:00,V28_2025_DEVELOPMENT,NATIVE_NORMAL_EXECUTION,NZDUSD,NZDUSD,POSITION_EXIT_TRANSACTION_CONFIRMED,MATCHING_EXIT_DEAL_CONFIRMED,DOLLAR_FACTOR_REBALANCE,NO
SOLTRADE_V28_EVENT_V1,2025.04.07 10:05:00,V28_2025_DEVELOPMENT,NATIVE_NORMAL_EXECUTION,USDCAD,USDCAD,POSITION_EXIT_TRANSACTION_CONFIRMED,MATCHING_EXIT_DEAL_CONFIRMED,DOLLAR_FACTOR_REBALANCE,NO
SOLTRADE_V28_EVENT_V1,2025.04.07 10:05:00,V28_2025_DEVELOPMENT,NATIVE_NORMAL_EXECUTION,USDCHF,USDCHF,POSITION_EXIT_TRANSACTION_CONFIRMED,MATCHING_EXIT_DEAL_CONFIRMED,DOLLAR_FACTOR_REBALANCE,NO
SOLTRADE_V28_EVENT_V1,2025.04.07 10:05:00,V28_2025_DEVELOPMENT,NATIVE_NORMAL_EXECUTION,USDJPY,USDJPY,POSITION_EXIT_TRANSACTION_CONFIRMED,MATCHING_EXIT_DEAL_CONFIRMED,DOLLAR_FACTOR_REBALANCE,NO
SOLTRADE_V28_EVENT_V1,2025.04.07 10:05:01,V28_2025_DEVELOPMENT,NATIVE_NORMAL_EXECUTION,EURUSD,EURUSD,ORDER_REQUEST_ACCEPTED_AWAITING_TRANSACTION,BROKER_REPORTED_FILL_AWAITING_CONFIRMATION,Broker returned DONE; fill remains unconfirmed until a matching trade transaction,NO
SOLTRADE_V28_EVENT_V1,2025.04.07 10:05:01,V28_2025_DEVELOPMENT,NATIVE_NORMAL_EXECUTION,GBPUSD,GBPUSD,ORDER_REQUEST_ACCEPTED_AWAITING_TRANSACTION,BROKER_REPORTED_FILL_AWAITING_CONFIRMATION,Broker returned DONE; fill remains unconfirmed until a matching trade transaction,NO
SOLTRADE_V28_EVENT_V1,2025.04.07 10:05:01,V28_2025_DEVELOPMENT,NATIVE_NORMAL_EXECUTION,AUDUSD,AUDUSD,ORDER_REQUEST_ACCEPTED_AWAITING_TRANSACTION,BROKER_REPORTED_FILL_AWAITING_CONFIRMATION,Broker returned DONE; fill remains unconfirmed until a matching trade transaction,NO
SOLTRADE_V28_EVENT_V1,2025.04.07 10:05:01,V28_2025_DEVELOPMENT,NATIVE_NORMAL_EXECUTION,NZDUSD,NZDUSD,ORDER_REQUEST_ACCEPTED_AWAITING_TRANSACTION,BROKER_REPORTED_FILL_AWAITING_CONFIRMATION,Broker returned DONE; fill remains unconfirmed until a matching trade transaction,NO
SOLTRADE_V28_EVENT_V1,2025.04.07 10:05:01,V28_2025_DEVELOPMENT,NATIVE_NORMAL_EXECUTION,USDCAD,USDCAD,ORDER_REQUEST_ACCEPTED_AWAITING_TRANSACTION,BROKER_REPORTED_FILL_AWAITING_CONFIRMATION,Broker returned DONE; fill remains unconfirmed until a matching trade transaction,NO
SOLTRADE_V28_EVENT_V1,2025.04.07 10:05:01,V28_2025_DEVELOPMENT,NATIVE_NORMAL_EXECUTION,USDCHF,USDCHF,ORDER_REQUEST_ACCEPTED_AWAITING_TRANSACTION,BROKER_REPORTED_FILL_AWAITING_CONFIRMATION,Broker returned DONE; fill remains unconfirmed until a matching trade transaction,NO
SOLTRADE_V28_EVENT_V1,2025.04.07 10:05:01,V28_2025_DEVELOPMENT,NATIVE_NORMAL_EXECUTION,USDJPY,USDJPY,ORDER_REQUEST_ACCEPTED_AWAITING_TRANSACTION,BROKER_REPORTED_FILL_AWAITING_CONFIRMATION,Broker returned DONE; fill remains unconfirmed until a matching trade transaction,NO
SOLTRADE_V28_EVENT_V1,2025.04.07 10:05:01,V28_2025_DEVELOPMENT,NATIVE_NORMAL_EXECUTION,GBPUSD,GBPUSD,ORDER_FILL_CONFIRMED,BROKER_FILL_CONFIRMED,deal=45,NO
SOLTRADE_V28_EVENT_V1,2025.04.07 10:05:01,V28_2025_DEVELOPMENT,NATIVE_NORMAL_EXECUTION,AUDUSD,AUDUSD,ORDER_FILL_CONFIRMED,BROKER_FILL_CONFIRMED,deal=46,NO
SOLTRADE_V28_EVENT_V1,2025.04.07 10:05:01,V28_2025_DEVELOPMENT,NATIVE_NORMAL_EXECUTION,NZDUSD,NZDUSD,ORDER_FILL_CONFIRMED,BROKER_FILL_CONFIRMED,deal=47,NO
SOLTRADE_V28_EVENT_V1,2025.04.07 10:05:01,V28_2025_DEVELOPMENT,NATIVE_NORMAL_EXECUTION,USDCAD,USDCAD,ORDER_FILL_CONFIRMED,BROKER_FILL_CONFIRMED,deal=48,NO
SOLTRADE_V28_EVENT_V1,2025.04.07 10:05:01,V28_2025_DEVELOPMENT,NATIVE_NORMAL_EXECUTION,USDCHF,USDCHF,ORDER_FILL_CONFIRMED,BROKER_FILL_CONFIRMED,deal=49,NO
SOLTRADE_V28_EVENT_V1,2025.04.07 10:05:01,V28_2025_DEVELOPMENT,NATIVE_NORMAL_EXECUTION,USDJPY,USDJPY,ORDER_FILL_CONFIRMED,BROKER_FILL_CONFIRMED,deal=50,NO
SOLTRADE_V28_EVENT_V1,2025.05.05 10:05:00,V28_2025_DEVELOPMENT,NATIVE_NORMAL_EXECUTION,EURUSD,EURUSD,POSITION_CLOSE_ACCEPTED_AWAITING_TRANSACTION,POSITION_CLOSE_BROKER_ACCEPTED,Close request accepted; matching exit deal is not yet confirmed,NO
SOLTRADE_V28_EVENT_V1,2025.05.05 10:05:00,V28_2025_DEVELOPMENT,NATIVE_NORMAL_EXECUTION,GBPUSD,GBPUSD,POSITION_CLOSE_ACCEPTED_AWAITING_TRANSACTION,POSITION_CLOSE_BROKER_ACCEPTED,Close request accepted; matching exit deal is not yet confirmed,NO
SOLTRADE_V28_EVENT_V1,2025.05.05 10:05:00,V28_2025_DEVELOPMENT,NATIVE_NORMAL_EXECUTION,AUDUSD,AUDUSD,POSITION_CLOSE_ACCEPTED_AWAITING_TRANSACTION,POSITION_CLOSE_BROKER_ACCEPTED,Close request accepted; matching exit deal is not yet confirmed,NO
SOLTRADE_V28_EVENT_V1,2025.05.05 10:05:00,V28_2025_DEVELOPMENT,NATIVE_NORMAL_EXECUTION,NZDUSD,NZDUSD,POSITION_CLOSE_ACCEPTED_AWAITING_TRANSACTION,POSITION_CLOSE_BROKER_ACCEPTED,Close request accepted; matching exit deal is not yet confirmed,NO
SOLTRADE_V28_EVENT_V1,2025.05.05 10:05:00,V28_2025_DEVELOPMENT,NATIVE_NORMAL_EXECUTION,USDCAD,USDCAD,POSITION_CLOSE_ACCEPTED_AWAITING_TRANSACTION,POSITION_CLOSE_BROKER_ACCEPTED,Close request accepted; matching exit deal is not yet confirmed,NO
SOLTRADE_V28_EVENT_V1,2025.05.05 10:05:00,V28_2025_DEVELOPMENT,NATIVE_NORMAL_EXECUTION,USDCHF,USDCHF,POSITION_CLOSE_ACCEPTED_AWAITING_TRANSACTION,POSITION_CLOSE_BROKER_ACCEPTED,Close request accepted; matching exit deal is not yet confirmed,NO
SOLTRADE_V28_EVENT_V1,2025.05.05 10:05:00,V28_2025_DEVELOPMENT,NATIVE_NORMAL_EXECUTION,USDJPY,USDJPY,POSITION_CLOSE_ACCEPTED_AWAITING_TRANSACTION,POSITION_CLOSE_BROKER_ACCEPTED,Close request accepted; matching exit deal is not yet confirmed,NO
SOLTRADE_V28_EVENT_V1,2025.05.05 10:05:00,V28_2025_DEVELOPMENT,NATIVE_NORMAL_EXECUTION,EURUSD,EURUSD,POSITION_EXIT_TRANSACTION_CONFIRMED,MATCHING_EXIT_DEAL_CONFIRMED,DOLLAR_FACTOR_REBALANCE,NO
SOLTRADE_V28_EVENT_V1,2025.05.05 10:05:00,V28_2025_DEVELOPMENT,NATIVE_NORMAL_EXECUTION,GBPUSD,GBPUSD,POSITION_EXIT_TRANSACTION_CONFIRMED,MATCHING_EXIT_DEAL_CONFIRMED,DOLLAR_FACTOR_REBALANCE,NO
SOLTRADE_V28_EVENT_V1,2025.05.05 10:05:00,V28_2025_DEVELOPMENT,NATIVE_NORMAL_EXECUTION,AUDUSD,AUDUSD,POSITION_EXIT_TRANSACTION_CONFIRMED,MATCHING_EXIT_DEAL_CONFIRMED,DOLLAR_FACTOR_REBALANCE,NO
SOLTRADE_V28_EVENT_V1,2025.05.05 10:05:00,V28_2025_DEVELOPMENT,NATIVE_NORMAL_EXECUTION,NZDUSD,NZDUSD,POSITION_EXIT_TRANSACTION_CONFIRMED,MATCHING_EXIT_DEAL_CONFIRMED,DOLLAR_FACTOR_REBALANCE,NO
SOLTRADE_V28_EVENT_V1,2025.05.05 10:05:00,V28_2025_DEVELOPMENT,NATIVE_NORMAL_EXECUTION,USDCAD,USDCAD,POSITION_EXIT_TRANSACTION_CONFIRMED,MATCHING_EXIT_DEAL_CONFIRMED,DOLLAR_FACTOR_REBALANCE,NO
SOLTRADE_V28_EVENT_V1,2025.05.05 10:05:00,V28_2025_DEVELOPMENT,NATIVE_NORMAL_EXECUTION,USDCHF,USDCHF,POSITION_EXIT_TRANSACTION_CONFIRMED,MATCHING_EXIT_DEAL_CONFIRMED,DOLLAR_FACTOR_REBALANCE,NO
SOLTRADE_V28_EVENT_V1,2025.05.05 10:05:00,V28_2025_DEVELOPMENT,NATIVE_NORMAL_EXECUTION,USDJPY,USDJPY,POSITION_EXIT_TRANSACTION_CONFIRMED,MATCHING_EXIT_DEAL_CONFIRMED,DOLLAR_FACTOR_REBALANCE,NO
SOLTRADE_V28_EVENT_V1,2025.05.05 10:05:01,V28_2025_DEVELOPMENT,NATIVE_NORMAL_EXECUTION,EURUSD,EURUSD,ORDER_REQUEST_ACCEPTED_AWAITING_TRANSACTION,BROKER_REPORTED_FILL_AWAITING_CONFIRMATION,Broker returned DONE; fill remains unconfirmed until a matching trade transaction,NO
SOLTRADE_V28_EVENT_V1,2025.05.05 10:05:01,V28_2025_DEVELOPMENT,NATIVE_NORMAL_EXECUTION,GBPUSD,GBPUSD,ORDER_REQUEST_ACCEPTED_AWAITING_TRANSACTION,BROKER_REPORTED_FILL_AWAITING_CONFIRMATION,Broker returned DONE; fill remains unconfirmed until a matching trade transaction,NO
SOLTRADE_V28_EVENT_V1,2025.05.05 10:05:01,V28_2025_DEVELOPMENT,NATIVE_NORMAL_EXECUTION,AUDUSD,AUDUSD,ORDER_REQUEST_ACCEPTED_AWAITING_TRANSACTION,BROKER_REPORTED_FILL_AWAITING_CONFIRMATION,Broker returned DONE; fill remains unconfirmed until a matching trade transaction,NO
SOLTRADE_V28_EVENT_V1,2025.05.05 10:05:01,V28_2025_DEVELOPMENT,NATIVE_NORMAL_EXECUTION,NZDUSD,NZDUSD,ORDER_REQUEST_ACCEPTED_AWAITING_TRANSACTION,BROKER_REPORTED_FILL_AWAITING_CONFIRMATION,Broker returned DONE; fill remains unconfirmed until a matching trade transaction,NO
SOLTRADE_V28_EVENT_V1,2025.05.05 10:05:01,V28_2025_DEVELOPMENT,NATIVE_NORMAL_EXECUTION,USDCAD,USDCAD,ORDER_REQUEST_ACCEPTED_AWAITING_TRANSACTION,BROKER_REPORTED_FILL_AWAITING_CONFIRMATION,Broker returned DONE; fill remains unconfirmed until a matching trade transaction,NO
SOLTRADE_V28_EVENT_V1,2025.05.05 10:05:01,V28_2025_DEVELOPMENT,NATIVE_NORMAL_EXECUTION,USDCHF,USDCHF,ORDER_REQUEST_ACCEPTED_AWAITING_TRANSACTION,BROKER_REPORTED_FILL_AWAITING_CONFIRMATION,Broker returned DONE; fill remains unconfirmed until a matching trade transaction,NO
SOLTRADE_V28_EVENT_V1,2025.05.05 10:05:01,V28_2025_DEVELOPMENT,NATIVE_NORMAL_EXECUTION,USDJPY,USDJPY,ORDER_REQUEST_ACCEPTED_AWAITING_TRANSACTION,BROKER_REPORTED_FILL_AWAITING_CONFIRMATION,Broker returned DONE; fill remains unconfirmed until a matching trade transaction,NO
SOLTRADE_V28_EVENT_V1,2025.05.05 10:05:01,V28_2025_DEVELOPMENT,NATIVE_NORMAL_EXECUTION,GBPUSD,GBPUSD,ORDER_FILL_CONFIRMED,BROKER_FILL_CONFIRMED,deal=59,NO
SOLTRADE_V28_EVENT_V1,2025.05.05 10:05:01,V28_2025_DEVELOPMENT,NATIVE_NORMAL_EXECUTION,AUDUSD,AUDUSD,ORDER_FILL_CONFIRMED,BROKER_FILL_CONFIRMED,deal=60,NO
SOLTRADE_V28_EVENT_V1,2025.05.05 10:05:01,V28_2025_DEVELOPMENT,NATIVE_NORMAL_EXECUTION,NZDUSD,NZDUSD,ORDER_FILL_CONFIRMED,BROKER_FILL_CONFIRMED,deal=61,NO
SOLTRADE_V28_EVENT_V1,2025.05.05 10:05:01,V28_2025_DEVELOPMENT,NATIVE_NORMAL_EXECUTION,USDCAD,USDCAD,ORDER_FILL_CONFIRMED,BROKER_FILL_CONFIRMED,deal=62,NO
SOLTRADE_V28_EVENT_V1,2025.05.05 10:05:01,V28_2025_DEVELOPMENT,NATIVE_NORMAL_EXECUTION,USDCHF,USDCHF,ORDER_FILL_CONFIRMED,BROKER_FILL_CONFIRMED,deal=63,NO
SOLTRADE_V28_EVENT_V1,2025.05.05 10:05:01,V28_2025_DEVELOPMENT,NATIVE_NORMAL_EXECUTION,USDJPY,USDJPY,ORDER_FILL_CONFIRMED,BROKER_FILL_CONFIRMED,deal=64,NO
SOLTRADE_V28_EVENT_V1,2025.06.02 10:05:00,V28_2025_DEVELOPMENT,NATIVE_NORMAL_EXECUTION,EURUSD,EURUSD,POSITION_CLOSE_ACCEPTED_AWAITING_TRANSACTION,POSITION_CLOSE_BROKER_ACCEPTED,Close request accepted; matching exit deal is not yet confirmed,NO
SOLTRADE_V28_EVENT_V1,2025.06.02 10:05:00,V28_2025_DEVELOPMENT,NATIVE_NORMAL_EXECUTION,GBPUSD,GBPUSD,POSITION_CLOSE_ACCEPTED_AWAITING_TRANSACTION,POSITION_CLOSE_BROKER_ACCEPTED,Close request accepted; matching exit deal is not yet confirmed,NO
SOLTRADE_V28_EVENT_V1,2025.06.02 10:05:00,V28_2025_DEVELOPMENT,NATIVE_NORMAL_EXECUTION,AUDUSD,AUDUSD,POSITION_CLOSE_ACCEPTED_AWAITING_TRANSACTION,POSITION_CLOSE_BROKER_ACCEPTED,Close request accepted; matching exit deal is not yet confirmed,NO
SOLTRADE_V28_EVENT_V1,2025.06.02 10:05:00,V28_2025_DEVELOPMENT,NATIVE_NORMAL_EXECUTION,NZDUSD,NZDUSD,POSITION_CLOSE_ACCEPTED_AWAITING_TRANSACTION,POSITION_CLOSE_BROKER_ACCEPTED,Close request accepted; matching exit deal is not yet confirmed,NO
SOLTRADE_V28_EVENT_V1,2025.06.02 10:05:00,V28_2025_DEVELOPMENT,NATIVE_NORMAL_EXECUTION,USDCAD,USDCAD,POSITION_CLOSE_ACCEPTED_AWAITING_TRANSACTION,POSITION_CLOSE_BROKER_ACCEPTED,Close request accepted; matching exit deal is not yet confirmed,NO
SOLTRADE_V28_EVENT_V1,2025.06.02 10:05:00,V28_2025_DEVELOPMENT,NATIVE_NORMAL_EXECUTION,USDCHF,USDCHF,POSITION_CLOSE_ACCEPTED_AWAITING_TRANSACTION,POSITION_CLOSE_BROKER_ACCEPTED,Close request accepted; matching exit deal is not yet confirmed,NO
SOLTRADE_V28_EVENT_V1,2025.06.02 10:05:00,V28_2025_DEVELOPMENT,NATIVE_NORMAL_EXECUTION,USDJPY,USDJPY,POSITION_CLOSE_ACCEPTED_AWAITING_TRANSACTION,POSITION_CLOSE_BROKER_ACCEPTED,Close request accepted; matching exit deal is not yet confirmed,NO
SOLTRADE_V28_EVENT_V1,2025.06.02 10:05:00,V28_2025_DEVELOPMENT,NATIVE_NORMAL_EXECUTION,EURUSD,EURUSD,POSITION_EXIT_TRANSACTION_CONFIRMED,MATCHING_EXIT_DEAL_CONFIRMED,DOLLAR_FACTOR_REBALANCE,NO
SOLTRADE_V28_EVENT_V1,2025.06.02 10:05:00,V28_2025_DEVELOPMENT,NATIVE_NORMAL_EXECUTION,GBPUSD,GBPUSD,POSITION_EXIT_TRANSACTION_CONFIRMED,MATCHING_EXIT_DEAL_CONFIRMED,DOLLAR_FACTOR_REBALANCE,NO
SOLTRADE_V28_EVENT_V1,2025.06.02 10:05:00,V28_2025_DEVELOPMENT,NATIVE_NORMAL_EXECUTION,AUDUSD,AUDUSD,POSITION_EXIT_TRANSACTION_CONFIRMED,MATCHING_EXIT_DEAL_CONFIRMED,DOLLAR_FACTOR_REBALANCE,NO
SOLTRADE_V28_EVENT_V1,2025.06.02 10:05:00,V28_2025_DEVELOPMENT,NATIVE_NORMAL_EXECUTION,NZDUSD,NZDUSD,POSITION_EXIT_TRANSACTION_CONFIRMED,MATCHING_EXIT_DEAL_CONFIRMED,DOLLAR_FACTOR_REBALANCE,NO
SOLTRADE_V28_EVENT_V1,2025.06.02 10:05:00,V28_2025_DEVELOPMENT,NATIVE_NORMAL_EXECUTION,USDCAD,USDCAD,POSITION_EXIT_TRANSACTION_CONFIRMED,MATCHING_EXIT_DEAL_CONFIRMED,DOLLAR_FACTOR_REBALANCE,NO
SOLTRADE_V28_EVENT_V1,2025.06.02 10:05:00,V28_2025_DEVELOPMENT,NATIVE_NORMAL_EXECUTION,USDCHF,USDCHF,POSITION_EXIT_TRANSACTION_CONFIRMED,MATCHING_EXIT_DEAL_CONFIRMED,DOLLAR_FACTOR_REBALANCE,NO
SOLTRADE_V28_EVENT_V1,2025.06.02 10:05:00,V28_2025_DEVELOPMENT,NATIVE_NORMAL_EXECUTION,USDJPY,USDJPY,POSITION_EXIT_TRANSACTION_CONFIRMED,MATCHING_EXIT_DEAL_CONFIRMED,DOLLAR_FACTOR_REBALANCE,NO
SOLTRADE_V28_EVENT_V1,2025.06.02 10:05:01,V28_2025_DEVELOPMENT,NATIVE_NORMAL_EXECUTION,EURUSD,EURUSD,ORDER_REQUEST_ACCEPTED_AWAITING_TRANSACTION,BROKER_REPORTED_FILL_AWAITING_CONFIRMATION,Broker returned DONE; fill remains unconfirmed until a matching trade transaction,NO
SOLTRADE_V28_EVENT_V1,2025.06.02 10:05:01,V28_2025_DEVELOPMENT,NATIVE_NORMAL_EXECUTION,GBPUSD,GBPUSD,ORDER_REQUEST_ACCEPTED_AWAITING_TRANSACTION,BROKER_REPORTED_FILL_AWAITING_CONFIRMATION,Broker returned DONE; fill remains unconfirmed until a matching trade transaction,NO
SOLTRADE_V28_EVENT_V1,2025.06.02 10:05:01,V28_2025_DEVELOPMENT,NATIVE_NORMAL_EXECUTION,AUDUSD,AUDUSD,ORDER_REQUEST_ACCEPTED_AWAITING_TRANSACTION,BROKER_REPORTED_FILL_AWAITING_CONFIRMATION,Broker returned DONE; fill remains unconfirmed until a matching trade transaction,NO
SOLTRADE_V28_EVENT_V1,2025.06.02 10:05:01,V28_2025_DEVELOPMENT,NATIVE_NORMAL_EXECUTION,NZDUSD,NZDUSD,ORDER_REQUEST_ACCEPTED_AWAITING_TRANSACTION,BROKER_REPORTED_FILL_AWAITING_CONFIRMATION,Broker returned DONE; fill remains unconfirmed until a matching trade transaction,NO
SOLTRADE_V28_EVENT_V1,2025.06.02 10:05:01,V28_2025_DEVELOPMENT,NATIVE_NORMAL_EXECUTION,USDCAD,USDCAD,ORDER_REQUEST_ACCEPTED_AWAITING_TRANSACTION,BROKER_REPORTED_FILL_AWAITING_CONFIRMATION,Broker returned DONE; fill remains unconfirmed until a matching trade transaction,NO
SOLTRADE_V28_EVENT_V1,2025.06.02 10:05:01,V28_2025_DEVELOPMENT,NATIVE_NORMAL_EXECUTION,USDCHF,USDCHF,ORDER_REQUEST_ACCEPTED_AWAITING_TRANSACTION,BROKER_REPORTED_FILL_AWAITING_CONFIRMATION,Broker returned DONE; fill remains unconfirmed until a matching trade transaction,NO
SOLTRADE_V28_EVENT_V1,2025.06.02 10:05:01,V28_2025_DEVELOPMENT,NATIVE_NORMAL_EXECUTION,USDJPY,USDJPY,ORDER_REQUEST_ACCEPTED_AWAITING_TRANSACTION,BROKER_REPORTED_FILL_AWAITING_CONFIRMATION,Broker returned DONE; fill remains unconfirmed until a matching trade transaction,NO
SOLTRADE_V28_EVENT_V1,2025.06.02 10:05:01,V28_2025_DEVELOPMENT,NATIVE_NORMAL_EXECUTION,GBPUSD,GBPUSD,ORDER_FILL_CONFIRMED,BROKER_FILL_CONFIRMED,deal=73,NO
SOLTRADE_V28_EVENT_V1,2025.06.02 10:05:01,V28_2025_DEVELOPMENT,NATIVE_NORMAL_EXECUTION,AUDUSD,AUDUSD,ORDER_FILL_CONFIRMED,BROKER_FILL_CONFIRMED,deal=74,NO
SOLTRADE_V28_EVENT_V1,2025.06.02 10:05:01,V28_2025_DEVELOPMENT,NATIVE_NORMAL_EXECUTION,NZDUSD,NZDUSD,ORDER_FILL_CONFIRMED,BROKER_FILL_CONFIRMED,deal=75,NO
SOLTRADE_V28_EVENT_V1,2025.06.02 10:05:01,V28_2025_DEVELOPMENT,NATIVE_NORMAL_EXECUTION,USDCAD,USDCAD,ORDER_FILL_CONFIRMED,BROKER_FILL_CONFIRMED,deal=76,NO
SOLTRADE_V28_EVENT_V1,2025.06.02 10:05:01,V28_2025_DEVELOPMENT,NATIVE_NORMAL_EXECUTION,USDCHF,USDCHF,ORDER_FILL_CONFIRMED,BROKER_FILL_CONFIRMED,deal=77,NO
SOLTRADE_V28_EVENT_V1,2025.06.02 10:05:01,V28_2025_DEVELOPMENT,NATIVE_NORMAL_EXECUTION,USDJPY,USDJPY,ORDER_FILL_CONFIRMED,BROKER_FILL_CONFIRMED,deal=78,NO
SOLTRADE_V28_EVENT_V1,2025.07.07 10:05:00,V28_2025_DEVELOPMENT,NATIVE_NORMAL_EXECUTION,EURUSD,EURUSD,POSITION_CLOSE_ACCEPTED_AWAITING_TRANSACTION,POSITION_CLOSE_BROKER_ACCEPTED,Close request accepted; matching exit deal is not yet confirmed,NO
SOLTRADE_V28_EVENT_V1,2025.07.07 10:05:00,V28_2025_DEVELOPMENT,NATIVE_NORMAL_EXECUTION,GBPUSD,GBPUSD,POSITION_CLOSE_ACCEPTED_AWAITING_TRANSACTION,POSITION_CLOSE_BROKER_ACCEPTED,Close request accepted; matching exit deal is not yet confirmed,NO
SOLTRADE_V28_EVENT_V1,2025.07.07 10:05:00,V28_2025_DEVELOPMENT,NATIVE_NORMAL_EXECUTION,AUDUSD,AUDUSD,POSITION_CLOSE_ACCEPTED_AWAITING_TRANSACTION,POSITION_CLOSE_BROKER_ACCEPTED,Close request accepted; matching exit deal is not yet confirmed,NO
SOLTRADE_V28_EVENT_V1,2025.07.07 10:05:00,V28_2025_DEVELOPMENT,NATIVE_NORMAL_EXECUTION,NZDUSD,NZDUSD,POSITION_CLOSE_ACCEPTED_AWAITING_TRANSACTION,POSITION_CLOSE_BROKER_ACCEPTED,Close request accepted; matching exit deal is not yet confirmed,NO
SOLTRADE_V28_EVENT_V1,2025.07.07 10:05:00,V28_2025_DEVELOPMENT,NATIVE_NORMAL_EXECUTION,USDCAD,USDCAD,POSITION_CLOSE_ACCEPTED_AWAITING_TRANSACTION,POSITION_CLOSE_BROKER_ACCEPTED,Close request accepted; matching exit deal is not yet confirmed,NO
SOLTRADE_V28_EVENT_V1,2025.07.07 10:05:00,V28_2025_DEVELOPMENT,NATIVE_NORMAL_EXECUTION,USDCHF,USDCHF,POSITION_CLOSE_ACCEPTED_AWAITING_TRANSACTION,POSITION_CLOSE_BROKER_ACCEPTED,Close request accepted; matching exit deal is not yet confirmed,NO
SOLTRADE_V28_EVENT_V1,2025.07.07 10:05:00,V28_2025_DEVELOPMENT,NATIVE_NORMAL_EXECUTION,EURUSD,EURUSD,POSITION_EXIT_TRANSACTION_CONFIRMED,MATCHING_EXIT_DEAL_CONFIRMED,DOLLAR_FACTOR_REBALANCE,NO
SOLTRADE_V28_EVENT_V1,2025.07.07 10:05:00,V28_2025_DEVELOPMENT,NATIVE_NORMAL_EXECUTION,GBPUSD,GBPUSD,POSITION_EXIT_TRANSACTION_CONFIRMED,MATCHING_EXIT_DEAL_CONFIRMED,DOLLAR_FACTOR_REBALANCE,NO
SOLTRADE_V28_EVENT_V1,2025.07.07 10:05:00,V28_2025_DEVELOPMENT,NATIVE_NORMAL_EXECUTION,AUDUSD,AUDUSD,POSITION_EXIT_TRANSACTION_CONFIRMED,MATCHING_EXIT_DEAL_CONFIRMED,DOLLAR_FACTOR_REBALANCE,NO
SOLTRADE_V28_EVENT_V1,2025.07.07 10:05:00,V28_2025_DEVELOPMENT,NATIVE_NORMAL_EXECUTION,NZDUSD,NZDUSD,POSITION_EXIT_TRANSACTION_CONFIRMED,MATCHING_EXIT_DEAL_CONFIRMED,DOLLAR_FACTOR_REBALANCE,NO
SOLTRADE_V28_EVENT_V1,2025.07.07 10:05:00,V28_2025_DEVELOPMENT,NATIVE_NORMAL_EXECUTION,USDCAD,USDCAD,POSITION_EXIT_TRANSACTION_CONFIRMED,MATCHING_EXIT_DEAL_CONFIRMED,DOLLAR_FACTOR_REBALANCE,NO
SOLTRADE_V28_EVENT_V1,2025.07.07 10:05:00,V28_2025_DEVELOPMENT,NATIVE_NORMAL_EXECUTION,USDCHF,USDCHF,POSITION_EXIT_TRANSACTION_CONFIRMED,MATCHING_EXIT_DEAL_CONFIRMED,DOLLAR_FACTOR_REBALANCE,NO
SOLTRADE_V28_EVENT_V1,2025.07.07 10:05:01,V28_2025_DEVELOPMENT,NATIVE_NORMAL_EXECUTION,EURUSD,EURUSD,ORDER_REQUEST_ACCEPTED_AWAITING_TRANSACTION,BROKER_REPORTED_FILL_AWAITING_CONFIRMATION,Broker returned DONE; fill remains unconfirmed until a matching trade transaction,NO
SOLTRADE_V28_EVENT_V1,2025.07.07 10:05:01,V28_2025_DEVELOPMENT,NATIVE_NORMAL_EXECUTION,GBPUSD,GBPUSD,ORDER_REQUEST_ACCEPTED_AWAITING_TRANSACTION,BROKER_REPORTED_FILL_AWAITING_CONFIRMATION,Broker returned DONE; fill remains unconfirmed until a matching trade transaction,NO
SOLTRADE_V28_EVENT_V1,2025.07.07 10:05:01,V28_2025_DEVELOPMENT,NATIVE_NORMAL_EXECUTION,AUDUSD,AUDUSD,ORDER_REQUEST_ACCEPTED_AWAITING_TRANSACTION,BROKER_REPORTED_FILL_AWAITING_CONFIRMATION,Broker returned DONE; fill remains unconfirmed until a matching trade transaction,NO
SOLTRADE_V28_EVENT_V1,2025.07.07 10:05:01,V28_2025_DEVELOPMENT,NATIVE_NORMAL_EXECUTION,NZDUSD,NZDUSD,ORDER_REQUEST_ACCEPTED_AWAITING_TRANSACTION,BROKER_REPORTED_FILL_AWAITING_CONFIRMATION,Broker returned DONE; fill remains unconfirmed until a matching trade transaction,NO
SOLTRADE_V28_EVENT_V1,2025.07.07 10:05:01,V28_2025_DEVELOPMENT,NATIVE_NORMAL_EXECUTION,USDCAD,USDCAD,ORDER_REQUEST_ACCEPTED_AWAITING_TRANSACTION,BROKER_REPORTED_FILL_AWAITING_CONFIRMATION,Broker returned DONE; fill remains unconfirmed until a matching trade transaction,NO
SOLTRADE_V28_EVENT_V1,2025.07.07 10:05:01,V28_2025_DEVELOPMENT,NATIVE_NORMAL_EXECUTION,USDCHF,USDCHF,ORDER_REQUEST_ACCEPTED_AWAITING_TRANSACTION,BROKER_REPORTED_FILL_AWAITING_CONFIRMATION,Broker returned DONE; fill remains unconfirmed until a matching trade transaction,NO
SOLTRADE_V28_EVENT_V1,2025.07.07 10:05:01,V28_2025_DEVELOPMENT,NATIVE_NORMAL_EXECUTION,USDJPY,USDJPY,ORDER_REQUEST_ACCEPTED_AWAITING_TRANSACTION,BROKER_REPORTED_FILL_AWAITING_CONFIRMATION,Broker returned DONE; fill remains unconfirmed until a matching trade transaction,NO
SOLTRADE_V28_EVENT_V1,2025.07.07 10:05:01,V28_2025_DEVELOPMENT,NATIVE_NORMAL_EXECUTION,GBPUSD,GBPUSD,ORDER_FILL_CONFIRMED,BROKER_FILL_CONFIRMED,deal=87,NO
SOLTRADE_V28_EVENT_V1,2025.07.07 10:05:01,V28_2025_DEVELOPMENT,NATIVE_NORMAL_EXECUTION,AUDUSD,AUDUSD,ORDER_FILL_CONFIRMED,BROKER_FILL_CONFIRMED,deal=88,NO
SOLTRADE_V28_EVENT_V1,2025.07.07 10:05:01,V28_2025_DEVELOPMENT,NATIVE_NORMAL_EXECUTION,NZDUSD,NZDUSD,ORDER_FILL_CONFIRMED,BROKER_FILL_CONFIRMED,deal=89,NO
SOLTRADE_V28_EVENT_V1,2025.07.07 10:05:01,V28_2025_DEVELOPMENT,NATIVE_NORMAL_EXECUTION,USDCAD,USDCAD,ORDER_FILL_CONFIRMED,BROKER_FILL_CONFIRMED,deal=90,NO
SOLTRADE_V28_EVENT_V1,2025.07.07 10:05:01,V28_2025_DEVELOPMENT,NATIVE_NORMAL_EXECUTION,USDCHF,USDCHF,ORDER_FILL_CONFIRMED,BROKER_FILL_CONFIRMED,deal=91,NO
SOLTRADE_V28_EVENT_V1,2025.07.07 10:05:01,V28_2025_DEVELOPMENT,NATIVE_NORMAL_EXECUTION,USDJPY,USDJPY,ORDER_FILL_CONFIRMED,BROKER_FILL_CONFIRMED,deal=92,NO
SOLTRADE_V28_EVENT_V1,2025.08.04 10:05:00,V28_2025_DEVELOPMENT,NATIVE_NORMAL_EXECUTION,AUDUSD,AUDUSD,POSITION_CLOSE_ACCEPTED_AWAITING_TRANSACTION,POSITION_CLOSE_BROKER_ACCEPTED,Close request accepted; matching exit deal is not yet confirmed,NO
SOLTRADE_V28_EVENT_V1,2025.08.04 10:05:00,V28_2025_DEVELOPMENT,NATIVE_NORMAL_EXECUTION,NZDUSD,NZDUSD,POSITION_CLOSE_ACCEPTED_AWAITING_TRANSACTION,POSITION_CLOSE_BROKER_ACCEPTED,Close request accepted; matching exit deal is not yet confirmed,NO
SOLTRADE_V28_EVENT_V1,2025.08.04 10:05:00,V28_2025_DEVELOPMENT,NATIVE_NORMAL_EXECUTION,USDCAD,USDCAD,POSITION_CLOSE_ACCEPTED_AWAITING_TRANSACTION,POSITION_CLOSE_BROKER_ACCEPTED,Close request accepted; matching exit deal is not yet confirmed,NO
SOLTRADE_V28_EVENT_V1,2025.08.04 10:05:00,V28_2025_DEVELOPMENT,NATIVE_NORMAL_EXECUTION,AUDUSD,AUDUSD,POSITION_EXIT_TRANSACTION_CONFIRMED,MATCHING_EXIT_DEAL_CONFIRMED,DOLLAR_FACTOR_REBALANCE,NO
SOLTRADE_V28_EVENT_V1,2025.08.04 10:05:00,V28_2025_DEVELOPMENT,NATIVE_NORMAL_EXECUTION,NZDUSD,NZDUSD,POSITION_EXIT_TRANSACTION_CONFIRMED,MATCHING_EXIT_DEAL_CONFIRMED,DOLLAR_FACTOR_REBALANCE,NO
SOLTRADE_V28_EVENT_V1,2025.08.04 10:05:00,V28_2025_DEVELOPMENT,NATIVE_NORMAL_EXECUTION,USDCAD,USDCAD,POSITION_EXIT_TRANSACTION_CONFIRMED,MATCHING_EXIT_DEAL_CONFIRMED,DOLLAR_FACTOR_REBALANCE,NO
SOLTRADE_V28_EVENT_V1,2025.08.04 10:05:01,V28_2025_DEVELOPMENT,NATIVE_NORMAL_EXECUTION,EURUSD,EURUSD,EXECUTION_REJECTED,RISK_ENGINE_LOCKED,Consecutive-loss pause active until next broker day,NO
SOLTRADE_V28_EVENT_V1,2025.08.04 10:05:01,V28_2025_DEVELOPMENT,NATIVE_NORMAL_EXECUTION,GBPUSD,GBPUSD,EXECUTION_REJECTED,RISK_ENGINE_LOCKED,Consecutive-loss pause active until next broker day,NO
SOLTRADE_V28_EVENT_V1,2025.08.04 10:05:01,V28_2025_DEVELOPMENT,NATIVE_NORMAL_EXECUTION,AUDUSD,AUDUSD,EXECUTION_REJECTED,RISK_ENGINE_LOCKED,Consecutive-loss pause active until next broker day,NO
SOLTRADE_V28_EVENT_V1,2025.08.04 10:05:01,V28_2025_DEVELOPMENT,NATIVE_NORMAL_EXECUTION,NZDUSD,NZDUSD,EXECUTION_REJECTED,RISK_ENGINE_LOCKED,Consecutive-loss pause active until next broker day,NO
SOLTRADE_V28_EVENT_V1,2025.08.04 10:05:01,V28_2025_DEVELOPMENT,NATIVE_NORMAL_EXECUTION,USDCAD,USDCAD,EXECUTION_REJECTED,RISK_ENGINE_LOCKED,Consecutive-loss pause active until next broker day,NO
SOLTRADE_V28_EVENT_V1,2025.08.04 10:05:01,V28_2025_DEVELOPMENT,NATIVE_NORMAL_EXECUTION,USDCHF,USDCHF,EXECUTION_REJECTED,RISK_ENGINE_LOCKED,Consecutive-loss pause active until next broker day,NO
SOLTRADE_V28_EVENT_V1,2025.08.04 10:05:01,V28_2025_DEVELOPMENT,NATIVE_NORMAL_EXECUTION,USDJPY,USDJPY,EXECUTION_REJECTED,RISK_ENGINE_LOCKED,Consecutive-loss pause active until next broker day,NO
SOLTRADE_V28_EVENT_V1,2025.09.01 10:05:00,V28_2025_DEVELOPMENT,NATIVE_NORMAL_EXECUTION,EURUSD,EURUSD,ORDER_REQUEST_ACCEPTED_AWAITING_TRANSACTION,BROKER_REPORTED_FILL_AWAITING_CONFIRMATION,Broker returned DONE; fill remains unconfirmed until a matching trade transaction,NO
SOLTRADE_V28_EVENT_V1,2025.09.01 10:05:00,V28_2025_DEVELOPMENT,NATIVE_NORMAL_EXECUTION,GBPUSD,GBPUSD,ORDER_REQUEST_ACCEPTED_AWAITING_TRANSACTION,BROKER_REPORTED_FILL_AWAITING_CONFIRMATION,Broker returned DONE; fill remains unconfirmed until a matching trade transaction,NO
SOLTRADE_V28_EVENT_V1,2025.09.01 10:05:00,V28_2025_DEVELOPMENT,NATIVE_NORMAL_EXECUTION,AUDUSD,AUDUSD,ORDER_REQUEST_ACCEPTED_AWAITING_TRANSACTION,BROKER_REPORTED_FILL_AWAITING_CONFIRMATION,Broker returned DONE; fill remains unconfirmed until a matching trade transaction,NO
SOLTRADE_V28_EVENT_V1,2025.09.01 10:05:00,V28_2025_DEVELOPMENT,NATIVE_NORMAL_EXECUTION,NZDUSD,NZDUSD,ORDER_REQUEST_ACCEPTED_AWAITING_TRANSACTION,BROKER_REPORTED_FILL_AWAITING_CONFIRMATION,Broker returned DONE; fill remains unconfirmed until a matching trade transaction,NO
SOLTRADE_V28_EVENT_V1,2025.09.01 10:05:00,V28_2025_DEVELOPMENT,NATIVE_NORMAL_EXECUTION,USDCAD,USDCAD,ORDER_REQUEST_ACCEPTED_AWAITING_TRANSACTION,BROKER_REPORTED_FILL_AWAITING_CONFIRMATION,Broker returned DONE; fill remains unconfirmed until a matching trade transaction,NO
SOLTRADE_V28_EVENT_V1,2025.09.01 10:05:00,V28_2025_DEVELOPMENT,NATIVE_NORMAL_EXECUTION,USDCHF,USDCHF,ORDER_REQUEST_ACCEPTED_AWAITING_TRANSACTION,BROKER_REPORTED_FILL_AWAITING_CONFIRMATION,Broker returned DONE; fill remains unconfirmed until a matching trade transaction,NO
SOLTRADE_V28_EVENT_V1,2025.09.01 10:05:00,V28_2025_DEVELOPMENT,NATIVE_NORMAL_EXECUTION,USDJPY,USDJPY,ORDER_REQUEST_ACCEPTED_AWAITING_TRANSACTION,BROKER_REPORTED_FILL_AWAITING_CONFIRMATION,Broker returned DONE; fill remains unconfirmed until a matching trade transaction,NO
SOLTRADE_V28_EVENT_V1,2025.09.01 10:05:00,V28_2025_DEVELOPMENT,NATIVE_NORMAL_EXECUTION,GBPUSD,GBPUSD,ORDER_FILL_CONFIRMED,BROKER_FILL_CONFIRMED,deal=101,NO
SOLTRADE_V28_EVENT_V1,2025.09.01 10:05:00,V28_2025_DEVELOPMENT,NATIVE_NORMAL_EXECUTION,AUDUSD,AUDUSD,ORDER_FILL_CONFIRMED,BROKER_FILL_CONFIRMED,deal=102,NO
SOLTRADE_V28_EVENT_V1,2025.09.01 10:05:00,V28_2025_DEVELOPMENT,NATIVE_NORMAL_EXECUTION,NZDUSD,NZDUSD,ORDER_FILL_CONFIRMED,BROKER_FILL_CONFIRMED,deal=103,NO
SOLTRADE_V28_EVENT_V1,2025.09.01 10:05:00,V28_2025_DEVELOPMENT,NATIVE_NORMAL_EXECUTION,USDCAD,USDCAD,ORDER_FILL_CONFIRMED,BROKER_FILL_CONFIRMED,deal=104,NO
SOLTRADE_V28_EVENT_V1,2025.09.01 10:05:00,V28_2025_DEVELOPMENT,NATIVE_NORMAL_EXECUTION,USDCHF,USDCHF,ORDER_FILL_CONFIRMED,BROKER_FILL_CONFIRMED,deal=105,NO
SOLTRADE_V28_EVENT_V1,2025.09.01 10:05:00,V28_2025_DEVELOPMENT,NATIVE_NORMAL_EXECUTION,USDJPY,USDJPY,ORDER_FILL_CONFIRMED,BROKER_FILL_CONFIRMED,deal=106,NO
SOLTRADE_V28_EVENT_V1,2025.10.06 10:05:00,V28_2025_DEVELOPMENT,NATIVE_NORMAL_EXECUTION,EURUSD,EURUSD,POSITION_CLOSE_ACCEPTED_AWAITING_TRANSACTION,POSITION_CLOSE_BROKER_ACCEPTED,Close request accepted; matching exit deal is not yet confirmed,NO
SOLTRADE_V28_EVENT_V1,2025.10.06 10:05:00,V28_2025_DEVELOPMENT,NATIVE_NORMAL_EXECUTION,GBPUSD,GBPUSD,POSITION_CLOSE_ACCEPTED_AWAITING_TRANSACTION,POSITION_CLOSE_BROKER_ACCEPTED,Close request accepted; matching exit deal is not yet confirmed,NO
SOLTRADE_V28_EVENT_V1,2025.10.06 10:05:00,V28_2025_DEVELOPMENT,NATIVE_NORMAL_EXECUTION,AUDUSD,AUDUSD,POSITION_CLOSE_ACCEPTED_AWAITING_TRANSACTION,POSITION_CLOSE_BROKER_ACCEPTED,Close request accepted; matching exit deal is not yet confirmed,NO
SOLTRADE_V28_EVENT_V1,2025.10.06 10:05:00,V28_2025_DEVELOPMENT,NATIVE_NORMAL_EXECUTION,NZDUSD,NZDUSD,POSITION_CLOSE_ACCEPTED_AWAITING_TRANSACTION,POSITION_CLOSE_BROKER_ACCEPTED,Close request accepted; matching exit deal is not yet confirmed,NO
SOLTRADE_V28_EVENT_V1,2025.10.06 10:05:00,V28_2025_DEVELOPMENT,NATIVE_NORMAL_EXECUTION,USDCHF,USDCHF,POSITION_CLOSE_ACCEPTED_AWAITING_TRANSACTION,POSITION_CLOSE_BROKER_ACCEPTED,Close request accepted; matching exit deal is not yet confirmed,NO
SOLTRADE_V28_EVENT_V1,2025.10.06 10:05:00,V28_2025_DEVELOPMENT,NATIVE_NORMAL_EXECUTION,EURUSD,EURUSD,POSITION_EXIT_TRANSACTION_CONFIRMED,MATCHING_EXIT_DEAL_CONFIRMED,DOLLAR_FACTOR_REBALANCE,NO
SOLTRADE_V28_EVENT_V1,2025.10.06 10:05:00,V28_2025_DEVELOPMENT,NATIVE_NORMAL_EXECUTION,GBPUSD,GBPUSD,POSITION_EXIT_TRANSACTION_CONFIRMED,MATCHING_EXIT_DEAL_CONFIRMED,DOLLAR_FACTOR_REBALANCE,NO
SOLTRADE_V28_EVENT_V1,2025.10.06 10:05:00,V28_2025_DEVELOPMENT,NATIVE_NORMAL_EXECUTION,AUDUSD,AUDUSD,POSITION_EXIT_TRANSACTION_CONFIRMED,MATCHING_EXIT_DEAL_CONFIRMED,DOLLAR_FACTOR_REBALANCE,NO
SOLTRADE_V28_EVENT_V1,2025.10.06 10:05:00,V28_2025_DEVELOPMENT,NATIVE_NORMAL_EXECUTION,NZDUSD,NZDUSD,POSITION_EXIT_TRANSACTION_CONFIRMED,MATCHING_EXIT_DEAL_CONFIRMED,DOLLAR_FACTOR_REBALANCE,NO
SOLTRADE_V28_EVENT_V1,2025.10.06 10:05:00,V28_2025_DEVELOPMENT,NATIVE_NORMAL_EXECUTION,USDCHF,USDCHF,POSITION_EXIT_TRANSACTION_CONFIRMED,MATCHING_EXIT_DEAL_CONFIRMED,DOLLAR_FACTOR_REBALANCE,NO
SOLTRADE_V28_EVENT_V1,2025.10.06 10:05:01,V28_2025_DEVELOPMENT,NATIVE_NORMAL_EXECUTION,EURUSD,EURUSD,ORDER_REQUEST_ACCEPTED_AWAITING_TRANSACTION,BROKER_REPORTED_FILL_AWAITING_CONFIRMATION,Broker returned DONE; fill remains unconfirmed until a matching trade transaction,NO
SOLTRADE_V28_EVENT_V1,2025.10.06 10:05:01,V28_2025_DEVELOPMENT,NATIVE_NORMAL_EXECUTION,GBPUSD,GBPUSD,ORDER_REQUEST_ACCEPTED_AWAITING_TRANSACTION,BROKER_REPORTED_FILL_AWAITING_CONFIRMATION,Broker returned DONE; fill remains unconfirmed until a matching trade transaction,NO
SOLTRADE_V28_EVENT_V1,2025.10.06 10:05:01,V28_2025_DEVELOPMENT,NATIVE_NORMAL_EXECUTION,AUDUSD,AUDUSD,ORDER_REQUEST_ACCEPTED_AWAITING_TRANSACTION,BROKER_REPORTED_FILL_AWAITING_CONFIRMATION,Broker returned DONE; fill remains unconfirmed until a matching trade transaction,NO
SOLTRADE_V28_EVENT_V1,2025.10.06 10:05:01,V28_2025_DEVELOPMENT,NATIVE_NORMAL_EXECUTION,NZDUSD,NZDUSD,ORDER_REQUEST_ACCEPTED_AWAITING_TRANSACTION,BROKER_REPORTED_FILL_AWAITING_CONFIRMATION,Broker returned DONE; fill remains unconfirmed until a matching trade transaction,NO
SOLTRADE_V28_EVENT_V1,2025.10.06 10:05:01,V28_2025_DEVELOPMENT,NATIVE_NORMAL_EXECUTION,USDCAD,USDCAD,ORDER_REQUEST_ACCEPTED_AWAITING_TRANSACTION,BROKER_REPORTED_FILL_AWAITING_CONFIRMATION,Broker returned DONE; fill remains unconfirmed until a matching trade transaction,NO
SOLTRADE_V28_EVENT_V1,2025.10.06 10:05:01,V28_2025_DEVELOPMENT,NATIVE_NORMAL_EXECUTION,USDCHF,USDCHF,ORDER_REQUEST_ACCEPTED_AWAITING_TRANSACTION,BROKER_REPORTED_FILL_AWAITING_CONFIRMATION,Broker returned DONE; fill remains unconfirmed until a matching trade transaction,NO
SOLTRADE_V28_EVENT_V1,2025.10.06 10:05:01,V28_2025_DEVELOPMENT,NATIVE_NORMAL_EXECUTION,USDJPY,USDJPY,ORDER_REQUEST_ACCEPTED_AWAITING_TRANSACTION,BROKER_REPORTED_FILL_AWAITING_CONFIRMATION,Broker returned DONE; fill remains unconfirmed until a matching trade transaction,NO
SOLTRADE_V28_EVENT_V1,2025.10.06 10:05:01,V28_2025_DEVELOPMENT,NATIVE_NORMAL_EXECUTION,GBPUSD,GBPUSD,ORDER_FILL_CONFIRMED,BROKER_FILL_CONFIRMED,deal=115,NO
SOLTRADE_V28_EVENT_V1,2025.10.06 10:05:01,V28_2025_DEVELOPMENT,NATIVE_NORMAL_EXECUTION,AUDUSD,AUDUSD,ORDER_FILL_CONFIRMED,BROKER_FILL_CONFIRMED,deal=116,NO
SOLTRADE_V28_EVENT_V1,2025.10.06 10:05:01,V28_2025_DEVELOPMENT,NATIVE_NORMAL_EXECUTION,NZDUSD,NZDUSD,ORDER_FILL_CONFIRMED,BROKER_FILL_CONFIRMED,deal=117,NO
SOLTRADE_V28_EVENT_V1,2025.10.06 10:05:01,V28_2025_DEVELOPMENT,NATIVE_NORMAL_EXECUTION,USDCAD,USDCAD,ORDER_FILL_CONFIRMED,BROKER_FILL_CONFIRMED,deal=118,NO
SOLTRADE_V28_EVENT_V1,2025.10.06 10:05:01,V28_2025_DEVELOPMENT,NATIVE_NORMAL_EXECUTION,USDCHF,USDCHF,ORDER_FILL_CONFIRMED,BROKER_FILL_CONFIRMED,deal=119,NO
SOLTRADE_V28_EVENT_V1,2025.10.06 10:05:01,V28_2025_DEVELOPMENT,NATIVE_NORMAL_EXECUTION,USDJPY,USDJPY,ORDER_FILL_CONFIRMED,BROKER_FILL_CONFIRMED,deal=120,NO
SOLTRADE_V28_EVENT_V1,2025.11.03 10:05:00,V28_2025_DEVELOPMENT,NATIVE_NORMAL_EXECUTION,EURUSD,EURUSD,POSITION_CLOSE_ACCEPTED_AWAITING_TRANSACTION,POSITION_CLOSE_BROKER_ACCEPTED,Close request accepted; matching exit deal is not yet confirmed,NO
SOLTRADE_V28_EVENT_V1,2025.11.03 10:05:00,V28_2025_DEVELOPMENT,NATIVE_NORMAL_EXECUTION,GBPUSD,GBPUSD,POSITION_CLOSE_ACCEPTED_AWAITING_TRANSACTION,POSITION_CLOSE_BROKER_ACCEPTED,Close request accepted; matching exit deal is not yet confirmed,NO
SOLTRADE_V28_EVENT_V1,2025.11.03 10:05:00,V28_2025_DEVELOPMENT,NATIVE_NORMAL_EXECUTION,AUDUSD,AUDUSD,POSITION_CLOSE_ACCEPTED_AWAITING_TRANSACTION,POSITION_CLOSE_BROKER_ACCEPTED,Close request accepted; matching exit deal is not yet confirmed,NO
SOLTRADE_V28_EVENT_V1,2025.11.03 10:05:00,V28_2025_DEVELOPMENT,NATIVE_NORMAL_EXECUTION,NZDUSD,NZDUSD,POSITION_CLOSE_ACCEPTED_AWAITING_TRANSACTION,POSITION_CLOSE_BROKER_ACCEPTED,Close request accepted; matching exit deal is not yet confirmed,NO
SOLTRADE_V28_EVENT_V1,2025.11.03 10:05:00,V28_2025_DEVELOPMENT,NATIVE_NORMAL_EXECUTION,USDCAD,USDCAD,POSITION_CLOSE_ACCEPTED_AWAITING_TRANSACTION,POSITION_CLOSE_BROKER_ACCEPTED,Close request accepted; matching exit deal is not yet confirmed,NO
SOLTRADE_V28_EVENT_V1,2025.11.03 10:05:00,V28_2025_DEVELOPMENT,NATIVE_NORMAL_EXECUTION,USDCHF,USDCHF,POSITION_CLOSE_ACCEPTED_AWAITING_TRANSACTION,POSITION_CLOSE_BROKER_ACCEPTED,Close request accepted; matching exit deal is not yet confirmed,NO
SOLTRADE_V28_EVENT_V1,2025.11.03 10:05:00,V28_2025_DEVELOPMENT,NATIVE_NORMAL_EXECUTION,USDJPY,USDJPY,POSITION_CLOSE_ACCEPTED_AWAITING_TRANSACTION,POSITION_CLOSE_BROKER_ACCEPTED,Close request accepted; matching exit deal is not yet confirmed,NO
SOLTRADE_V28_EVENT_V1,2025.11.03 10:05:00,V28_2025_DEVELOPMENT,NATIVE_NORMAL_EXECUTION,EURUSD,EURUSD,POSITION_EXIT_TRANSACTION_CONFIRMED,MATCHING_EXIT_DEAL_CONFIRMED,DOLLAR_FACTOR_REBALANCE,NO
SOLTRADE_V28_EVENT_V1,2025.11.03 10:05:00,V28_2025_DEVELOPMENT,NATIVE_NORMAL_EXECUTION,GBPUSD,GBPUSD,POSITION_EXIT_TRANSACTION_CONFIRMED,MATCHING_EXIT_DEAL_CONFIRMED,DOLLAR_FACTOR_REBALANCE,NO
SOLTRADE_V28_EVENT_V1,2025.11.03 10:05:00,V28_2025_DEVELOPMENT,NATIVE_NORMAL_EXECUTION,AUDUSD,AUDUSD,POSITION_EXIT_TRANSACTION_CONFIRMED,MATCHING_EXIT_DEAL_CONFIRMED,DOLLAR_FACTOR_REBALANCE,NO
SOLTRADE_V28_EVENT_V1,2025.11.03 10:05:00,V28_2025_DEVELOPMENT,NATIVE_NORMAL_EXECUTION,NZDUSD,NZDUSD,POSITION_EXIT_TRANSACTION_CONFIRMED,MATCHING_EXIT_DEAL_CONFIRMED,DOLLAR_FACTOR_REBALANCE,NO
SOLTRADE_V28_EVENT_V1,2025.11.03 10:05:00,V28_2025_DEVELOPMENT,NATIVE_NORMAL_EXECUTION,USDCAD,USDCAD,POSITION_EXIT_TRANSACTION_CONFIRMED,MATCHING_EXIT_DEAL_CONFIRMED,DOLLAR_FACTOR_REBALANCE,NO
SOLTRADE_V28_EVENT_V1,2025.11.03 10:05:00,V28_2025_DEVELOPMENT,NATIVE_NORMAL_EXECUTION,USDCHF,USDCHF,POSITION_EXIT_TRANSACTION_CONFIRMED,MATCHING_EXIT_DEAL_CONFIRMED,DOLLAR_FACTOR_REBALANCE,NO
SOLTRADE_V28_EVENT_V1,2025.11.03 10:05:00,V28_2025_DEVELOPMENT,NATIVE_NORMAL_EXECUTION,USDJPY,USDJPY,POSITION_EXIT_TRANSACTION_CONFIRMED,MATCHING_EXIT_DEAL_CONFIRMED,DOLLAR_FACTOR_REBALANCE,NO
SOLTRADE_V28_EVENT_V1,2025.11.03 10:05:01,V28_2025_DEVELOPMENT,NATIVE_NORMAL_EXECUTION,EURUSD,EURUSD,ORDER_REQUEST_ACCEPTED_AWAITING_TRANSACTION,BROKER_REPORTED_FILL_AWAITING_CONFIRMATION,Broker returned DONE; fill remains unconfirmed until a matching trade transaction,NO
SOLTRADE_V28_EVENT_V1,2025.11.03 10:05:01,V28_2025_DEVELOPMENT,NATIVE_NORMAL_EXECUTION,GBPUSD,GBPUSD,ORDER_REQUEST_ACCEPTED_AWAITING_TRANSACTION,BROKER_REPORTED_FILL_AWAITING_CONFIRMATION,Broker returned DONE; fill remains unconfirmed until a matching trade transaction,NO
SOLTRADE_V28_EVENT_V1,2025.11.03 10:05:01,V28_2025_DEVELOPMENT,NATIVE_NORMAL_EXECUTION,AUDUSD,AUDUSD,ORDER_REQUEST_ACCEPTED_AWAITING_TRANSACTION,BROKER_REPORTED_FILL_AWAITING_CONFIRMATION,Broker returned DONE; fill remains unconfirmed until a matching trade transaction,NO
SOLTRADE_V28_EVENT_V1,2025.11.03 10:05:01,V28_2025_DEVELOPMENT,NATIVE_NORMAL_EXECUTION,NZDUSD,NZDUSD,ORDER_REQUEST_ACCEPTED_AWAITING_TRANSACTION,BROKER_REPORTED_FILL_AWAITING_CONFIRMATION,Broker returned DONE; fill remains unconfirmed until a matching trade transaction,NO
SOLTRADE_V28_EVENT_V1,2025.11.03 10:05:01,V28_2025_DEVELOPMENT,NATIVE_NORMAL_EXECUTION,USDCAD,USDCAD,ORDER_REQUEST_ACCEPTED_AWAITING_TRANSACTION,BROKER_REPORTED_FILL_AWAITING_CONFIRMATION,Broker returned DONE; fill remains unconfirmed until a matching trade transaction,NO
SOLTRADE_V28_EVENT_V1,2025.11.03 10:05:01,V28_2025_DEVELOPMENT,NATIVE_NORMAL_EXECUTION,USDCHF,USDCHF,ORDER_REQUEST_ACCEPTED_AWAITING_TRANSACTION,BROKER_REPORTED_FILL_AWAITING_CONFIRMATION,Broker returned DONE; fill remains unconfirmed until a matching trade transaction,NO
SOLTRADE_V28_EVENT_V1,2025.11.03 10:05:01,V28_2025_DEVELOPMENT,NATIVE_NORMAL_EXECUTION,USDJPY,USDJPY,ORDER_REQUEST_ACCEPTED_AWAITING_TRANSACTION,BROKER_REPORTED_FILL_AWAITING_CONFIRMATION,Broker returned DONE; fill remains unconfirmed until a matching trade transaction,NO
SOLTRADE_V28_EVENT_V1,2025.11.03 10:05:01,V28_2025_DEVELOPMENT,NATIVE_NORMAL_EXECUTION,GBPUSD,GBPUSD,ORDER_FILL_CONFIRMED,BROKER_FILL_CONFIRMED,deal=129,NO
SOLTRADE_V28_EVENT_V1,2025.11.03 10:05:01,V28_2025_DEVELOPMENT,NATIVE_NORMAL_EXECUTION,AUDUSD,AUDUSD,ORDER_FILL_CONFIRMED,BROKER_FILL_CONFIRMED,deal=130,NO
SOLTRADE_V28_EVENT_V1,2025.11.03 10:05:01,V28_2025_DEVELOPMENT,NATIVE_NORMAL_EXECUTION,NZDUSD,NZDUSD,ORDER_FILL_CONFIRMED,BROKER_FILL_CONFIRMED,deal=131,NO
SOLTRADE_V28_EVENT_V1,2025.11.03 10:05:01,V28_2025_DEVELOPMENT,NATIVE_NORMAL_EXECUTION,USDCAD,USDCAD,ORDER_FILL_CONFIRMED,BROKER_FILL_CONFIRMED,deal=132,NO
SOLTRADE_V28_EVENT_V1,2025.11.03 10:05:01,V28_2025_DEVELOPMENT,NATIVE_NORMAL_EXECUTION,USDCHF,USDCHF,ORDER_FILL_CONFIRMED,BROKER_FILL_CONFIRMED,deal=133,NO
SOLTRADE_V28_EVENT_V1,2025.11.03 10:05:01,V28_2025_DEVELOPMENT,NATIVE_NORMAL_EXECUTION,USDJPY,USDJPY,ORDER_FILL_CONFIRMED,BROKER_FILL_CONFIRMED,deal=134,NO
SOLTRADE_V28_EVENT_V1,2025.12.01 10:05:00,V28_2025_DEVELOPMENT,NATIVE_NORMAL_EXECUTION,EURUSD,EURUSD,POSITION_CLOSE_ACCEPTED_AWAITING_TRANSACTION,POSITION_CLOSE_BROKER_ACCEPTED,Close request accepted; matching exit deal is not yet confirmed,NO
SOLTRADE_V28_EVENT_V1,2025.12.01 10:05:00,V28_2025_DEVELOPMENT,NATIVE_NORMAL_EXECUTION,GBPUSD,GBPUSD,POSITION_CLOSE_ACCEPTED_AWAITING_TRANSACTION,POSITION_CLOSE_BROKER_ACCEPTED,Close request accepted; matching exit deal is not yet confirmed,NO
SOLTRADE_V28_EVENT_V1,2025.12.01 10:05:00,V28_2025_DEVELOPMENT,NATIVE_NORMAL_EXECUTION,AUDUSD,AUDUSD,POSITION_CLOSE_ACCEPTED_AWAITING_TRANSACTION,POSITION_CLOSE_BROKER_ACCEPTED,Close request accepted; matching exit deal is not yet confirmed,NO
SOLTRADE_V28_EVENT_V1,2025.12.01 10:05:00,V28_2025_DEVELOPMENT,NATIVE_NORMAL_EXECUTION,NZDUSD,NZDUSD,POSITION_CLOSE_ACCEPTED_AWAITING_TRANSACTION,POSITION_CLOSE_BROKER_ACCEPTED,Close request accepted; matching exit deal is not yet confirmed,NO
SOLTRADE_V28_EVENT_V1,2025.12.01 10:05:00,V28_2025_DEVELOPMENT,NATIVE_NORMAL_EXECUTION,USDCAD,USDCAD,POSITION_CLOSE_ACCEPTED_AWAITING_TRANSACTION,POSITION_CLOSE_BROKER_ACCEPTED,Close request accepted; matching exit deal is not yet confirmed,NO
SOLTRADE_V28_EVENT_V1,2025.12.01 10:05:00,V28_2025_DEVELOPMENT,NATIVE_NORMAL_EXECUTION,USDJPY,USDJPY,POSITION_CLOSE_ACCEPTED_AWAITING_TRANSACTION,POSITION_CLOSE_BROKER_ACCEPTED,Close request accepted; matching exit deal is not yet confirmed,NO
SOLTRADE_V28_EVENT_V1,2025.12.01 10:05:00,V28_2025_DEVELOPMENT,NATIVE_NORMAL_EXECUTION,EURUSD,EURUSD,POSITION_EXIT_TRANSACTION_CONFIRMED,MATCHING_EXIT_DEAL_CONFIRMED,DOLLAR_FACTOR_REBALANCE,NO
SOLTRADE_V28_EVENT_V1,2025.12.01 10:05:00,V28_2025_DEVELOPMENT,NATIVE_NORMAL_EXECUTION,GBPUSD,GBPUSD,POSITION_EXIT_TRANSACTION_CONFIRMED,MATCHING_EXIT_DEAL_CONFIRMED,DOLLAR_FACTOR_REBALANCE,NO
SOLTRADE_V28_EVENT_V1,2025.12.01 10:05:00,V28_2025_DEVELOPMENT,NATIVE_NORMAL_EXECUTION,AUDUSD,AUDUSD,POSITION_EXIT_TRANSACTION_CONFIRMED,MATCHING_EXIT_DEAL_CONFIRMED,DOLLAR_FACTOR_REBALANCE,NO
SOLTRADE_V28_EVENT_V1,2025.12.01 10:05:00,V28_2025_DEVELOPMENT,NATIVE_NORMAL_EXECUTION,NZDUSD,NZDUSD,POSITION_EXIT_TRANSACTION_CONFIRMED,MATCHING_EXIT_DEAL_CONFIRMED,DOLLAR_FACTOR_REBALANCE,NO
SOLTRADE_V28_EVENT_V1,2025.12.01 10:05:00,V28_2025_DEVELOPMENT,NATIVE_NORMAL_EXECUTION,USDCAD,USDCAD,POSITION_EXIT_TRANSACTION_CONFIRMED,MATCHING_EXIT_DEAL_CONFIRMED,DOLLAR_FACTOR_REBALANCE,NO
SOLTRADE_V28_EVENT_V1,2025.12.01 10:05:00,V28_2025_DEVELOPMENT,NATIVE_NORMAL_EXECUTION,USDJPY,USDJPY,POSITION_EXIT_TRANSACTION_CONFIRMED,MATCHING_EXIT_DEAL_CONFIRMED,DOLLAR_FACTOR_REBALANCE,NO
