schema,time,dataset,execution_layer,canonical_symbol,research_symbol,event_type,reason_code,details
SOLTRADE_PHASE6_V31A_EVENT_V1,2024.12.07 00:00:00,V28_2025_DEVELOPMENT,FIXED_DELAY_200_MS,,,PREFLIGHT_PASSED,NONE,tester_only=YES;optimization=NO;symbols=7
SOLTRADE_PHASE6_V31A_EVENT_V1,2025.01.06 10:05:00,V28_2025_DEVELOPMENT,FIXED_DELAY_200_MS,EURUSD,EURUSD.V31,ORDER_REQUEST_ACCEPTED_AWAITING_TRANSACTION,BROKER_REPORTED_FILL_AWAITING_CONFIRMATION,Broker returned DONE; fill remains unconfirmed until a matching trade transaction
SOLTRADE_PHASE6_V31A_EVENT_V1,2025.01.06 10:05:00,V28_2025_DEVELOPMENT,FIXED_DELAY_200_MS,GBPUSD,GBPUSD.V31,ORDER_REQUEST_ACCEPTED_AWAITING_TRANSACTION,BROKER_REPORTED_FILL_AWAITING_CONFIRMATION,Broker returned DONE; fill remains unconfirmed until a matching trade transaction
SOLTRADE_PHASE6_V31A_EVENT_V1,2025.01.06 10:05:00,V28_2025_DEVELOPMENT,FIXED_DELAY_200_MS,AUDUSD,AUDUSD.V31,ORDER_REQUEST_ACCEPTED_AWAITING_TRANSACTION,BROKER_REPORTED_FILL_AWAITING_CONFIRMATION,Broker returned DONE; fill remains unconfirmed until a matching trade transaction
SOLTRADE_PHASE6_V31A_EVENT_V1,2025.01.06 10:05:01,V28_2025_DEVELOPMENT,FIXED_DELAY_200_MS,NZDUSD,NZDUSD.V31,ORDER_REQUEST_ACCEPTED_AWAITING_TRANSACTION,BROKER_REPORTED_FILL_AWAITING_CONFIRMATION,Broker returned DONE; fill remains unconfirmed until a matching trade transaction
SOLTRADE_PHASE6_V31A_EVENT_V1,2025.01.06 10:05:01,V28_2025_DEVELOPMENT,FIXED_DELAY_200_MS,USDCAD,USDCAD.V31,ORDER_REQUEST_ACCEPTED_AWAITING_TRANSACTION,BROKER_REPORTED_FILL_AWAITING_CONFIRMATION,Broker returned DONE; fill remains unconfirmed until a matching trade transaction
SOLTRADE_PHASE6_V31A_EVENT_V1,2025.01.06 10:05:01,V28_2025_DEVELOPMENT,FIXED_DELAY_200_MS,USDCHF,USDCHF.V31,ORDER_REQUEST_ACCEPTED_AWAITING_TRANSACTION,BROKER_REPORTED_FILL_AWAITING_CONFIRMATION,Broker returned DONE; fill remains unconfirmed until a matching trade transaction
SOLTRADE_PHASE6_V31A_EVENT_V1,2025.01.06 10:05:01,V28_2025_DEVELOPMENT,FIXED_DELAY_200_MS,USDJPY,USDJPY.V31,ORDER_REQUEST_ACCEPTED_AWAITING_TRANSACTION,BROKER_REPORTED_FILL_AWAITING_CONFIRMATION,Broker returned DONE; fill remains unconfirmed until a matching trade transaction
SOLTRADE_PHASE6_V31A_EVENT_V1,2025.01.06 10:05:01,V28_2025_DEVELOPMENT,FIXED_DELAY_200_MS,GBPUSD,GBPUSD.V31,ORDER_FILL_CONFIRMED,BROKER_FILL_CONFIRMED,deal=3
SOLTRADE_PHASE6_V31A_EVENT_V1,2025.01.06 10:05:01,V28_2025_DEVELOPMENT,FIXED_DELAY_200_MS,AUDUSD,AUDUSD.V31,ORDER_FILL_CONFIRMED,BROKER_FILL_CONFIRMED,deal=4
SOLTRADE_PHASE6_V31A_EVENT_V1,2025.01.06 10:05:01,V28_2025_DEVELOPMENT,FIXED_DELAY_200_MS,NZDUSD,NZDUSD.V31,ORDER_FILL_CONFIRMED,BROKER_FILL_CONFIRMED,deal=5
SOLTRADE_PHASE6_V31A_EVENT_V1,2025.01.06 10:05:01,V28_2025_DEVELOPMENT,FIXED_DELAY_200_MS,USDCAD,USDCAD.V31,ORDER_FILL_CONFIRMED,BROKER_FILL_CONFIRMED,deal=6
SOLTRADE_PHASE6_V31A_EVENT_V1,2025.01.06 10:05:01,V28_2025_DEVELOPMENT,FIXED_DELAY_200_MS,USDCHF,USDCHF.V31,ORDER_FILL_CONFIRMED,BROKER_FILL_CONFIRMED,deal=7
SOLTRADE_PHASE6_V31A_EVENT_V1,2025.01.06 10:05:01,V28_2025_DEVELOPMENT,FIXED_DELAY_200_MS,USDJPY,USDJPY.V31,ORDER_FILL_CONFIRMED,BROKER_FILL_CONFIRMED,deal=8
SOLTRADE_PHASE6_V31A_EVENT_V1,2025.02.03 10:05:00,V28_2025_DEVELOPMENT,FIXED_DELAY_200_MS,EURUSD,EURUSD.V31,POSITION_CLOSE_ACCEPTED_AWAITING_TRANSACTION,POSITION_CLOSE_BROKER_ACCEPTED,Close request accepted; matching exit deal is not yet confirmed
SOLTRADE_PHASE6_V31A_EVENT_V1,2025.02.03 10:05:00,V28_2025_DEVELOPMENT,FIXED_DELAY_200_MS,GBPUSD,GBPUSD.V31,POSITION_CLOSE_ACCEPTED_AWAITING_TRANSACTION,POSITION_CLOSE_BROKER_ACCEPTED,Close request accepted; matching exit deal is not yet confirmed
SOLTRADE_PHASE6_V31A_EVENT_V1,2025.02.03 10:05:00,V28_2025_DEVELOPMENT,FIXED_DELAY_200_MS,AUDUSD,AUDUSD.V31,POSITION_CLOSE_ACCEPTED_AWAITING_TRANSACTION,POSITION_CLOSE_BROKER_ACCEPTED,Close request accepted; matching exit deal is not yet confirmed
SOLTRADE_PHASE6_V31A_EVENT_V1,2025.02.03 10:05:01,V28_2025_DEVELOPMENT,FIXED_DELAY_200_MS,NZDUSD,NZDUSD.V31,POSITION_CLOSE_ACCEPTED_AWAITING_TRANSACTION,POSITION_CLOSE_BROKER_ACCEPTED,Close request accepted; matching exit deal is not yet confirmed
SOLTRADE_PHASE6_V31A_EVENT_V1,2025.02.03 10:05:01,V28_2025_DEVELOPMENT,FIXED_DELAY_200_MS,USDCAD,USDCAD.V31,POSITION_CLOSE_ACCEPTED_AWAITING_TRANSACTION,POSITION_CLOSE_BROKER_ACCEPTED,Close request accepted; matching exit deal is not yet confirmed
SOLTRADE_PHASE6_V31A_EVENT_V1,2025.02.03 10:05:01,V28_2025_DEVELOPMENT,FIXED_DELAY_200_MS,USDCHF,USDCHF.V31,POSITION_CLOSE_ACCEPTED_AWAITING_TRANSACTION,POSITION_CLOSE_BROKER_ACCEPTED,Close request accepted; matching exit deal is not yet confirmed
SOLTRADE_PHASE6_V31A_EVENT_V1,2025.02.03 10:05:01,V28_2025_DEVELOPMENT,FIXED_DELAY_200_MS,USDJPY,USDJPY.V31,POSITION_CLOSE_ACCEPTED_AWAITING_TRANSACTION,POSITION_CLOSE_BROKER_ACCEPTED,Close request accepted; matching exit deal is not yet confirmed
SOLTRADE_PHASE6_V31A_EVENT_V1,2025.02.03 10:05:01,V28_2025_DEVELOPMENT,FIXED_DELAY_200_MS,EURUSD,EURUSD.V31,POSITION_EXIT_TRANSACTION_CONFIRMED,MATCHING_EXIT_DEAL_CONFIRMED,DOLLAR_FACTOR_REBALANCE
SOLTRADE_PHASE6_V31A_EVENT_V1,2025.02.03 10:05:01,V28_2025_DEVELOPMENT,FIXED_DELAY_200_MS,GBPUSD,GBPUSD.V31,POSITION_EXIT_TRANSACTION_CONFIRMED,MATCHING_EXIT_DEAL_CONFIRMED,DOLLAR_FACTOR_REBALANCE
SOLTRADE_PHASE6_V31A_EVENT_V1,2025.02.03 10:05:01,V28_2025_DEVELOPMENT,FIXED_DELAY_200_MS,AUDUSD,AUDUSD.V31,POSITION_EXIT_TRANSACTION_CONFIRMED,MATCHING_EXIT_DEAL_CONFIRMED,DOLLAR_FACTOR_REBALANCE
SOLTRADE_PHASE6_V31A_EVENT_V1,2025.02.03 10:05:01,V28_2025_DEVELOPMENT,FIXED_DELAY_200_MS,NZDUSD,NZDUSD.V31,POSITION_EXIT_TRANSACTION_CONFIRMED,MATCHING_EXIT_DEAL_CONFIRMED,DOLLAR_FACTOR_REBALANCE
SOLTRADE_PHASE6_V31A_EVENT_V1,2025.02.03 10:05:01,V28_2025_DEVELOPMENT,FIXED_DELAY_200_MS,USDCAD,USDCAD.V31,POSITION_EXIT_TRANSACTION_CONFIRMED,MATCHING_EXIT_DEAL_CONFIRMED,DOLLAR_FACTOR_REBALANCE
SOLTRADE_PHASE6_V31A_EVENT_V1,2025.02.03 10:05:01,V28_2025_DEVELOPMENT,FIXED_DELAY_200_MS,USDCHF,USDCHF.V31,POSITION_EXIT_TRANSACTION_CONFIRMED,MATCHING_EXIT_DEAL_CONFIRMED,DOLLAR_FACTOR_REBALANCE
SOLTRADE_PHASE6_V31A_EVENT_V1,2025.02.03 10:05:01,V28_2025_DEVELOPMENT,FIXED_DELAY_200_MS,USDJPY,USDJPY.V31,POSITION_EXIT_TRANSACTION_CONFIRMED,MATCHING_EXIT_DEAL_CONFIRMED,DOLLAR_FACTOR_REBALANCE
SOLTRADE_PHASE6_V31A_EVENT_V1,2025.02.03 10:05:05,V28_2025_DEVELOPMENT,FIXED_DELAY_200_MS,EURUSD,EURUSD.V31,ORDER_REQUEST_ACCEPTED_AWAITING_TRANSACTION,BROKER_REPORTED_FILL_AWAITING_CONFIRMATION,Broker returned DONE; fill remains unconfirmed until a matching trade transaction
SOLTRADE_PHASE6_V31A_EVENT_V1,2025.02.03 10:05:05,V28_2025_DEVELOPMENT,FIXED_DELAY_200_MS,GBPUSD,GBPUSD.V31,ORDER_REQUEST_ACCEPTED_AWAITING_TRANSACTION,BROKER_REPORTED_FILL_AWAITING_CONFIRMATION,Broker returned DONE; fill remains unconfirmed until a matching trade transaction
SOLTRADE_PHASE6_V31A_EVENT_V1,2025.02.03 10:05:05,V28_2025_DEVELOPMENT,FIXED_DELAY_200_MS,AUDUSD,AUDUSD.V31,ORDER_REQUEST_ACCEPTED_AWAITING_TRANSACTION,BROKER_REPORTED_FILL_AWAITING_CONFIRMATION,Broker returned DONE; fill remains unconfirmed until a matching trade transaction
SOLTRADE_PHASE6_V31A_EVENT_V1,2025.02.03 10:05:06,V28_2025_DEVELOPMENT,FIXED_DELAY_200_MS,NZDUSD,NZDUSD.V31,ORDER_REQUEST_ACCEPTED_AWAITING_TRANSACTION,BROKER_REPORTED_FILL_AWAITING_CONFIRMATION,Broker returned DONE; fill remains unconfirmed until a matching trade transaction
SOLTRADE_PHASE6_V31A_EVENT_V1,2025.02.03 10:05:06,V28_2025_DEVELOPMENT,FIXED_DELAY_200_MS,USDCAD,USDCAD.V31,ORDER_REQUEST_ACCEPTED_AWAITING_TRANSACTION,BROKER_REPORTED_FILL_AWAITING_CONFIRMATION,Broker returned DONE; fill remains unconfirmed until a matching trade transaction
SOLTRADE_PHASE6_V31A_EVENT_V1,2025.02.03 10:05:06,V28_2025_DEVELOPMENT,FIXED_DELAY_200_MS,USDCHF,USDCHF.V31,ORDER_REQUEST_ACCEPTED_AWAITING_TRANSACTION,BROKER_REPORTED_FILL_AWAITING_CONFIRMATION,Broker returned DONE; fill remains unconfirmed until a matching trade transaction
SOLTRADE_PHASE6_V31A_EVENT_V1,2025.02.03 10:05:06,V28_2025_DEVELOPMENT,FIXED_DELAY_200_MS,USDJPY,USDJPY.V31,ORDER_REQUEST_ACCEPTED_AWAITING_TRANSACTION,BROKER_REPORTED_FILL_AWAITING_CONFIRMATION,Broker returned DONE; fill remains unconfirmed until a matching trade transaction
SOLTRADE_PHASE6_V31A_EVENT_V1,2025.02.03 10:05:06,V28_2025_DEVELOPMENT,FIXED_DELAY_200_MS,GBPUSD,GBPUSD.V31,ORDER_FILL_CONFIRMED,BROKER_FILL_CONFIRMED,deal=17
SOLTRADE_PHASE6_V31A_EVENT_V1,2025.02.03 10:05:06,V28_2025_DEVELOPMENT,FIXED_DELAY_200_MS,AUDUSD,AUDUSD.V31,ORDER_FILL_CONFIRMED,BROKER_FILL_CONFIRMED,deal=18
SOLTRADE_PHASE6_V31A_EVENT_V1,2025.02.03 10:05:06,V28_2025_DEVELOPMENT,FIXED_DELAY_200_MS,NZDUSD,NZDUSD.V31,ORDER_FILL_CONFIRMED,BROKER_FILL_CONFIRMED,deal=19
SOLTRADE_PHASE6_V31A_EVENT_V1,2025.02.03 10:05:06,V28_2025_DEVELOPMENT,FIXED_DELAY_200_MS,USDCAD,USDCAD.V31,ORDER_FILL_CONFIRMED,BROKER_FILL_CONFIRMED,deal=20
SOLTRADE_PHASE6_V31A_EVENT_V1,2025.02.03 10:05:06,V28_2025_DEVELOPMENT,FIXED_DELAY_200_MS,USDCHF,USDCHF.V31,ORDER_FILL_CONFIRMED,BROKER_FILL_CONFIRMED,deal=21
SOLTRADE_PHASE6_V31A_EVENT_V1,2025.02.03 10:05:06,V28_2025_DEVELOPMENT,FIXED_DELAY_200_MS,USDJPY,USDJPY.V31,ORDER_FILL_CONFIRMED,BROKER_FILL_CONFIRMED,deal=22
SOLTRADE_PHASE6_V31A_EVENT_V1,2025.03.03 10:05:00,V28_2025_DEVELOPMENT,FIXED_DELAY_200_MS,EURUSD,EURUSD.V31,ORDER_REQUEST_ACCEPTED_AWAITING_TRANSACTION,BROKER_REPORTED_FILL_AWAITING_CONFIRMATION,Broker returned DONE; fill remains unconfirmed until a matching trade transaction
SOLTRADE_PHASE6_V31A_EVENT_V1,2025.03.03 10:05:00,V28_2025_DEVELOPMENT,FIXED_DELAY_200_MS,GBPUSD,GBPUSD.V31,ORDER_REQUEST_ACCEPTED_AWAITING_TRANSACTION,BROKER_REPORTED_FILL_AWAITING_CONFIRMATION,Broker returned DONE; fill remains unconfirmed until a matching trade transaction
SOLTRADE_PHASE6_V31A_EVENT_V1,2025.03.03 10:05:00,V28_2025_DEVELOPMENT,FIXED_DELAY_200_MS,AUDUSD,AUDUSD.V31,ORDER_REQUEST_ACCEPTED_AWAITING_TRANSACTION,BROKER_REPORTED_FILL_AWAITING_CONFIRMATION,Broker returned DONE; fill remains unconfirmed until a matching trade transaction
SOLTRADE_PHASE6_V31A_EVENT_V1,2025.03.03 10:05:00,V28_2025_DEVELOPMENT,FIXED_DELAY_200_MS,NZDUSD,NZDUSD.V31,ORDER_REQUEST_ACCEPTED_AWAITING_TRANSACTION,BROKER_REPORTED_FILL_AWAITING_CONFIRMATION,Broker returned DONE; fill remains unconfirmed until a matching trade transaction
SOLTRADE_PHASE6_V31A_EVENT_V1,2025.03.03 10:05:01,V28_2025_DEVELOPMENT,FIXED_DELAY_200_MS,USDCAD,USDCAD.V31,ORDER_REQUEST_ACCEPTED_AWAITING_TRANSACTION,BROKER_REPORTED_FILL_AWAITING_CONFIRMATION,Broker returned DONE; fill remains unconfirmed until a matching trade transaction
SOLTRADE_PHASE6_V31A_EVENT_V1,2025.03.03 10:05:01,V28_2025_DEVELOPMENT,FIXED_DELAY_200_MS,USDCHF,USDCHF.V31,ORDER_REQUEST_ACCEPTED_AWAITING_TRANSACTION,BROKER_REPORTED_FILL_AWAITING_CONFIRMATION,Broker returned DONE; fill remains unconfirmed until a matching trade transaction
SOLTRADE_PHASE6_V31A_EVENT_V1,2025.03.03 10:05:01,V28_2025_DEVELOPMENT,FIXED_DELAY_200_MS,USDJPY,USDJPY.V31,ORDER_REQUEST_ACCEPTED_AWAITING_TRANSACTION,BROKER_REPORTED_FILL_AWAITING_CONFIRMATION,Broker returned DONE; fill remains unconfirmed until a matching trade transaction
SOLTRADE_PHASE6_V31A_EVENT_V1,2025.03.03 10:05:01,V28_2025_DEVELOPMENT,FIXED_DELAY_200_MS,GBPUSD,GBPUSD.V31,ORDER_FILL_CONFIRMED,BROKER_FILL_CONFIRMED,deal=31
SOLTRADE_PHASE6_V31A_EVENT_V1,2025.03.03 10:05:01,V28_2025_DEVELOPMENT,FIXED_DELAY_200_MS,AUDUSD,AUDUSD.V31,ORDER_FILL_CONFIRMED,BROKER_FILL_CONFIRMED,deal=32
SOLTRADE_PHASE6_V31A_EVENT_V1,2025.03.03 10:05:01,V28_2025_DEVELOPMENT,FIXED_DELAY_200_MS,NZDUSD,NZDUSD.V31,ORDER_FILL_CONFIRMED,BROKER_FILL_CONFIRMED,deal=33
SOLTRADE_PHASE6_V31A_EVENT_V1,2025.03.03 10:05:01,V28_2025_DEVELOPMENT,FIXED_DELAY_200_MS,USDCAD,USDCAD.V31,ORDER_FILL_CONFIRMED,BROKER_FILL_CONFIRMED,deal=34
SOLTRADE_PHASE6_V31A_EVENT_V1,2025.03.03 10:05:01,V28_2025_DEVELOPMENT,FIXED_DELAY_200_MS,USDCHF,USDCHF.V31,ORDER_FILL_CONFIRMED,BROKER_FILL_CONFIRMED,deal=35
SOLTRADE_PHASE6_V31A_EVENT_V1,2025.03.03 10:05:01,V28_2025_DEVELOPMENT,FIXED_DELAY_200_MS,USDJPY,USDJPY.V31,ORDER_FILL_CONFIRMED,BROKER_FILL_CONFIRMED,deal=36
SOLTRADE_PHASE6_V31A_EVENT_V1,2025.04.07 10:05:00,V28_2025_DEVELOPMENT,FIXED_DELAY_200_MS,EURUSD,EURUSD.V31,POSITION_CLOSE_ACCEPTED_AWAITING_TRANSACTION,POSITION_CLOSE_BROKER_ACCEPTED,Close request accepted; matching exit deal is not yet confirmed
SOLTRADE_PHASE6_V31A_EVENT_V1,2025.04.07 10:05:00,V28_2025_DEVELOPMENT,FIXED_DELAY_200_MS,GBPUSD,GBPUSD.V31,POSITION_CLOSE_ACCEPTED_AWAITING_TRANSACTION,POSITION_CLOSE_BROKER_ACCEPTED,Close request accepted; matching exit deal is not yet confirmed
SOLTRADE_PHASE6_V31A_EVENT_V1,2025.04.07 10:05:00,V28_2025_DEVELOPMENT,FIXED_DELAY_200_MS,NZDUSD,NZDUSD.V31,POSITION_CLOSE_ACCEPTED_AWAITING_TRANSACTION,POSITION_CLOSE_BROKER_ACCEPTED,Close request accepted; matching exit deal is not yet confirmed
SOLTRADE_PHASE6_V31A_EVENT_V1,2025.04.07 10:05:00,V28_2025_DEVELOPMENT,FIXED_DELAY_200_MS,USDCAD,USDCAD.V31,POSITION_CLOSE_ACCEPTED_AWAITING_TRANSACTION,POSITION_CLOSE_BROKER_ACCEPTED,Close request accepted; matching exit deal is not yet confirmed
SOLTRADE_PHASE6_V31A_EVENT_V1,2025.04.07 10:05:01,V28_2025_DEVELOPMENT,FIXED_DELAY_200_MS,USDCHF,USDCHF.V31,POSITION_CLOSE_ACCEPTED_AWAITING_TRANSACTION,POSITION_CLOSE_BROKER_ACCEPTED,Close request accepted; matching exit deal is not yet confirmed
SOLTRADE_PHASE6_V31A_EVENT_V1,2025.04.07 10:05:01,V28_2025_DEVELOPMENT,FIXED_DELAY_200_MS,USDJPY,USDJPY.V31,POSITION_CLOSE_ACCEPTED_AWAITING_TRANSACTION,POSITION_CLOSE_BROKER_ACCEPTED,Close request accepted; matching exit deal is not yet confirmed
SOLTRADE_PHASE6_V31A_EVENT_V1,2025.04.07 10:05:01,V28_2025_DEVELOPMENT,FIXED_DELAY_200_MS,EURUSD,EURUSD.V31,POSITION_EXIT_TRANSACTION_CONFIRMED,MATCHING_EXIT_DEAL_CONFIRMED,DOLLAR_FACTOR_REBALANCE
SOLTRADE_PHASE6_V31A_EVENT_V1,2025.04.07 10:05:01,V28_2025_DEVELOPMENT,FIXED_DELAY_200_MS,GBPUSD,GBPUSD.V31,POSITION_EXIT_TRANSACTION_CONFIRMED,MATCHING_EXIT_DEAL_CONFIRMED,DOLLAR_FACTOR_REBALANCE
SOLTRADE_PHASE6_V31A_EVENT_V1,2025.04.07 10:05:01,V28_2025_DEVELOPMENT,FIXED_DELAY_200_MS,NZDUSD,NZDUSD.V31,POSITION_EXIT_TRANSACTION_CONFIRMED,MATCHING_EXIT_DEAL_CONFIRMED,DOLLAR_FACTOR_REBALANCE
SOLTRADE_PHASE6_V31A_EVENT_V1,2025.04.07 10:05:01,V28_2025_DEVELOPMENT,FIXED_DELAY_200_MS,USDCAD,USDCAD.V31,POSITION_EXIT_TRANSACTION_CONFIRMED,MATCHING_EXIT_DEAL_CONFIRMED,DOLLAR_FACTOR_REBALANCE
SOLTRADE_PHASE6_V31A_EVENT_V1,2025.04.07 10:05:01,V28_2025_DEVELOPMENT,FIXED_DELAY_200_MS,USDCHF,USDCHF.V31,POSITION_EXIT_TRANSACTION_CONFIRMED,MATCHING_EXIT_DEAL_CONFIRMED,DOLLAR_FACTOR_REBALANCE
SOLTRADE_PHASE6_V31A_EVENT_V1,2025.04.07 10:05:01,V28_2025_DEVELOPMENT,FIXED_DELAY_200_MS,USDJPY,USDJPY.V31,POSITION_EXIT_TRANSACTION_CONFIRMED,MATCHING_EXIT_DEAL_CONFIRMED,DOLLAR_FACTOR_REBALANCE
SOLTRADE_PHASE6_V31A_EVENT_V1,2025.04.07 10:05:01,V28_2025_DEVELOPMENT,FIXED_DELAY_200_MS,EURUSD,EURUSD.V31,ORDER_REQUEST_ACCEPTED_AWAITING_TRANSACTION,BROKER_REPORTED_FILL_AWAITING_CONFIRMATION,Broker returned DONE; fill remains unconfirmed until a matching trade transaction
SOLTRADE_PHASE6_V31A_EVENT_V1,2025.04.07 10:05:01,V28_2025_DEVELOPMENT,FIXED_DELAY_200_MS,GBPUSD,GBPUSD.V31,ORDER_REQUEST_ACCEPTED_AWAITING_TRANSACTION,BROKER_REPORTED_FILL_AWAITING_CONFIRMATION,Broker returned DONE; fill remains unconfirmed until a matching trade transaction
SOLTRADE_PHASE6_V31A_EVENT_V1,2025.04.07 10:05:02,V28_2025_DEVELOPMENT,FIXED_DELAY_200_MS,AUDUSD,AUDUSD.V31,ORDER_REQUEST_ACCEPTED_AWAITING_TRANSACTION,BROKER_REPORTED_FILL_AWAITING_CONFIRMATION,Broker returned DONE; fill remains unconfirmed until a matching trade transaction
SOLTRADE_PHASE6_V31A_EVENT_V1,2025.04.07 10:05:02,V28_2025_DEVELOPMENT,FIXED_DELAY_200_MS,NZDUSD,NZDUSD.V31,ORDER_REQUEST_ACCEPTED_AWAITING_TRANSACTION,BROKER_REPORTED_FILL_AWAITING_CONFIRMATION,Broker returned DONE; fill remains unconfirmed until a matching trade transaction
SOLTRADE_PHASE6_V31A_EVENT_V1,2025.04.07 10:05:02,V28_2025_DEVELOPMENT,FIXED_DELAY_200_MS,USDCAD,USDCAD.V31,ORDER_REQUEST_ACCEPTED_AWAITING_TRANSACTION,BROKER_REPORTED_FILL_AWAITING_CONFIRMATION,Broker returned DONE; fill remains unconfirmed until a matching trade transaction
SOLTRADE_PHASE6_V31A_EVENT_V1,2025.04.07 10:05:02,V28_2025_DEVELOPMENT,FIXED_DELAY_200_MS,USDCHF,USDCHF.V31,ORDER_REQUEST_ACCEPTED_AWAITING_TRANSACTION,BROKER_REPORTED_FILL_AWAITING_CONFIRMATION,Broker returned DONE; fill remains unconfirmed until a matching trade transaction
SOLTRADE_PHASE6_V31A_EVENT_V1,2025.04.07 10:05:02,V28_2025_DEVELOPMENT,FIXED_DELAY_200_MS,USDJPY,USDJPY.V31,ORDER_REQUEST_ACCEPTED_AWAITING_TRANSACTION,BROKER_REPORTED_FILL_AWAITING_CONFIRMATION,Broker returned DONE; fill remains unconfirmed until a matching trade transaction
SOLTRADE_PHASE6_V31A_EVENT_V1,2025.04.07 10:05:02,V28_2025_DEVELOPMENT,FIXED_DELAY_200_MS,GBPUSD,GBPUSD.V31,ORDER_FILL_CONFIRMED,BROKER_FILL_CONFIRMED,deal=45
SOLTRADE_PHASE6_V31A_EVENT_V1,2025.04.07 10:05:02,V28_2025_DEVELOPMENT,FIXED_DELAY_200_MS,AUDUSD,AUDUSD.V31,ORDER_FILL_CONFIRMED,BROKER_FILL_CONFIRMED,deal=46
SOLTRADE_PHASE6_V31A_EVENT_V1,2025.04.07 10:05:02,V28_2025_DEVELOPMENT,FIXED_DELAY_200_MS,NZDUSD,NZDUSD.V31,ORDER_FILL_CONFIRMED,BROKER_FILL_CONFIRMED,deal=47
SOLTRADE_PHASE6_V31A_EVENT_V1,2025.04.07 10:05:02,V28_2025_DEVELOPMENT,FIXED_DELAY_200_MS,USDCAD,USDCAD.V31,ORDER_FILL_CONFIRMED,BROKER_FILL_CONFIRMED,deal=48
SOLTRADE_PHASE6_V31A_EVENT_V1,2025.04.07 10:05:02,V28_2025_DEVELOPMENT,FIXED_DELAY_200_MS,USDCHF,USDCHF.V31,ORDER_FILL_CONFIRMED,BROKER_FILL_CONFIRMED,deal=49
SOLTRADE_PHASE6_V31A_EVENT_V1,2025.04.07 10:05:02,V28_2025_DEVELOPMENT,FIXED_DELAY_200_MS,USDJPY,USDJPY.V31,ORDER_FILL_CONFIRMED,BROKER_FILL_CONFIRMED,deal=50
SOLTRADE_PHASE6_V31A_EVENT_V1,2025.05.05 10:05:00,V28_2025_DEVELOPMENT,FIXED_DELAY_200_MS,EURUSD,EURUSD.V31,POSITION_CLOSE_ACCEPTED_AWAITING_TRANSACTION,POSITION_CLOSE_BROKER_ACCEPTED,Close request accepted; matching exit deal is not yet confirmed
SOLTRADE_PHASE6_V31A_EVENT_V1,2025.05.05 10:05:00,V28_2025_DEVELOPMENT,FIXED_DELAY_200_MS,GBPUSD,GBPUSD.V31,POSITION_CLOSE_ACCEPTED_AWAITING_TRANSACTION,POSITION_CLOSE_BROKER_ACCEPTED,Close request accepted; matching exit deal is not yet confirmed
SOLTRADE_PHASE6_V31A_EVENT_V1,2025.05.05 10:05:00,V28_2025_DEVELOPMENT,FIXED_DELAY_200_MS,AUDUSD,AUDUSD.V31,POSITION_CLOSE_ACCEPTED_AWAITING_TRANSACTION,POSITION_CLOSE_BROKER_ACCEPTED,Close request accepted; matching exit deal is not yet confirmed
SOLTRADE_PHASE6_V31A_EVENT_V1,2025.05.05 10:05:00,V28_2025_DEVELOPMENT,FIXED_DELAY_200_MS,NZDUSD,NZDUSD.V31,POSITION_CLOSE_ACCEPTED_AWAITING_TRANSACTION,POSITION_CLOSE_BROKER_ACCEPTED,Close request accepted; matching exit deal is not yet confirmed
SOLTRADE_PHASE6_V31A_EVENT_V1,2025.05.05 10:05:00,V28_2025_DEVELOPMENT,FIXED_DELAY_200_MS,USDCAD,USDCAD.V31,POSITION_CLOSE_ACCEPTED_AWAITING_TRANSACTION,POSITION_CLOSE_BROKER_ACCEPTED,Close request accepted; matching exit deal is not yet confirmed
SOLTRADE_PHASE6_V31A_EVENT_V1,2025.05.05 10:05:01,V28_2025_DEVELOPMENT,FIXED_DELAY_200_MS,USDCHF,USDCHF.V31,POSITION_CLOSE_ACCEPTED_AWAITING_TRANSACTION,POSITION_CLOSE_BROKER_ACCEPTED,Close request accepted; matching exit deal is not yet confirmed
SOLTRADE_PHASE6_V31A_EVENT_V1,2025.05.05 10:05:01,V28_2025_DEVELOPMENT,FIXED_DELAY_200_MS,USDJPY,USDJPY.V31,POSITION_CLOSE_ACCEPTED_AWAITING_TRANSACTION,POSITION_CLOSE_BROKER_ACCEPTED,Close request accepted; matching exit deal is not yet confirmed
SOLTRADE_PHASE6_V31A_EVENT_V1,2025.05.05 10:05:01,V28_2025_DEVELOPMENT,FIXED_DELAY_200_MS,EURUSD,EURUSD.V31,POSITION_EXIT_TRANSACTION_CONFIRMED,MATCHING_EXIT_DEAL_CONFIRMED,DOLLAR_FACTOR_REBALANCE
SOLTRADE_PHASE6_V31A_EVENT_V1,2025.05.05 10:05:01,V28_2025_DEVELOPMENT,FIXED_DELAY_200_MS,GBPUSD,GBPUSD.V31,POSITION_EXIT_TRANSACTION_CONFIRMED,MATCHING_EXIT_DEAL_CONFIRMED,DOLLAR_FACTOR_REBALANCE
SOLTRADE_PHASE6_V31A_EVENT_V1,2025.05.05 10:05:01,V28_2025_DEVELOPMENT,FIXED_DELAY_200_MS,AUDUSD,AUDUSD.V31,POSITION_EXIT_TRANSACTION_CONFIRMED,MATCHING_EXIT_DEAL_CONFIRMED,DOLLAR_FACTOR_REBALANCE
SOLTRADE_PHASE6_V31A_EVENT_V1,2025.05.05 10:05:01,V28_2025_DEVELOPMENT,FIXED_DELAY_200_MS,NZDUSD,NZDUSD.V31,POSITION_EXIT_TRANSACTION_CONFIRMED,MATCHING_EXIT_DEAL_CONFIRMED,DOLLAR_FACTOR_REBALANCE
SOLTRADE_PHASE6_V31A_EVENT_V1,2025.05.05 10:05:01,V28_2025_DEVELOPMENT,FIXED_DELAY_200_MS,USDCAD,USDCAD.V31,POSITION_EXIT_TRANSACTION_CONFIRMED,MATCHING_EXIT_DEAL_CONFIRMED,DOLLAR_FACTOR_REBALANCE
SOLTRADE_PHASE6_V31A_EVENT_V1,2025.05.05 10:05:01,V28_2025_DEVELOPMENT,FIXED_DELAY_200_MS,USDCHF,USDCHF.V31,POSITION_EXIT_TRANSACTION_CONFIRMED,MATCHING_EXIT_DEAL_CONFIRMED,DOLLAR_FACTOR_REBALANCE
SOLTRADE_PHASE6_V31A_EVENT_V1,2025.05.05 10:05:01,V28_2025_DEVELOPMENT,FIXED_DELAY_200_MS,USDJPY,USDJPY.V31,POSITION_EXIT_TRANSACTION_CONFIRMED,MATCHING_EXIT_DEAL_CONFIRMED,DOLLAR_FACTOR_REBALANCE
SOLTRADE_PHASE6_V31A_EVENT_V1,2025.05.05 10:05:01,V28_2025_DEVELOPMENT,FIXED_DELAY_200_MS,EURUSD,EURUSD.V31,ORDER_REQUEST_ACCEPTED_AWAITING_TRANSACTION,BROKER_REPORTED_FILL_AWAITING_CONFIRMATION,Broker returned DONE; fill remains unconfirmed until a matching trade transaction
SOLTRADE_PHASE6_V31A_EVENT_V1,2025.05.05 10:05:02,V28_2025_DEVELOPMENT,FIXED_DELAY_200_MS,GBPUSD,GBPUSD.V31,ORDER_REQUEST_ACCEPTED_AWAITING_TRANSACTION,BROKER_REPORTED_FILL_AWAITING_CONFIRMATION,Broker returned DONE; fill remains unconfirmed until a matching trade transaction
SOLTRADE_PHASE6_V31A_EVENT_V1,2025.05.05 10:05:02,V28_2025_DEVELOPMENT,FIXED_DELAY_200_MS,AUDUSD,AUDUSD.V31,ORDER_REQUEST_ACCEPTED_AWAITING_TRANSACTION,BROKER_REPORTED_FILL_AWAITING_CONFIRMATION,Broker returned DONE; fill remains unconfirmed until a matching trade transaction
SOLTRADE_PHASE6_V31A_EVENT_V1,2025.05.05 10:05:02,V28_2025_DEVELOPMENT,FIXED_DELAY_200_MS,NZDUSD,NZDUSD.V31,ORDER_REQUEST_ACCEPTED_AWAITING_TRANSACTION,BROKER_REPORTED_FILL_AWAITING_CONFIRMATION,Broker returned DONE; fill remains unconfirmed until a matching trade transaction
SOLTRADE_PHASE6_V31A_EVENT_V1,2025.05.05 10:05:02,V28_2025_DEVELOPMENT,FIXED_DELAY_200_MS,USDCAD,USDCAD.V31,ORDER_REQUEST_ACCEPTED_AWAITING_TRANSACTION,BROKER_REPORTED_FILL_AWAITING_CONFIRMATION,Broker returned DONE; fill remains unconfirmed until a matching trade transaction
SOLTRADE_PHASE6_V31A_EVENT_V1,2025.05.05 10:05:02,V28_2025_DEVELOPMENT,FIXED_DELAY_200_MS,USDCHF,USDCHF.V31,ORDER_REQUEST_ACCEPTED_AWAITING_TRANSACTION,BROKER_REPORTED_FILL_AWAITING_CONFIRMATION,Broker returned DONE; fill remains unconfirmed until a matching trade transaction
SOLTRADE_PHASE6_V31A_EVENT_V1,2025.05.05 10:05:03,V28_2025_DEVELOPMENT,FIXED_DELAY_200_MS,USDJPY,USDJPY.V31,ORDER_REQUEST_ACCEPTED_AWAITING_TRANSACTION,BROKER_REPORTED_FILL_AWAITING_CONFIRMATION,Broker returned DONE; fill remains unconfirmed until a matching trade transaction
SOLTRADE_PHASE6_V31A_EVENT_V1,2025.05.05 10:05:03,V28_2025_DEVELOPMENT,FIXED_DELAY_200_MS,GBPUSD,GBPUSD.V31,ORDER_FILL_CONFIRMED,BROKER_FILL_CONFIRMED,deal=59
SOLTRADE_PHASE6_V31A_EVENT_V1,2025.05.05 10:05:03,V28_2025_DEVELOPMENT,FIXED_DELAY_200_MS,AUDUSD,AUDUSD.V31,ORDER_FILL_CONFIRMED,BROKER_FILL_CONFIRMED,deal=60
SOLTRADE_PHASE6_V31A_EVENT_V1,2025.05.05 10:05:03,V28_2025_DEVELOPMENT,FIXED_DELAY_200_MS,NZDUSD,NZDUSD.V31,ORDER_FILL_CONFIRMED,BROKER_FILL_CONFIRMED,deal=61
SOLTRADE_PHASE6_V31A_EVENT_V1,2025.05.05 10:05:03,V28_2025_DEVELOPMENT,FIXED_DELAY_200_MS,USDCAD,USDCAD.V31,ORDER_FILL_CONFIRMED,BROKER_FILL_CONFIRMED,deal=62
SOLTRADE_PHASE6_V31A_EVENT_V1,2025.05.05 10:05:03,V28_2025_DEVELOPMENT,FIXED_DELAY_200_MS,USDCHF,USDCHF.V31,ORDER_FILL_CONFIRMED,BROKER_FILL_CONFIRMED,deal=63
SOLTRADE_PHASE6_V31A_EVENT_V1,2025.05.05 10:05:03,V28_2025_DEVELOPMENT,FIXED_DELAY_200_MS,USDJPY,USDJPY.V31,ORDER_FILL_CONFIRMED,BROKER_FILL_CONFIRMED,deal=64
SOLTRADE_PHASE6_V31A_EVENT_V1,2025.06.02 10:05:00,V28_2025_DEVELOPMENT,FIXED_DELAY_200_MS,EURUSD,EURUSD.V31,POSITION_CLOSE_ACCEPTED_AWAITING_TRANSACTION,POSITION_CLOSE_BROKER_ACCEPTED,Close request accepted; matching exit deal is not yet confirmed
SOLTRADE_PHASE6_V31A_EVENT_V1,2025.06.02 10:05:00,V28_2025_DEVELOPMENT,FIXED_DELAY_200_MS,GBPUSD,GBPUSD.V31,POSITION_CLOSE_ACCEPTED_AWAITING_TRANSACTION,POSITION_CLOSE_BROKER_ACCEPTED,Close request accepted; matching exit deal is not yet confirmed
SOLTRADE_PHASE6_V31A_EVENT_V1,2025.06.02 10:05:00,V28_2025_DEVELOPMENT,FIXED_DELAY_200_MS,AUDUSD,AUDUSD.V31,POSITION_CLOSE_ACCEPTED_AWAITING_TRANSACTION,POSITION_CLOSE_BROKER_ACCEPTED,Close request accepted; matching exit deal is not yet confirmed
SOLTRADE_PHASE6_V31A_EVENT_V1,2025.06.02 10:05:00,V28_2025_DEVELOPMENT,FIXED_DELAY_200_MS,NZDUSD,NZDUSD.V31,POSITION_CLOSE_ACCEPTED_AWAITING_TRANSACTION,POSITION_CLOSE_BROKER_ACCEPTED,Close request accepted; matching exit deal is not yet confirmed
SOLTRADE_PHASE6_V31A_EVENT_V1,2025.06.02 10:05:00,V28_2025_DEVELOPMENT,FIXED_DELAY_200_MS,USDCAD,USDCAD.V31,POSITION_CLOSE_ACCEPTED_AWAITING_TRANSACTION,POSITION_CLOSE_BROKER_ACCEPTED,Close request accepted; matching exit deal is not yet confirmed
SOLTRADE_PHASE6_V31A_EVENT_V1,2025.06.02 10:05:01,V28_2025_DEVELOPMENT,FIXED_DELAY_200_MS,USDCHF,USDCHF.V31,POSITION_CLOSE_ACCEPTED_AWAITING_TRANSACTION,POSITION_CLOSE_BROKER_ACCEPTED,Close request accepted; matching exit deal is not yet confirmed
SOLTRADE_PHASE6_V31A_EVENT_V1,2025.06.02 10:05:01,V28_2025_DEVELOPMENT,FIXED_DELAY_200_MS,USDJPY,USDJPY.V31,POSITION_CLOSE_ACCEPTED_AWAITING_TRANSACTION,POSITION_CLOSE_BROKER_ACCEPTED,Close request accepted; matching exit deal is not yet confirmed
SOLTRADE_PHASE6_V31A_EVENT_V1,2025.06.02 10:05:01,V28_2025_DEVELOPMENT,FIXED_DELAY_200_MS,EURUSD,EURUSD.V31,POSITION_EXIT_TRANSACTION_CONFIRMED,MATCHING_EXIT_DEAL_CONFIRMED,DOLLAR_FACTOR_REBALANCE
SOLTRADE_PHASE6_V31A_EVENT_V1,2025.06.02 10:05:01,V28_2025_DEVELOPMENT,FIXED_DELAY_200_MS,GBPUSD,GBPUSD.V31,POSITION_EXIT_TRANSACTION_CONFIRMED,MATCHING_EXIT_DEAL_CONFIRMED,DOLLAR_FACTOR_REBALANCE
SOLTRADE_PHASE6_V31A_EVENT_V1,2025.06.02 10:05:01,V28_2025_DEVELOPMENT,FIXED_DELAY_200_MS,AUDUSD,AUDUSD.V31,POSITION_EXIT_TRANSACTION_CONFIRMED,MATCHING_EXIT_DEAL_CONFIRMED,DOLLAR_FACTOR_REBALANCE
SOLTRADE_PHASE6_V31A_EVENT_V1,2025.06.02 10:05:01,V28_2025_DEVELOPMENT,FIXED_DELAY_200_MS,NZDUSD,NZDUSD.V31,POSITION_EXIT_TRANSACTION_CONFIRMED,MATCHING_EXIT_DEAL_CONFIRMED,DOLLAR_FACTOR_REBALANCE
SOLTRADE_PHASE6_V31A_EVENT_V1,2025.06.02 10:05:01,V28_2025_DEVELOPMENT,FIXED_DELAY_200_MS,USDCAD,USDCAD.V31,POSITION_EXIT_TRANSACTION_CONFIRMED,MATCHING_EXIT_DEAL_CONFIRMED,DOLLAR_FACTOR_REBALANCE
SOLTRADE_PHASE6_V31A_EVENT_V1,2025.06.02 10:05:01,V28_2025_DEVELOPMENT,FIXED_DELAY_200_MS,USDCHF,USDCHF.V31,POSITION_EXIT_TRANSACTION_CONFIRMED,MATCHING_EXIT_DEAL_CONFIRMED,DOLLAR_FACTOR_REBALANCE
SOLTRADE_PHASE6_V31A_EVENT_V1,2025.06.02 10:05:01,V28_2025_DEVELOPMENT,FIXED_DELAY_200_MS,USDJPY,USDJPY.V31,POSITION_EXIT_TRANSACTION_CONFIRMED,MATCHING_EXIT_DEAL_CONFIRMED,DOLLAR_FACTOR_REBALANCE
SOLTRADE_PHASE6_V31A_EVENT_V1,2025.06.02 10:05:01,V28_2025_DEVELOPMENT,FIXED_DELAY_200_MS,EURUSD,EURUSD.V31,ORDER_REQUEST_ACCEPTED_AWAITING_TRANSACTION,BROKER_REPORTED_FILL_AWAITING_CONFIRMATION,Broker returned DONE; fill remains unconfirmed until a matching trade transaction
SOLTRADE_PHASE6_V31A_EVENT_V1,2025.06.02 10:05:01,V28_2025_DEVELOPMENT,FIXED_DELAY_200_MS,GBPUSD,GBPUSD.V31,ORDER_REQUEST_ACCEPTED_AWAITING_TRANSACTION,BROKER_REPORTED_FILL_AWAITING_CONFIRMATION,Broker returned DONE; fill remains unconfirmed until a matching trade transaction
SOLTRADE_PHASE6_V31A_EVENT_V1,2025.06.02 10:05:01,V28_2025_DEVELOPMENT,FIXED_DELAY_200_MS,AUDUSD,AUDUSD.V31,ORDER_REQUEST_ACCEPTED_AWAITING_TRANSACTION,BROKER_REPORTED_FILL_AWAITING_CONFIRMATION,Broker returned DONE; fill remains unconfirmed until a matching trade transaction
SOLTRADE_PHASE6_V31A_EVENT_V1,2025.06.02 10:05:01,V28_2025_DEVELOPMENT,FIXED_DELAY_200_MS,NZDUSD,NZDUSD.V31,ORDER_REQUEST_ACCEPTED_AWAITING_TRANSACTION,BROKER_REPORTED_FILL_AWAITING_CONFIRMATION,Broker returned DONE; fill remains unconfirmed until a matching trade transaction
SOLTRADE_PHASE6_V31A_EVENT_V1,2025.06.02 10:05:02,V28_2025_DEVELOPMENT,FIXED_DELAY_200_MS,USDCAD,USDCAD.V31,ORDER_REQUEST_ACCEPTED_AWAITING_TRANSACTION,BROKER_REPORTED_FILL_AWAITING_CONFIRMATION,Broker returned DONE; fill remains unconfirmed until a matching trade transaction
SOLTRADE_PHASE6_V31A_EVENT_V1,2025.06.02 10:05:02,V28_2025_DEVELOPMENT,FIXED_DELAY_200_MS,USDCHF,USDCHF.V31,ORDER_REQUEST_ACCEPTED_AWAITING_TRANSACTION,BROKER_REPORTED_FILL_AWAITING_CONFIRMATION,Broker returned DONE; fill remains unconfirmed until a matching trade transaction
SOLTRADE_PHASE6_V31A_EVENT_V1,2025.06.02 10:05:03,V28_2025_DEVELOPMENT,FIXED_DELAY_200_MS,USDJPY,USDJPY.V31,ORDER_REQUEST_ACCEPTED_AWAITING_TRANSACTION,BROKER_REPORTED_FILL_AWAITING_CONFIRMATION,Broker returned DONE; fill remains unconfirmed until a matching trade transaction
SOLTRADE_PHASE6_V31A_EVENT_V1,2025.06.02 10:05:03,V28_2025_DEVELOPMENT,FIXED_DELAY_200_MS,GBPUSD,GBPUSD.V31,ORDER_FILL_CONFIRMED,BROKER_FILL_CONFIRMED,deal=73
SOLTRADE_PHASE6_V31A_EVENT_V1,2025.06.02 10:05:03,V28_2025_DEVELOPMENT,FIXED_DELAY_200_MS,AUDUSD,AUDUSD.V31,ORDER_FILL_CONFIRMED,BROKER_FILL_CONFIRMED,deal=74
SOLTRADE_PHASE6_V31A_EVENT_V1,2025.06.02 10:05:03,V28_2025_DEVELOPMENT,FIXED_DELAY_200_MS,NZDUSD,NZDUSD.V31,ORDER_FILL_CONFIRMED,BROKER_FILL_CONFIRMED,deal=75
SOLTRADE_PHASE6_V31A_EVENT_V1,2025.06.02 10:05:03,V28_2025_DEVELOPMENT,FIXED_DELAY_200_MS,USDCAD,USDCAD.V31,ORDER_FILL_CONFIRMED,BROKER_FILL_CONFIRMED,deal=76
SOLTRADE_PHASE6_V31A_EVENT_V1,2025.06.02 10:05:03,V28_2025_DEVELOPMENT,FIXED_DELAY_200_MS,USDCHF,USDCHF.V31,ORDER_FILL_CONFIRMED,BROKER_FILL_CONFIRMED,deal=77
SOLTRADE_PHASE6_V31A_EVENT_V1,2025.06.02 10:05:03,V28_2025_DEVELOPMENT,FIXED_DELAY_200_MS,USDJPY,USDJPY.V31,ORDER_FILL_CONFIRMED,BROKER_FILL_CONFIRMED,deal=78
SOLTRADE_PHASE6_V31A_EVENT_V1,2025.07.07 10:05:00,V28_2025_DEVELOPMENT,FIXED_DELAY_200_MS,EURUSD,EURUSD.V31,POSITION_CLOSE_ACCEPTED_AWAITING_TRANSACTION,POSITION_CLOSE_BROKER_ACCEPTED,Close request accepted; matching exit deal is not yet confirmed
SOLTRADE_PHASE6_V31A_EVENT_V1,2025.07.07 10:05:00,V28_2025_DEVELOPMENT,FIXED_DELAY_200_MS,GBPUSD,GBPUSD.V31,POSITION_CLOSE_ACCEPTED_AWAITING_TRANSACTION,POSITION_CLOSE_BROKER_ACCEPTED,Close request accepted; matching exit deal is not yet confirmed
SOLTRADE_PHASE6_V31A_EVENT_V1,2025.07.07 10:05:00,V28_2025_DEVELOPMENT,FIXED_DELAY_200_MS,AUDUSD,AUDUSD.V31,POSITION_CLOSE_ACCEPTED_AWAITING_TRANSACTION,POSITION_CLOSE_BROKER_ACCEPTED,Close request accepted; matching exit deal is not yet confirmed
SOLTRADE_PHASE6_V31A_EVENT_V1,2025.07.07 10:05:01,V28_2025_DEVELOPMENT,FIXED_DELAY_200_MS,NZDUSD,NZDUSD.V31,POSITION_CLOSE_ACCEPTED_AWAITING_TRANSACTION,POSITION_CLOSE_BROKER_ACCEPTED,Close request accepted; matching exit deal is not yet confirmed
SOLTRADE_PHASE6_V31A_EVENT_V1,2025.07.07 10:05:01,V28_2025_DEVELOPMENT,FIXED_DELAY_200_MS,USDCAD,USDCAD.V31,POSITION_CLOSE_ACCEPTED_AWAITING_TRANSACTION,POSITION_CLOSE_BROKER_ACCEPTED,Close request accepted; matching exit deal is not yet confirmed
SOLTRADE_PHASE6_V31A_EVENT_V1,2025.07.07 10:05:01,V28_2025_DEVELOPMENT,FIXED_DELAY_200_MS,USDCHF,USDCHF.V31,POSITION_CLOSE_ACCEPTED_AWAITING_TRANSACTION,POSITION_CLOSE_BROKER_ACCEPTED,Close request accepted; matching exit deal is not yet confirmed
SOLTRADE_PHASE6_V31A_EVENT_V1,2025.07.07 10:05:01,V28_2025_DEVELOPMENT,FIXED_DELAY_200_MS,EURUSD,EURUSD.V31,POSITION_EXIT_TRANSACTION_CONFIRMED,MATCHING_EXIT_DEAL_CONFIRMED,DOLLAR_FACTOR_REBALANCE
SOLTRADE_PHASE6_V31A_EVENT_V1,2025.07.07 10:05:01,V28_2025_DEVELOPMENT,FIXED_DELAY_200_MS,GBPUSD,GBPUSD.V31,POSITION_EXIT_TRANSACTION_CONFIRMED,MATCHING_EXIT_DEAL_CONFIRMED,DOLLAR_FACTOR_REBALANCE
SOLTRADE_PHASE6_V31A_EVENT_V1,2025.07.07 10:05:01,V28_2025_DEVELOPMENT,FIXED_DELAY_200_MS,AUDUSD,AUDUSD.V31,POSITION_EXIT_TRANSACTION_CONFIRMED,MATCHING_EXIT_DEAL_CONFIRMED,DOLLAR_FACTOR_REBALANCE
SOLTRADE_PHASE6_V31A_EVENT_V1,2025.07.07 10:05:01,V28_2025_DEVELOPMENT,FIXED_DELAY_200_MS,NZDUSD,NZDUSD.V31,POSITION_EXIT_TRANSACTION_CONFIRMED,MATCHING_EXIT_DEAL_CONFIRMED,DOLLAR_FACTOR_REBALANCE
SOLTRADE_PHASE6_V31A_EVENT_V1,2025.07.07 10:05:01,V28_2025_DEVELOPMENT,FIXED_DELAY_200_MS,USDCAD,USDCAD.V31,POSITION_EXIT_TRANSACTION_CONFIRMED,MATCHING_EXIT_DEAL_CONFIRMED,DOLLAR_FACTOR_REBALANCE
SOLTRADE_PHASE6_V31A_EVENT_V1,2025.07.07 10:05:01,V28_2025_DEVELOPMENT,FIXED_DELAY_200_MS,USDCHF,USDCHF.V31,POSITION_EXIT_TRANSACTION_CONFIRMED,MATCHING_EXIT_DEAL_CONFIRMED,DOLLAR_FACTOR_REBALANCE
SOLTRADE_PHASE6_V31A_EVENT_V1,2025.07.07 10:05:03,V28_2025_DEVELOPMENT,FIXED_DELAY_200_MS,EURUSD,EURUSD.V31,ORDER_REQUEST_ACCEPTED_AWAITING_TRANSACTION,BROKER_REPORTED_FILL_AWAITING_CONFIRMATION,Broker returned DONE; fill remains unconfirmed until a matching trade transaction
SOLTRADE_PHASE6_V31A_EVENT_V1,2025.07.07 10:05:03,V28_2025_DEVELOPMENT,FIXED_DELAY_200_MS,GBPUSD,GBPUSD.V31,ORDER_REQUEST_ACCEPTED_AWAITING_TRANSACTION,BROKER_REPORTED_FILL_AWAITING_CONFIRMATION,Broker returned DONE; fill remains unconfirmed until a matching trade transaction
SOLTRADE_PHASE6_V31A_EVENT_V1,2025.07.07 10:05:03,V28_2025_DEVELOPMENT,FIXED_DELAY_200_MS,AUDUSD,AUDUSD.V31,ORDER_REQUEST_ACCEPTED_AWAITING_TRANSACTION,BROKER_REPORTED_FILL_AWAITING_CONFIRMATION,Broker returned DONE; fill remains unconfirmed until a matching trade transaction
SOLTRADE_PHASE6_V31A_EVENT_V1,2025.07.07 10:05:03,V28_2025_DEVELOPMENT,FIXED_DELAY_200_MS,NZDUSD,NZDUSD.V31,ORDER_REQUEST_ACCEPTED_AWAITING_TRANSACTION,BROKER_REPORTED_FILL_AWAITING_CONFIRMATION,Broker returned DONE; fill remains unconfirmed until a matching trade transaction
SOLTRADE_PHASE6_V31A_EVENT_V1,2025.07.07 10:05:03,V28_2025_DEVELOPMENT,FIXED_DELAY_200_MS,USDCAD,USDCAD.V31,ORDER_REQUEST_ACCEPTED_AWAITING_TRANSACTION,BROKER_REPORTED_FILL_AWAITING_CONFIRMATION,Broker returned DONE; fill remains unconfirmed until a matching trade transaction
SOLTRADE_PHASE6_V31A_EVENT_V1,2025.07.07 10:05:03,V28_2025_DEVELOPMENT,FIXED_DELAY_200_MS,USDCHF,USDCHF.V31,ORDER_REQUEST_ACCEPTED_AWAITING_TRANSACTION,BROKER_REPORTED_FILL_AWAITING_CONFIRMATION,Broker returned DONE; fill remains unconfirmed until a matching trade transaction
SOLTRADE_PHASE6_V31A_EVENT_V1,2025.07.07 10:05:04,V28_2025_DEVELOPMENT,FIXED_DELAY_200_MS,USDJPY,USDJPY.V31,ORDER_REQUEST_ACCEPTED_AWAITING_TRANSACTION,BROKER_REPORTED_FILL_AWAITING_CONFIRMATION,Broker returned DONE; fill remains unconfirmed until a matching trade transaction
SOLTRADE_PHASE6_V31A_EVENT_V1,2025.07.07 10:05:04,V28_2025_DEVELOPMENT,FIXED_DELAY_200_MS,GBPUSD,GBPUSD.V31,ORDER_FILL_CONFIRMED,BROKER_FILL_CONFIRMED,deal=87
SOLTRADE_PHASE6_V31A_EVENT_V1,2025.07.07 10:05:04,V28_2025_DEVELOPMENT,FIXED_DELAY_200_MS,AUDUSD,AUDUSD.V31,ORDER_FILL_CONFIRMED,BROKER_FILL_CONFIRMED,deal=88
SOLTRADE_PHASE6_V31A_EVENT_V1,2025.07.07 10:05:04,V28_2025_DEVELOPMENT,FIXED_DELAY_200_MS,NZDUSD,NZDUSD.V31,ORDER_FILL_CONFIRMED,BROKER_FILL_CONFIRMED,deal=89
SOLTRADE_PHASE6_V31A_EVENT_V1,2025.07.07 10:05:04,V28_2025_DEVELOPMENT,FIXED_DELAY_200_MS,USDCAD,USDCAD.V31,ORDER_FILL_CONFIRMED,BROKER_FILL_CONFIRMED,deal=90
SOLTRADE_PHASE6_V31A_EVENT_V1,2025.07.07 10:05:04,V28_2025_DEVELOPMENT,FIXED_DELAY_200_MS,USDCHF,USDCHF.V31,ORDER_FILL_CONFIRMED,BROKER_FILL_CONFIRMED,deal=91
SOLTRADE_PHASE6_V31A_EVENT_V1,2025.07.07 10:05:04,V28_2025_DEVELOPMENT,FIXED_DELAY_200_MS,USDJPY,USDJPY.V31,ORDER_FILL_CONFIRMED,BROKER_FILL_CONFIRMED,deal=92
SOLTRADE_PHASE6_V31A_EVENT_V1,2025.08.04 10:05:00,V28_2025_DEVELOPMENT,FIXED_DELAY_200_MS,AUDUSD,AUDUSD.V31,POSITION_CLOSE_ACCEPTED_AWAITING_TRANSACTION,POSITION_CLOSE_BROKER_ACCEPTED,Close request accepted; matching exit deal is not yet confirmed
SOLTRADE_PHASE6_V31A_EVENT_V1,2025.08.04 10:05:00,V28_2025_DEVELOPMENT,FIXED_DELAY_200_MS,NZDUSD,NZDUSD.V31,POSITION_CLOSE_ACCEPTED_AWAITING_TRANSACTION,POSITION_CLOSE_BROKER_ACCEPTED,Close request accepted; matching exit deal is not yet confirmed
SOLTRADE_PHASE6_V31A_EVENT_V1,2025.08.04 10:05:00,V28_2025_DEVELOPMENT,FIXED_DELAY_200_MS,USDCAD,USDCAD.V31,POSITION_CLOSE_ACCEPTED_AWAITING_TRANSACTION,POSITION_CLOSE_BROKER_ACCEPTED,Close request accepted; matching exit deal is not yet confirmed
SOLTRADE_PHASE6_V31A_EVENT_V1,2025.08.04 10:05:00,V28_2025_DEVELOPMENT,FIXED_DELAY_200_MS,AUDUSD,AUDUSD.V31,POSITION_EXIT_TRANSACTION_CONFIRMED,MATCHING_EXIT_DEAL_CONFIRMED,DOLLAR_FACTOR_REBALANCE
SOLTRADE_PHASE6_V31A_EVENT_V1,2025.08.04 10:05:00,V28_2025_DEVELOPMENT,FIXED_DELAY_200_MS,NZDUSD,NZDUSD.V31,POSITION_EXIT_TRANSACTION_CONFIRMED,MATCHING_EXIT_DEAL_CONFIRMED,DOLLAR_FACTOR_REBALANCE
SOLTRADE_PHASE6_V31A_EVENT_V1,2025.08.04 10:05:00,V28_2025_DEVELOPMENT,FIXED_DELAY_200_MS,USDCAD,USDCAD.V31,POSITION_EXIT_TRANSACTION_CONFIRMED,MATCHING_EXIT_DEAL_CONFIRMED,DOLLAR_FACTOR_REBALANCE
SOLTRADE_PHASE6_V31A_EVENT_V1,2025.08.04 10:05:01,V28_2025_DEVELOPMENT,FIXED_DELAY_200_MS,EURUSD,EURUSD.V31,EXECUTION_REJECTED,RISK_ENGINE_LOCKED,Consecutive-loss pause active until next broker day
SOLTRADE_PHASE6_V31A_EVENT_V1,2025.08.04 10:05:01,V28_2025_DEVELOPMENT,FIXED_DELAY_200_MS,GBPUSD,GBPUSD.V31,EXECUTION_REJECTED,RISK_ENGINE_LOCKED,Consecutive-loss pause active until next broker day
SOLTRADE_PHASE6_V31A_EVENT_V1,2025.08.04 10:05:01,V28_2025_DEVELOPMENT,FIXED_DELAY_200_MS,AUDUSD,AUDUSD.V31,EXECUTION_REJECTED,RISK_ENGINE_LOCKED,Consecutive-loss pause active until next broker day
SOLTRADE_PHASE6_V31A_EVENT_V1,2025.08.04 10:05:01,V28_2025_DEVELOPMENT,FIXED_DELAY_200_MS,NZDUSD,NZDUSD.V31,EXECUTION_REJECTED,RISK_ENGINE_LOCKED,Consecutive-loss pause active until next broker day
SOLTRADE_PHASE6_V31A_EVENT_V1,2025.08.04 10:05:01,V28_2025_DEVELOPMENT,FIXED_DELAY_200_MS,USDCAD,USDCAD.V31,EXECUTION_REJECTED,RISK_ENGINE_LOCKED,Consecutive-loss pause active until next broker day
SOLTRADE_PHASE6_V31A_EVENT_V1,2025.08.04 10:05:01,V28_2025_DEVELOPMENT,FIXED_DELAY_200_MS,USDCHF,USDCHF.V31,EXECUTION_REJECTED,RISK_ENGINE_LOCKED,Consecutive-loss pause active until next broker day
SOLTRADE_PHASE6_V31A_EVENT_V1,2025.08.04 10:05:01,V28_2025_DEVELOPMENT,FIXED_DELAY_200_MS,USDJPY,USDJPY.V31,EXECUTION_REJECTED,RISK_ENGINE_LOCKED,Consecutive-loss pause active until next broker day
SOLTRADE_PHASE6_V31A_EVENT_V1,2025.09.01 10:05:00,V28_2025_DEVELOPMENT,FIXED_DELAY_200_MS,EURUSD,EURUSD.V31,ORDER_REQUEST_ACCEPTED_AWAITING_TRANSACTION,BROKER_REPORTED_FILL_AWAITING_CONFIRMATION,Broker returned DONE; fill remains unconfirmed until a matching trade transaction
SOLTRADE_PHASE6_V31A_EVENT_V1,2025.09.01 10:05:00,V28_2025_DEVELOPMENT,FIXED_DELAY_200_MS,GBPUSD,GBPUSD.V31,ORDER_REQUEST_ACCEPTED_AWAITING_TRANSACTION,BROKER_REPORTED_FILL_AWAITING_CONFIRMATION,Broker returned DONE; fill remains unconfirmed until a matching trade transaction
SOLTRADE_PHASE6_V31A_EVENT_V1,2025.09.01 10:05:00,V28_2025_DEVELOPMENT,FIXED_DELAY_200_MS,AUDUSD,AUDUSD.V31,ORDER_REQUEST_ACCEPTED_AWAITING_TRANSACTION,BROKER_REPORTED_FILL_AWAITING_CONFIRMATION,Broker returned DONE; fill remains unconfirmed until a matching trade transaction
SOLTRADE_PHASE6_V31A_EVENT_V1,2025.09.01 10:05:00,V28_2025_DEVELOPMENT,FIXED_DELAY_200_MS,NZDUSD,NZDUSD.V31,ORDER_REQUEST_ACCEPTED_AWAITING_TRANSACTION,BROKER_REPORTED_FILL_AWAITING_CONFIRMATION,Broker returned DONE; fill remains unconfirmed until a matching trade transaction
SOLTRADE_PHASE6_V31A_EVENT_V1,2025.09.01 10:05:00,V28_2025_DEVELOPMENT,FIXED_DELAY_200_MS,USDCAD,USDCAD.V31,ORDER_REQUEST_ACCEPTED_AWAITING_TRANSACTION,BROKER_REPORTED_FILL_AWAITING_CONFIRMATION,Broker returned DONE; fill remains unconfirmed until a matching trade transaction
SOLTRADE_PHASE6_V31A_EVENT_V1,2025.09.01 10:05:01,V28_2025_DEVELOPMENT,FIXED_DELAY_200_MS,USDCHF,USDCHF.V31,ORDER_REQUEST_ACCEPTED_AWAITING_TRANSACTION,BROKER_REPORTED_FILL_AWAITING_CONFIRMATION,Broker returned DONE; fill remains unconfirmed until a matching trade transaction
SOLTRADE_PHASE6_V31A_EVENT_V1,2025.09.01 10:05:01,V28_2025_DEVELOPMENT,FIXED_DELAY_200_MS,USDJPY,USDJPY.V31,ORDER_REQUEST_ACCEPTED_AWAITING_TRANSACTION,BROKER_REPORTED_FILL_AWAITING_CONFIRMATION,Broker returned DONE; fill remains unconfirmed until a matching trade transaction
SOLTRADE_PHASE6_V31A_EVENT_V1,2025.09.01 10:05:01,V28_2025_DEVELOPMENT,FIXED_DELAY_200_MS,GBPUSD,GBPUSD.V31,ORDER_FILL_CONFIRMED,BROKER_FILL_CONFIRMED,deal=101
SOLTRADE_PHASE6_V31A_EVENT_V1,2025.09.01 10:05:01,V28_2025_DEVELOPMENT,FIXED_DELAY_200_MS,AUDUSD,AUDUSD.V31,ORDER_FILL_CONFIRMED,BROKER_FILL_CONFIRMED,deal=102
SOLTRADE_PHASE6_V31A_EVENT_V1,2025.09.01 10:05:01,V28_2025_DEVELOPMENT,FIXED_DELAY_200_MS,NZDUSD,NZDUSD.V31,ORDER_FILL_CONFIRMED,BROKER_FILL_CONFIRMED,deal=103
SOLTRADE_PHASE6_V31A_EVENT_V1,2025.09.01 10:05:01,V28_2025_DEVELOPMENT,FIXED_DELAY_200_MS,USDCAD,USDCAD.V31,ORDER_FILL_CONFIRMED,BROKER_FILL_CONFIRMED,deal=104
SOLTRADE_PHASE6_V31A_EVENT_V1,2025.09.01 10:05:01,V28_2025_DEVELOPMENT,FIXED_DELAY_200_MS,USDCHF,USDCHF.V31,ORDER_FILL_CONFIRMED,BROKER_FILL_CONFIRMED,deal=105
SOLTRADE_PHASE6_V31A_EVENT_V1,2025.09.01 10:05:01,V28_2025_DEVELOPMENT,FIXED_DELAY_200_MS,USDJPY,USDJPY.V31,ORDER_FILL_CONFIRMED,BROKER_FILL_CONFIRMED,deal=106
SOLTRADE_PHASE6_V31A_EVENT_V1,2025.10.06 10:05:00,V28_2025_DEVELOPMENT,FIXED_DELAY_200_MS,EURUSD,EURUSD.V31,POSITION_CLOSE_ACCEPTED_AWAITING_TRANSACTION,POSITION_CLOSE_BROKER_ACCEPTED,Close request accepted; matching exit deal is not yet confirmed
SOLTRADE_PHASE6_V31A_EVENT_V1,2025.10.06 10:05:00,V28_2025_DEVELOPMENT,FIXED_DELAY_200_MS,GBPUSD,GBPUSD.V31,POSITION_CLOSE_ACCEPTED_AWAITING_TRANSACTION,POSITION_CLOSE_BROKER_ACCEPTED,Close request accepted; matching exit deal is not yet confirmed
SOLTRADE_PHASE6_V31A_EVENT_V1,2025.10.06 10:05:00,V28_2025_DEVELOPMENT,FIXED_DELAY_200_MS,AUDUSD,AUDUSD.V31,POSITION_CLOSE_ACCEPTED_AWAITING_TRANSACTION,POSITION_CLOSE_BROKER_ACCEPTED,Close request accepted; matching exit deal is not yet confirmed
SOLTRADE_PHASE6_V31A_EVENT_V1,2025.10.06 10:05:01,V28_2025_DEVELOPMENT,FIXED_DELAY_200_MS,NZDUSD,NZDUSD.V31,POSITION_CLOSE_ACCEPTED_AWAITING_TRANSACTION,POSITION_CLOSE_BROKER_ACCEPTED,Close request accepted; matching exit deal is not yet confirmed
SOLTRADE_PHASE6_V31A_EVENT_V1,2025.10.06 10:05:01,V28_2025_DEVELOPMENT,FIXED_DELAY_200_MS,USDCHF,USDCHF.V31,POSITION_CLOSE_ACCEPTED_AWAITING_TRANSACTION,POSITION_CLOSE_BROKER_ACCEPTED,Close request accepted; matching exit deal is not yet confirmed
SOLTRADE_PHASE6_V31A_EVENT_V1,2025.10.06 10:05:01,V28_2025_DEVELOPMENT,FIXED_DELAY_200_MS,EURUSD,EURUSD.V31,POSITION_EXIT_TRANSACTION_CONFIRMED,MATCHING_EXIT_DEAL_CONFIRMED,DOLLAR_FACTOR_REBALANCE
SOLTRADE_PHASE6_V31A_EVENT_V1,2025.10.06 10:05:01,V28_2025_DEVELOPMENT,FIXED_DELAY_200_MS,GBPUSD,GBPUSD.V31,POSITION_EXIT_TRANSACTION_CONFIRMED,MATCHING_EXIT_DEAL_CONFIRMED,DOLLAR_FACTOR_REBALANCE
SOLTRADE_PHASE6_V31A_EVENT_V1,2025.10.06 10:05:01,V28_2025_DEVELOPMENT,FIXED_DELAY_200_MS,AUDUSD,AUDUSD.V31,POSITION_EXIT_TRANSACTION_CONFIRMED,MATCHING_EXIT_DEAL_CONFIRMED,DOLLAR_FACTOR_REBALANCE
SOLTRADE_PHASE6_V31A_EVENT_V1,2025.10.06 10:05:01,V28_2025_DEVELOPMENT,FIXED_DELAY_200_MS,NZDUSD,NZDUSD.V31,POSITION_EXIT_TRANSACTION_CONFIRMED,MATCHING_EXIT_DEAL_CONFIRMED,DOLLAR_FACTOR_REBALANCE
SOLTRADE_PHASE6_V31A_EVENT_V1,2025.10.06 10:05:01,V28_2025_DEVELOPMENT,FIXED_DELAY_200_MS,USDCHF,USDCHF.V31,POSITION_EXIT_TRANSACTION_CONFIRMED,MATCHING_EXIT_DEAL_CONFIRMED,DOLLAR_FACTOR_REBALANCE
SOLTRADE_PHASE6_V31A_EVENT_V1,2025.10.06 10:05:02,V28_2025_DEVELOPMENT,FIXED_DELAY_200_MS,EURUSD,EURUSD.V31,ORDER_REQUEST_ACCEPTED_AWAITING_TRANSACTION,BROKER_REPORTED_FILL_AWAITING_CONFIRMATION,Broker returned DONE; fill remains unconfirmed until a matching trade transaction
SOLTRADE_PHASE6_V31A_EVENT_V1,2025.10.06 10:05:02,V28_2025_DEVELOPMENT,FIXED_DELAY_200_MS,GBPUSD,GBPUSD.V31,ORDER_REQUEST_ACCEPTED_AWAITING_TRANSACTION,BROKER_REPORTED_FILL_AWAITING_CONFIRMATION,Broker returned DONE; fill remains unconfirmed until a matching trade transaction
SOLTRADE_PHASE6_V31A_EVENT_V1,2025.10.06 10:05:02,V28_2025_DEVELOPMENT,FIXED_DELAY_200_MS,AUDUSD,AUDUSD.V31,ORDER_REQUEST_ACCEPTED_AWAITING_TRANSACTION,BROKER_REPORTED_FILL_AWAITING_CONFIRMATION,Broker returned DONE; fill remains unconfirmed until a matching trade transaction
SOLTRADE_PHASE6_V31A_EVENT_V1,2025.10.06 10:05:02,V28_2025_DEVELOPMENT,FIXED_DELAY_200_MS,NZDUSD,NZDUSD.V31,ORDER_REQUEST_ACCEPTED_AWAITING_TRANSACTION,BROKER_REPORTED_FILL_AWAITING_CONFIRMATION,Broker returned DONE; fill remains unconfirmed until a matching trade transaction
SOLTRADE_PHASE6_V31A_EVENT_V1,2025.10.06 10:05:02,V28_2025_DEVELOPMENT,FIXED_DELAY_200_MS,USDCAD,USDCAD.V31,ORDER_REQUEST_ACCEPTED_AWAITING_TRANSACTION,BROKER_REPORTED_FILL_AWAITING_CONFIRMATION,Broker returned DONE; fill remains unconfirmed until a matching trade transaction
SOLTRADE_PHASE6_V31A_EVENT_V1,2025.10.06 10:05:03,V28_2025_DEVELOPMENT,FIXED_DELAY_200_MS,USDCHF,USDCHF.V31,ORDER_REQUEST_ACCEPTED_AWAITING_TRANSACTION,BROKER_REPORTED_FILL_AWAITING_CONFIRMATION,Broker returned DONE; fill remains unconfirmed until a matching trade transaction
SOLTRADE_PHASE6_V31A_EVENT_V1,2025.10.06 10:05:03,V28_2025_DEVELOPMENT,FIXED_DELAY_200_MS,USDJPY,USDJPY.V31,ORDER_REQUEST_ACCEPTED_AWAITING_TRANSACTION,BROKER_REPORTED_FILL_AWAITING_CONFIRMATION,Broker returned DONE; fill remains unconfirmed until a matching trade transaction
SOLTRADE_PHASE6_V31A_EVENT_V1,2025.10.06 10:05:03,V28_2025_DEVELOPMENT,FIXED_DELAY_200_MS,GBPUSD,GBPUSD.V31,ORDER_FILL_CONFIRMED,BROKER_FILL_CONFIRMED,deal=115
SOLTRADE_PHASE6_V31A_EVENT_V1,2025.10.06 10:05:03,V28_2025_DEVELOPMENT,FIXED_DELAY_200_MS,AUDUSD,AUDUSD.V31,ORDER_FILL_CONFIRMED,BROKER_FILL_CONFIRMED,deal=116
SOLTRADE_PHASE6_V31A_EVENT_V1,2025.10.06 10:05:03,V28_2025_DEVELOPMENT,FIXED_DELAY_200_MS,NZDUSD,NZDUSD.V31,ORDER_FILL_CONFIRMED,BROKER_FILL_CONFIRMED,deal=117
SOLTRADE_PHASE6_V31A_EVENT_V1,2025.10.06 10:05:03,V28_2025_DEVELOPMENT,FIXED_DELAY_200_MS,USDCAD,USDCAD.V31,ORDER_FILL_CONFIRMED,BROKER_FILL_CONFIRMED,deal=118
SOLTRADE_PHASE6_V31A_EVENT_V1,2025.10.06 10:05:03,V28_2025_DEVELOPMENT,FIXED_DELAY_200_MS,USDCHF,USDCHF.V31,ORDER_FILL_CONFIRMED,BROKER_FILL_CONFIRMED,deal=119
SOLTRADE_PHASE6_V31A_EVENT_V1,2025.10.06 10:05:03,V28_2025_DEVELOPMENT,FIXED_DELAY_200_MS,USDJPY,USDJPY.V31,ORDER_FILL_CONFIRMED,BROKER_FILL_CONFIRMED,deal=120
SOLTRADE_PHASE6_V31A_EVENT_V1,2025.11.03 10:05:00,V28_2025_DEVELOPMENT,FIXED_DELAY_200_MS,EURUSD,EURUSD.V31,POSITION_CLOSE_ACCEPTED_AWAITING_TRANSACTION,POSITION_CLOSE_BROKER_ACCEPTED,Close request accepted; matching exit deal is not yet confirmed
SOLTRADE_PHASE6_V31A_EVENT_V1,2025.11.03 10:05:00,V28_2025_DEVELOPMENT,FIXED_DELAY_200_MS,GBPUSD,GBPUSD.V31,POSITION_CLOSE_ACCEPTED_AWAITING_TRANSACTION,POSITION_CLOSE_BROKER_ACCEPTED,Close request accepted; matching exit deal is not yet confirmed
SOLTRADE_PHASE6_V31A_EVENT_V1,2025.11.03 10:05:00,V28_2025_DEVELOPMENT,FIXED_DELAY_200_MS,AUDUSD,AUDUSD.V31,POSITION_CLOSE_ACCEPTED_AWAITING_TRANSACTION,POSITION_CLOSE_BROKER_ACCEPTED,Close request accepted; matching exit deal is not yet confirmed
SOLTRADE_PHASE6_V31A_EVENT_V1,2025.11.03 10:05:01,V28_2025_DEVELOPMENT,FIXED_DELAY_200_MS,NZDUSD,NZDUSD.V31,POSITION_CLOSE_ACCEPTED_AWAITING_TRANSACTION,POSITION_CLOSE_BROKER_ACCEPTED,Close request accepted; matching exit deal is not yet confirmed
SOLTRADE_PHASE6_V31A_EVENT_V1,2025.11.03 10:05:01,V28_2025_DEVELOPMENT,FIXED_DELAY_200_MS,USDCAD,USDCAD.V31,POSITION_CLOSE_ACCEPTED_AWAITING_TRANSACTION,POSITION_CLOSE_BROKER_ACCEPTED,Close request accepted; matching exit deal is not yet confirmed
SOLTRADE_PHASE6_V31A_EVENT_V1,2025.11.03 10:05:01,V28_2025_DEVELOPMENT,FIXED_DELAY_200_MS,USDCHF,USDCHF.V31,POSITION_CLOSE_ACCEPTED_AWAITING_TRANSACTION,POSITION_CLOSE_BROKER_ACCEPTED,Close request accepted; matching exit deal is not yet confirmed
SOLTRADE_PHASE6_V31A_EVENT_V1,2025.11.03 10:05:01,V28_2025_DEVELOPMENT,FIXED_DELAY_200_MS,USDJPY,USDJPY.V31,POSITION_CLOSE_ACCEPTED_AWAITING_TRANSACTION,POSITION_CLOSE_BROKER_ACCEPTED,Close request accepted; matching exit deal is not yet confirmed
SOLTRADE_PHASE6_V31A_EVENT_V1,2025.11.03 10:05:01,V28_2025_DEVELOPMENT,FIXED_DELAY_200_MS,EURUSD,EURUSD.V31,POSITION_EXIT_TRANSACTION_CONFIRMED,MATCHING_EXIT_DEAL_CONFIRMED,DOLLAR_FACTOR_REBALANCE
SOLTRADE_PHASE6_V31A_EVENT_V1,2025.11.03 10:05:01,V28_2025_DEVELOPMENT,FIXED_DELAY_200_MS,GBPUSD,GBPUSD.V31,POSITION_EXIT_TRANSACTION_CONFIRMED,MATCHING_EXIT_DEAL_CONFIRMED,DOLLAR_FACTOR_REBALANCE
SOLTRADE_PHASE6_V31A_EVENT_V1,2025.11.03 10:05:01,V28_2025_DEVELOPMENT,FIXED_DELAY_200_MS,AUDUSD,AUDUSD.V31,POSITION_EXIT_TRANSACTION_CONFIRMED,MATCHING_EXIT_DEAL_CONFIRMED,DOLLAR_FACTOR_REBALANCE
SOLTRADE_PHASE6_V31A_EVENT_V1,2025.11.03 10:05:01,V28_2025_DEVELOPMENT,FIXED_DELAY_200_MS,NZDUSD,NZDUSD.V31,POSITION_EXIT_TRANSACTION_CONFIRMED,MATCHING_EXIT_DEAL_CONFIRMED,DOLLAR_FACTOR_REBALANCE
SOLTRADE_PHASE6_V31A_EVENT_V1,2025.11.03 10:05:01,V28_2025_DEVELOPMENT,FIXED_DELAY_200_MS,USDCAD,USDCAD.V31,POSITION_EXIT_TRANSACTION_CONFIRMED,MATCHING_EXIT_DEAL_CONFIRMED,DOLLAR_FACTOR_REBALANCE
SOLTRADE_PHASE6_V31A_EVENT_V1,2025.11.03 10:05:01,V28_2025_DEVELOPMENT,FIXED_DELAY_200_MS,USDCHF,USDCHF.V31,POSITION_EXIT_TRANSACTION_CONFIRMED,MATCHING_EXIT_DEAL_CONFIRMED,DOLLAR_FACTOR_REBALANCE
SOLTRADE_PHASE6_V31A_EVENT_V1,2025.11.03 10:05:01,V28_2025_DEVELOPMENT,FIXED_DELAY_200_MS,USDJPY,USDJPY.V31,POSITION_EXIT_TRANSACTION_CONFIRMED,MATCHING_EXIT_DEAL_CONFIRMED,DOLLAR_FACTOR_REBALANCE
SOLTRADE_PHASE6_V31A_EVENT_V1,2025.11.03 10:05:02,V28_2025_DEVELOPMENT,FIXED_DELAY_200_MS,EURUSD,EURUSD.V31,ORDER_REQUEST_ACCEPTED_AWAITING_TRANSACTION,BROKER_REPORTED_FILL_AWAITING_CONFIRMATION,Broker returned DONE; fill remains unconfirmed until a matching trade transaction
SOLTRADE_PHASE6_V31A_EVENT_V1,2025.11.03 10:05:02,V28_2025_DEVELOPMENT,FIXED_DELAY_200_MS,GBPUSD,GBPUSD.V31,ORDER_REQUEST_ACCEPTED_AWAITING_TRANSACTION,BROKER_REPORTED_FILL_AWAITING_CONFIRMATION,Broker returned DONE; fill remains unconfirmed until a matching trade transaction
SOLTRADE_PHASE6_V31A_EVENT_V1,2025.11.03 10:05:02,V28_2025_DEVELOPMENT,FIXED_DELAY_200_MS,AUDUSD,AUDUSD.V31,ORDER_REQUEST_ACCEPTED_AWAITING_TRANSACTION,BROKER_REPORTED_FILL_AWAITING_CONFIRMATION,Broker returned DONE; fill remains unconfirmed until a matching trade transaction
SOLTRADE_PHASE6_V31A_EVENT_V1,2025.11.03 10:05:03,V28_2025_DEVELOPMENT,FIXED_DELAY_200_MS,NZDUSD,NZDUSD.V31,ORDER_REQUEST_ACCEPTED_AWAITING_TRANSACTION,BROKER_REPORTED_FILL_AWAITING_CONFIRMATION,Broker returned DONE; fill remains unconfirmed until a matching trade transaction
SOLTRADE_PHASE6_V31A_EVENT_V1,2025.11.03 10:05:03,V28_2025_DEVELOPMENT,FIXED_DELAY_200_MS,USDCAD,USDCAD.V31,ORDER_REQUEST_ACCEPTED_AWAITING_TRANSACTION,BROKER_REPORTED_FILL_AWAITING_CONFIRMATION,Broker returned DONE; fill remains unconfirmed until a matching trade transaction
SOLTRADE_PHASE6_V31A_EVENT_V1,2025.11.03 10:05:03,V28_2025_DEVELOPMENT,FIXED_DELAY_200_MS,USDCHF,USDCHF.V31,ORDER_REQUEST_ACCEPTED_AWAITING_TRANSACTION,BROKER_REPORTED_FILL_AWAITING_CONFIRMATION,Broker returned DONE; fill remains unconfirmed until a matching trade transaction
SOLTRADE_PHASE6_V31A_EVENT_V1,2025.11.03 10:05:03,V28_2025_DEVELOPMENT,FIXED_DELAY_200_MS,USDJPY,USDJPY.V31,ORDER_REQUEST_ACCEPTED_AWAITING_TRANSACTION,BROKER_REPORTED_FILL_AWAITING_CONFIRMATION,Broker returned DONE; fill remains unconfirmed until a matching trade transaction
SOLTRADE_PHASE6_V31A_EVENT_V1,2025.11.03 10:05:03,V28_2025_DEVELOPMENT,FIXED_DELAY_200_MS,GBPUSD,GBPUSD.V31,ORDER_FILL_CONFIRMED,BROKER_FILL_CONFIRMED,deal=129
SOLTRADE_PHASE6_V31A_EVENT_V1,2025.11.03 10:05:03,V28_2025_DEVELOPMENT,FIXED_DELAY_200_MS,AUDUSD,AUDUSD.V31,ORDER_FILL_CONFIRMED,BROKER_FILL_CONFIRMED,deal=130
SOLTRADE_PHASE6_V31A_EVENT_V1,2025.11.03 10:05:03,V28_2025_DEVELOPMENT,FIXED_DELAY_200_MS,NZDUSD,NZDUSD.V31,ORDER_FILL_CONFIRMED,BROKER_FILL_CONFIRMED,deal=131
SOLTRADE_PHASE6_V31A_EVENT_V1,2025.11.03 10:05:03,V28_2025_DEVELOPMENT,FIXED_DELAY_200_MS,USDCAD,USDCAD.V31,ORDER_FILL_CONFIRMED,BROKER_FILL_CONFIRMED,deal=132
SOLTRADE_PHASE6_V31A_EVENT_V1,2025.11.03 10:05:03,V28_2025_DEVELOPMENT,FIXED_DELAY_200_MS,USDCHF,USDCHF.V31,ORDER_FILL_CONFIRMED,BROKER_FILL_CONFIRMED,deal=133
SOLTRADE_PHASE6_V31A_EVENT_V1,2025.11.03 10:05:03,V28_2025_DEVELOPMENT,FIXED_DELAY_200_MS,USDJPY,USDJPY.V31,ORDER_FILL_CONFIRMED,BROKER_FILL_CONFIRMED,deal=134
SOLTRADE_PHASE6_V31A_EVENT_V1,2025.12.01 10:05:00,V28_2025_DEVELOPMENT,FIXED_DELAY_200_MS,EURUSD,EURUSD.V31,POSITION_CLOSE_ACCEPTED_AWAITING_TRANSACTION,POSITION_CLOSE_BROKER_ACCEPTED,Close request accepted; matching exit deal is not yet confirmed
SOLTRADE_PHASE6_V31A_EVENT_V1,2025.12.01 10:05:00,V28_2025_DEVELOPMENT,FIXED_DELAY_200_MS,GBPUSD,GBPUSD.V31,POSITION_CLOSE_ACCEPTED_AWAITING_TRANSACTION,POSITION_CLOSE_BROKER_ACCEPTED,Close request accepted; matching exit deal is not yet confirmed
SOLTRADE_PHASE6_V31A_EVENT_V1,2025.12.01 10:05:00,V28_2025_DEVELOPMENT,FIXED_DELAY_200_MS,AUDUSD,AUDUSD.V31,POSITION_CLOSE_ACCEPTED_AWAITING_TRANSACTION,POSITION_CLOSE_BROKER_ACCEPTED,Close request accepted; matching exit deal is not yet confirmed
SOLTRADE_PHASE6_V31A_EVENT_V1,2025.12.01 10:05:01,V28_2025_DEVELOPMENT,FIXED_DELAY_200_MS,NZDUSD,NZDUSD.V31,POSITION_CLOSE_ACCEPTED_AWAITING_TRANSACTION,POSITION_CLOSE_BROKER_ACCEPTED,Close request accepted; matching exit deal is not yet confirmed
SOLTRADE_PHASE6_V31A_EVENT_V1,2025.12.01 10:05:01,V28_2025_DEVELOPMENT,FIXED_DELAY_200_MS,USDCAD,USDCAD.V31,POSITION_CLOSE_ACCEPTED_AWAITING_TRANSACTION,POSITION_CLOSE_BROKER_ACCEPTED,Close request accepted; matching exit deal is not yet confirmed
SOLTRADE_PHASE6_V31A_EVENT_V1,2025.12.01 10:05:01,V28_2025_DEVELOPMENT,FIXED_DELAY_200_MS,USDJPY,USDJPY.V31,POSITION_CLOSE_ACCEPTED_AWAITING_TRANSACTION,POSITION_CLOSE_BROKER_ACCEPTED,Close request accepted; matching exit deal is not yet confirmed
SOLTRADE_PHASE6_V31A_EVENT_V1,2025.12.01 10:05:01,V28_2025_DEVELOPMENT,FIXED_DELAY_200_MS,EURUSD,EURUSD.V31,POSITION_EXIT_TRANSACTION_CONFIRMED,MATCHING_EXIT_DEAL_CONFIRMED,DOLLAR_FACTOR_REBALANCE
SOLTRADE_PHASE6_V31A_EVENT_V1,2025.12.01 10:05:01,V28_2025_DEVELOPMENT,FIXED_DELAY_200_MS,GBPUSD,GBPUSD.V31,POSITION_EXIT_TRANSACTION_CONFIRMED,MATCHING_EXIT_DEAL_CONFIRMED,DOLLAR_FACTOR_REBALANCE
SOLTRADE_PHASE6_V31A_EVENT_V1,2025.12.01 10:05:01,V28_2025_DEVELOPMENT,FIXED_DELAY_200_MS,AUDUSD,AUDUSD.V31,POSITION_EXIT_TRANSACTION_CONFIRMED,MATCHING_EXIT_DEAL_CONFIRMED,DOLLAR_FACTOR_REBALANCE
SOLTRADE_PHASE6_V31A_EVENT_V1,2025.12.01 10:05:01,V28_2025_DEVELOPMENT,FIXED_DELAY_200_MS,NZDUSD,NZDUSD.V31,POSITION_EXIT_TRANSACTION_CONFIRMED,MATCHING_EXIT_DEAL_CONFIRMED,DOLLAR_FACTOR_REBALANCE
SOLTRADE_PHASE6_V31A_EVENT_V1,2025.12.01 10:05:01,V28_2025_DEVELOPMENT,FIXED_DELAY_200_MS,USDCAD,USDCAD.V31,POSITION_EXIT_TRANSACTION_CONFIRMED,MATCHING_EXIT_DEAL_CONFIRMED,DOLLAR_FACTOR_REBALANCE
SOLTRADE_PHASE6_V31A_EVENT_V1,2025.12.01 10:05:01,V28_2025_DEVELOPMENT,FIXED_DELAY_200_MS,USDJPY,USDJPY.V31,POSITION_EXIT_TRANSACTION_CONFIRMED,MATCHING_EXIT_DEAL_CONFIRMED,DOLLAR_FACTOR_REBALANCE
