schema,time,dataset,execution_layer,symbol,record_type,signal_time,scheduled_exit,direction,requested_price,actual_price,spread_points,slippage_points,volume,initial_risk_amount,stop_loss,order_ticket,deal_ticket,broker_retcode,fill_confirmed,atr_or_exit_reason
SOLTRADE_PHASE6_V28_TRANSACTION_V1,2026.01.05 10:05:00,V28_2026_PRESEAL_DEVELOPMENT,FIXED_DELAY_200_MS,EURUSD,ENTRY_ATTEMPT,2026.01.05 10:05:00,2026.02.02 10:05:00,BUY,1.1687500000,0.0000000000,12,0.0000,0.03000000,40.83000000,1.1551400000,2,2,10009,NO,0.004533571429
SOLTRADE_PHASE6_V28_TRANSACTION_V1,2026.01.05 10:05:00,V28_2026_PRESEAL_DEVELOPMENT,FIXED_DELAY_200_MS,GBPUSD,ENTRY_ATTEMPT,2026.01.05 10:05:00,2026.02.02 10:05:00,BUY,1.3423800000,0.0000000000,14,0.0000,0.02000000,43.84000000,1.3204600000,3,3,10009,NO,0.007303571429
SOLTRADE_PHASE6_V28_TRANSACTION_V1,2026.01.05 10:05:00,V28_2026_PRESEAL_DEVELOPMENT,FIXED_DELAY_200_MS,AUDUSD,ENTRY_ATTEMPT,2026.01.05 10:05:00,2026.02.02 10:05:00,BUY,0.6672800000,0.0000000000,14,0.0000,0.04000000,46.08000000,0.6557600000,4,4,10009,NO,0.003840000000
SOLTRADE_PHASE6_V28_TRANSACTION_V1,2026.01.05 10:05:00,V28_2026_PRESEAL_DEVELOPMENT,FIXED_DELAY_200_MS,NZDUSD,ENTRY_ATTEMPT,2026.01.05 10:05:00,2026.02.02 10:05:00,BUY,0.5747700000,0.0000000000,14,0.0000,0.03000000,37.95000000,0.5621200000,5,5,10009,NO,0.004215714286
SOLTRADE_PHASE6_V28_TRANSACTION_V1,2026.01.05 10:05:00,V28_2026_PRESEAL_DEVELOPMENT,FIXED_DELAY_200_MS,USDCAD,ENTRY_ATTEMPT,2026.01.05 10:05:00,2026.02.02 10:05:00,SELL,1.3775600000,0.0000000000,18,0.0000,0.04000000,40.39025523,1.3914700000,6,6,10009,NO,0.004633571429
SOLTRADE_PHASE6_V28_TRANSACTION_V1,2026.01.05 10:05:00,V28_2026_PRESEAL_DEVELOPMENT,FIXED_DELAY_200_MS,USDCHF,ENTRY_ATTEMPT,2026.01.05 10:05:00,2026.02.02 10:05:00,SELL,0.7943600000,0.0000000000,16,0.0000,0.03000000,49.43726868,0.8074500000,7,7,10009,NO,0.004362142857
SOLTRADE_PHASE6_V28_TRANSACTION_V1,2026.01.05 10:05:00,V28_2026_PRESEAL_DEVELOPMENT,FIXED_DELAY_200_MS,USDJPY,ENTRY_ATTEMPT,2026.01.05 10:05:00,2026.02.02 10:05:00,SELL,156.9690000000,0.0000000000,13,0.0000,0.02000000,37.57669200,159.9180000000,8,8,10009,NO,0.982928571429
SOLTRADE_PHASE6_V28_TRANSACTION_V1,2026.01.05 10:05:00,V28_2026_PRESEAL_DEVELOPMENT,FIXED_DELAY_200_MS,GBPUSD,ENTRY_TRANSACTION,NONE,2026.02.02 10:05:00,BUY,1.3423800000,1.3423900000,14,1.0000,0.02000000,43.86000000,1.3204600000,3,3,10009,YES,0.000000000000
SOLTRADE_PHASE6_V28_TRANSACTION_V1,2026.01.05 10:05:00,V28_2026_PRESEAL_DEVELOPMENT,FIXED_DELAY_200_MS,AUDUSD,ENTRY_TRANSACTION,NONE,2026.02.02 10:05:00,BUY,0.6672800000,0.6672800000,14,0.0000,0.04000000,46.08000000,0.6557600000,4,4,10009,YES,0.000000000000
SOLTRADE_PHASE6_V28_TRANSACTION_V1,2026.01.05 10:05:00,V28_2026_PRESEAL_DEVELOPMENT,FIXED_DELAY_200_MS,NZDUSD,ENTRY_TRANSACTION,NONE,2026.02.02 10:05:00,BUY,0.5747700000,0.5747800000,14,1.0000,0.03000000,37.98000000,0.5621200000,5,5,10009,YES,0.000000000000
SOLTRADE_PHASE6_V28_TRANSACTION_V1,2026.01.05 10:05:00,V28_2026_PRESEAL_DEVELOPMENT,FIXED_DELAY_200_MS,USDCAD,ENTRY_TRANSACTION,NONE,2026.02.02 10:05:00,SELL,1.3775600000,1.3775600000,18,0.0000,0.04000000,40.39025523,1.3914700000,6,6,10009,YES,0.000000000000
SOLTRADE_PHASE6_V28_TRANSACTION_V1,2026.01.05 10:05:00,V28_2026_PRESEAL_DEVELOPMENT,FIXED_DELAY_200_MS,USDCHF,ENTRY_TRANSACTION,NONE,2026.02.02 10:05:00,SELL,0.7943600000,0.7943400000,16,2.0000,0.03000000,49.51280308,0.8074500000,7,7,10009,YES,0.000000000000
SOLTRADE_PHASE6_V28_TRANSACTION_V1,2026.01.05 10:05:00,V28_2026_PRESEAL_DEVELOPMENT,FIXED_DELAY_200_MS,USDJPY,ENTRY_TRANSACTION,NONE,2026.02.02 10:05:00,SELL,156.9690000000,156.9590000000,13,10.0000,0.02000000,37.70411381,159.9180000000,8,8,10009,YES,0.000000000000
SOLTRADE_PHASE6_V28_TRANSACTION_V1,2026.02.02 10:05:00,V28_2026_PRESEAL_DEVELOPMENT,FIXED_DELAY_200_MS,EURUSD,EXIT_ATTEMPT,2026.02.02 10:05:00,2026.02.02 10:05:00,BUY,1.1856900000,0.0000000000,0,0.0000,0.03000000,0,0,10,10,10009,NO,DOLLAR_FACTOR_REBALANCE
SOLTRADE_PHASE6_V28_TRANSACTION_V1,2026.02.02 10:05:00,V28_2026_PRESEAL_DEVELOPMENT,FIXED_DELAY_200_MS,GBPUSD,EXIT_ATTEMPT,2026.02.02 10:05:00,2026.02.02 10:05:00,BUY,1.3685500000,0.0000000000,0,0.0000,0.02000000,0,0,11,11,10009,NO,DOLLAR_FACTOR_REBALANCE
SOLTRADE_PHASE6_V28_TRANSACTION_V1,2026.02.02 10:05:00,V28_2026_PRESEAL_DEVELOPMENT,FIXED_DELAY_200_MS,AUDUSD,EXIT_ATTEMPT,2026.02.02 10:05:00,2026.02.02 10:05:00,BUY,0.6942900000,0.0000000000,0,0.0000,0.04000000,0,0,12,12,10009,NO,DOLLAR_FACTOR_REBALANCE
SOLTRADE_PHASE6_V28_TRANSACTION_V1,2026.02.02 10:05:00,V28_2026_PRESEAL_DEVELOPMENT,FIXED_DELAY_200_MS,NZDUSD,EXIT_ATTEMPT,2026.02.02 10:05:00,2026.02.02 10:05:00,BUY,0.6007900000,0.0000000000,0,0.0000,0.03000000,0,0,13,13,10009,NO,DOLLAR_FACTOR_REBALANCE
SOLTRADE_PHASE6_V28_TRANSACTION_V1,2026.02.02 10:05:00,V28_2026_PRESEAL_DEVELOPMENT,FIXED_DELAY_200_MS,USDCHF,EXIT_ATTEMPT,2026.02.02 10:05:00,2026.02.02 10:05:00,SELL,0.7731400000,0.0000000000,0,0.0000,0.03000000,0,0,14,14,10009,NO,DOLLAR_FACTOR_REBALANCE
SOLTRADE_PHASE6_V28_TRANSACTION_V1,2026.02.02 10:05:01,V28_2026_PRESEAL_DEVELOPMENT,FIXED_DELAY_200_MS,USDJPY,EXIT_ATTEMPT,2026.02.02 10:05:00,2026.02.02 10:05:00,SELL,154.9270000000,0.0000000000,0,0.0000,0.02000000,0,0,15,15,10009,NO,DOLLAR_FACTOR_REBALANCE
SOLTRADE_PHASE6_V28_TRANSACTION_V1,2026.02.02 10:05:01,V28_2026_PRESEAL_DEVELOPMENT,FIXED_DELAY_200_MS,EURUSD,EXIT_TRANSACTION,NONE,NONE,BUY,1.1856900000,1.1856900000,0,0.0000,0.03000000,0,0,10,10,10009,YES,DOLLAR_FACTOR_REBALANCE
SOLTRADE_PHASE6_V28_TRANSACTION_V1,2026.02.02 10:05:01,V28_2026_PRESEAL_DEVELOPMENT,FIXED_DELAY_200_MS,GBPUSD,EXIT_TRANSACTION,NONE,NONE,BUY,1.3685500000,1.3685600000,0,-1.0000,0.02000000,0,0,11,11,10009,YES,DOLLAR_FACTOR_REBALANCE
SOLTRADE_PHASE6_V28_TRANSACTION_V1,2026.02.02 10:05:01,V28_2026_PRESEAL_DEVELOPMENT,FIXED_DELAY_200_MS,AUDUSD,EXIT_TRANSACTION,NONE,NONE,BUY,0.6942900000,0.6943000000,0,-1.0000,0.04000000,0,0,12,12,10009,YES,DOLLAR_FACTOR_REBALANCE
SOLTRADE_PHASE6_V28_TRANSACTION_V1,2026.02.02 10:05:01,V28_2026_PRESEAL_DEVELOPMENT,FIXED_DELAY_200_MS,NZDUSD,EXIT_TRANSACTION,NONE,NONE,BUY,0.6007900000,0.6008000000,0,-1.0000,0.03000000,0,0,13,13,10009,YES,DOLLAR_FACTOR_REBALANCE
SOLTRADE_PHASE6_V28_TRANSACTION_V1,2026.02.02 10:05:01,V28_2026_PRESEAL_DEVELOPMENT,FIXED_DELAY_200_MS,USDCHF,EXIT_TRANSACTION,NONE,NONE,SELL,0.7731400000,0.7731600000,0,2.0000,0.03000000,0,0,14,14,10009,YES,DOLLAR_FACTOR_REBALANCE
SOLTRADE_PHASE6_V28_TRANSACTION_V1,2026.02.02 10:05:01,V28_2026_PRESEAL_DEVELOPMENT,FIXED_DELAY_200_MS,USDJPY,EXIT_TRANSACTION,NONE,NONE,SELL,154.9270000000,154.9360000000,0,9.0000,0.02000000,0,0,15,15,10009,YES,DOLLAR_FACTOR_REBALANCE
SOLTRADE_PHASE6_V28_TRANSACTION_V1,2026.02.02 10:05:01,V28_2026_PRESEAL_DEVELOPMENT,FIXED_DELAY_200_MS,EURUSD,ENTRY_ATTEMPT,2026.02.02 10:05:00,2026.03.02 10:05:00,BUY,1.1857000000,0.0000000000,12,0.0000,0.01000000,28.19000000,1.1575100000,16,16,10009,NO,0.009395714286
SOLTRADE_PHASE6_V28_TRANSACTION_V1,2026.02.02 10:05:01,V28_2026_PRESEAL_DEVELOPMENT,FIXED_DELAY_200_MS,GBPUSD,ENTRY_ATTEMPT,2026.02.02 10:05:00,2026.03.02 10:05:00,BUY,1.3686600000,0.0000000000,15,0.0000,0.01000000,29.35000000,1.3393100000,17,17,10009,NO,0.009782857143
SOLTRADE_PHASE6_V28_TRANSACTION_V1,2026.02.02 10:05:01,V28_2026_PRESEAL_DEVELOPMENT,FIXED_DELAY_200_MS,AUDUSD,ENTRY_ATTEMPT,2026.02.02 10:05:00,2026.03.02 10:05:00,BUY,0.6944300000,0.0000000000,15,0.0000,0.02000000,40.40000000,0.6742300000,18,18,10009,NO,0.006732857143
SOLTRADE_PHASE6_V28_TRANSACTION_V1,2026.02.02 10:05:01,V28_2026_PRESEAL_DEVELOPMENT,FIXED_DELAY_200_MS,NZDUSD,ENTRY_ATTEMPT,2026.02.02 10:05:00,2026.03.02 10:05:00,BUY,0.6009400000,0.0000000000,14,0.0000,0.02000000,35.62000000,0.5831300000,19,19,10009,NO,0.005934285714
SOLTRADE_PHASE6_V28_TRANSACTION_V1,2026.02.02 10:05:02,V28_2026_PRESEAL_DEVELOPMENT,FIXED_DELAY_200_MS,USDCAD,ENTRY_ATTEMPT,2026.02.02 10:05:00,2026.03.02 10:05:00,SELL,1.3649500000,0.0000000000,17,0.0000,0.03000000,49.09655440,1.3877200000,20,20,10009,NO,0.007588571429
SOLTRADE_PHASE6_V28_TRANSACTION_V1,2026.02.02 10:05:02,V28_2026_PRESEAL_DEVELOPMENT,FIXED_DELAY_200_MS,USDCHF,ENTRY_ATTEMPT,2026.02.02 10:05:00,2026.03.02 10:05:00,SELL,0.7729900000,0.0000000000,17,0.0000,0.01000000,33.24751937,0.7986900000,21,21,10009,NO,0.008564285714
SOLTRADE_PHASE6_V28_TRANSACTION_V1,2026.02.02 10:05:02,V28_2026_PRESEAL_DEVELOPMENT,FIXED_DELAY_200_MS,USDJPY,ENTRY_ATTEMPT,2026.02.02 10:05:00,2026.03.02 10:05:00,SELL,154.9220000000,0.0000000000,14,0.0000,0.01000000,29.10496895,159.4310000000,22,22,10009,NO,1.502857142857
SOLTRADE_PHASE6_V28_TRANSACTION_V1,2026.02.02 10:05:02,V28_2026_PRESEAL_DEVELOPMENT,FIXED_DELAY_200_MS,GBPUSD,ENTRY_TRANSACTION,NONE,2026.03.02 10:05:00,BUY,1.3686600000,1.3685600000,15,-10.0000,0.01000000,29.25000000,1.3393100000,17,17,10009,YES,0.000000000000
SOLTRADE_PHASE6_V28_TRANSACTION_V1,2026.02.02 10:05:02,V28_2026_PRESEAL_DEVELOPMENT,FIXED_DELAY_200_MS,AUDUSD,ENTRY_TRANSACTION,NONE,2026.03.02 10:05:00,BUY,0.6944300000,0.6943100000,15,-12.0000,0.02000000,40.16000000,0.6742300000,18,18,10009,YES,0.000000000000
SOLTRADE_PHASE6_V28_TRANSACTION_V1,2026.02.02 10:05:02,V28_2026_PRESEAL_DEVELOPMENT,FIXED_DELAY_200_MS,NZDUSD,ENTRY_TRANSACTION,NONE,2026.03.02 10:05:00,BUY,0.6009400000,0.6008000000,14,-14.0000,0.02000000,35.34000000,0.5831300000,19,19,10009,YES,0.000000000000
SOLTRADE_PHASE6_V28_TRANSACTION_V1,2026.02.02 10:05:02,V28_2026_PRESEAL_DEVELOPMENT,FIXED_DELAY_200_MS,USDCAD,ENTRY_TRANSACTION,NONE,2026.03.02 10:05:00,SELL,1.3649500000,1.3651600000,17,-21.0000,0.03000000,48.64375350,1.3877200000,20,20,10009,YES,0.000000000000
SOLTRADE_PHASE6_V28_TRANSACTION_V1,2026.02.02 10:05:02,V28_2026_PRESEAL_DEVELOPMENT,FIXED_DELAY_200_MS,USDCHF,ENTRY_TRANSACTION,NONE,2026.03.02 10:05:00,SELL,0.7729900000,0.7731000000,17,-11.0000,0.01000000,33.10521482,0.7986900000,21,21,10009,YES,0.000000000000
SOLTRADE_PHASE6_V28_TRANSACTION_V1,2026.02.02 10:05:02,V28_2026_PRESEAL_DEVELOPMENT,FIXED_DELAY_200_MS,USDJPY,ENTRY_TRANSACTION,NONE,2026.03.02 10:05:00,SELL,154.9220000000,154.9220000000,14,0.0000,0.01000000,29.10496895,159.4310000000,22,22,10009,YES,0.000000000000
SOLTRADE_PHASE6_V28_TRANSACTION_V1,2026.03.02 10:05:00,V28_2026_PRESEAL_DEVELOPMENT,FIXED_DELAY_200_MS,EURUSD,EXIT_ATTEMPT,2026.03.02 10:05:00,2026.03.02 10:05:00,BUY,1.1715300000,0.0000000000,0,0.0000,0.01000000,0,0,24,24,10009,NO,DOLLAR_FACTOR_REBALANCE
SOLTRADE_PHASE6_V28_TRANSACTION_V1,2026.03.02 10:05:00,V28_2026_PRESEAL_DEVELOPMENT,FIXED_DELAY_200_MS,AUDUSD,EXIT_ATTEMPT,2026.03.02 10:05:00,2026.03.02 10:05:00,BUY,0.7057700000,0.0000000000,0,0.0000,0.02000000,0,0,25,25,10009,NO,DOLLAR_FACTOR_REBALANCE
SOLTRADE_PHASE6_V28_TRANSACTION_V1,2026.03.02 10:05:00,V28_2026_PRESEAL_DEVELOPMENT,FIXED_DELAY_200_MS,NZDUSD,EXIT_ATTEMPT,2026.03.02 10:05:00,2026.03.02 10:05:00,BUY,0.5942900000,0.0000000000,0,0.0000,0.02000000,0,0,26,26,10009,NO,DOLLAR_FACTOR_REBALANCE
SOLTRADE_PHASE6_V28_TRANSACTION_V1,2026.03.02 10:05:00,V28_2026_PRESEAL_DEVELOPMENT,FIXED_DELAY_200_MS,USDCAD,EXIT_ATTEMPT,2026.03.02 10:05:00,2026.03.02 10:05:00,SELL,1.3658700000,0.0000000000,0,0.0000,0.03000000,0,0,27,27,10009,NO,DOLLAR_FACTOR_REBALANCE
SOLTRADE_PHASE6_V28_TRANSACTION_V1,2026.03.02 10:05:00,V28_2026_PRESEAL_DEVELOPMENT,FIXED_DELAY_200_MS,USDCHF,EXIT_ATTEMPT,2026.03.02 10:05:00,2026.03.02 10:05:00,SELL,0.7727500000,0.0000000000,0,0.0000,0.01000000,0,0,28,28,10009,NO,DOLLAR_FACTOR_REBALANCE
SOLTRADE_PHASE6_V28_TRANSACTION_V1,2026.03.02 10:05:01,V28_2026_PRESEAL_DEVELOPMENT,FIXED_DELAY_200_MS,USDJPY,EXIT_ATTEMPT,2026.03.02 10:05:00,2026.03.02 10:05:00,SELL,157.0540000000,0.0000000000,0,0.0000,0.01000000,0,0,29,29,10009,NO,DOLLAR_FACTOR_REBALANCE
SOLTRADE_PHASE6_V28_TRANSACTION_V1,2026.03.02 10:05:01,V28_2026_PRESEAL_DEVELOPMENT,FIXED_DELAY_200_MS,EURUSD,EXIT_TRANSACTION,NONE,NONE,BUY,1.1715300000,1.1715300000,0,0.0000,0.01000000,0,0,24,24,10009,YES,DOLLAR_FACTOR_REBALANCE
SOLTRADE_PHASE6_V28_TRANSACTION_V1,2026.03.02 10:05:01,V28_2026_PRESEAL_DEVELOPMENT,FIXED_DELAY_200_MS,AUDUSD,EXIT_TRANSACTION,NONE,NONE,BUY,0.7057700000,0.7057700000,0,0.0000,0.02000000,0,0,25,25,10009,YES,DOLLAR_FACTOR_REBALANCE
SOLTRADE_PHASE6_V28_TRANSACTION_V1,2026.03.02 10:05:01,V28_2026_PRESEAL_DEVELOPMENT,FIXED_DELAY_200_MS,NZDUSD,EXIT_TRANSACTION,NONE,NONE,BUY,0.5942900000,0.5943500000,0,-6.0000,0.02000000,0,0,26,26,10009,YES,DOLLAR_FACTOR_REBALANCE
SOLTRADE_PHASE6_V28_TRANSACTION_V1,2026.03.02 10:05:01,V28_2026_PRESEAL_DEVELOPMENT,FIXED_DELAY_200_MS,USDCAD,EXIT_TRANSACTION,NONE,NONE,SELL,1.3658700000,1.3658300000,0,-4.0000,0.03000000,0,0,27,27,10009,YES,DOLLAR_FACTOR_REBALANCE
SOLTRADE_PHASE6_V28_TRANSACTION_V1,2026.03.02 10:05:01,V28_2026_PRESEAL_DEVELOPMENT,FIXED_DELAY_200_MS,USDCHF,EXIT_TRANSACTION,NONE,NONE,SELL,0.7727500000,0.7727500000,0,0.0000,0.01000000,0,0,28,28,10009,YES,DOLLAR_FACTOR_REBALANCE
SOLTRADE_PHASE6_V28_TRANSACTION_V1,2026.03.02 10:05:01,V28_2026_PRESEAL_DEVELOPMENT,FIXED_DELAY_200_MS,USDJPY,EXIT_TRANSACTION,NONE,NONE,SELL,157.0540000000,157.0590000000,0,5.0000,0.01000000,0,0,29,29,10009,YES,DOLLAR_FACTOR_REBALANCE
SOLTRADE_PHASE6_V28_TRANSACTION_V1,2026.03.02 10:05:01,V28_2026_PRESEAL_DEVELOPMENT,FIXED_DELAY_200_MS,EURUSD,ENTRY_ATTEMPT,2026.03.02 10:05:00,2026.04.06 10:05:00,SELL,0.0000000000,0.0000000000,12,0.0000,0.00000000,0.00000000,0.0000000000,0,0,0,NO,0.005181428571
SOLTRADE_PHASE6_V28_TRANSACTION_V1,2026.03.02 10:05:01,V28_2026_PRESEAL_DEVELOPMENT,FIXED_DELAY_200_MS,GBPUSD,ENTRY_ATTEMPT,2026.03.02 10:05:00,2026.04.06 10:05:00,SELL,0.0000000000,0.0000000000,14,0.0000,0.00000000,0.00000000,0.0000000000,0,0,0,NO,0.008124285714
SOLTRADE_PHASE6_V28_TRANSACTION_V1,2026.03.02 10:05:01,V28_2026_PRESEAL_DEVELOPMENT,FIXED_DELAY_200_MS,AUDUSD,ENTRY_ATTEMPT,2026.03.02 10:05:00,2026.04.06 10:05:00,SELL,0.0000000000,0.0000000000,15,0.0000,0.00000000,0.00000000,0.0000000000,0,0,0,NO,0.005886428571
SOLTRADE_PHASE6_V28_TRANSACTION_V1,2026.03.02 10:05:01,V28_2026_PRESEAL_DEVELOPMENT,FIXED_DELAY_200_MS,NZDUSD,ENTRY_ATTEMPT,2026.03.02 10:05:00,2026.04.06 10:05:00,SELL,0.0000000000,0.0000000000,14,0.0000,0.00000000,0.00000000,0.0000000000,0,0,0,NO,0.004945000000
SOLTRADE_PHASE6_V28_TRANSACTION_V1,2026.03.02 10:05:01,V28_2026_PRESEAL_DEVELOPMENT,FIXED_DELAY_200_MS,USDCAD,ENTRY_ATTEMPT,2026.03.02 10:05:00,2026.04.06 10:05:00,BUY,0.0000000000,0.0000000000,16,0.0000,0.00000000,0.00000000,0.0000000000,0,0,0,NO,0.005785000000
SOLTRADE_PHASE6_V28_TRANSACTION_V1,2026.03.02 10:05:01,V28_2026_PRESEAL_DEVELOPMENT,FIXED_DELAY_200_MS,USDCHF,ENTRY_ATTEMPT,2026.03.02 10:05:00,2026.04.06 10:05:00,BUY,0.0000000000,0.0000000000,17,0.0000,0.00000000,0.00000000,0.0000000000,0,0,0,NO,0.005377857143
SOLTRADE_PHASE6_V28_TRANSACTION_V1,2026.03.02 10:05:01,V28_2026_PRESEAL_DEVELOPMENT,FIXED_DELAY_200_MS,USDJPY,ENTRY_ATTEMPT,2026.03.02 10:05:00,2026.04.06 10:05:00,BUY,0.0000000000,0.0000000000,15,0.0000,0.00000000,0.00000000,0.0000000000,0,0,0,NO,1.318571428571
SOLTRADE_PHASE6_V28_TRANSACTION_V1,2026.04.06 10:05:00,V28_2026_PRESEAL_DEVELOPMENT,FIXED_DELAY_200_MS,EURUSD,ENTRY_ATTEMPT,2026.04.06 10:05:00,2026.05.04 10:05:00,SELL,1.1529300000,0.0000000000,12,0.0000,0.01000000,26.72000000,1.1796500000,30,30,10009,NO,0.008905714286
SOLTRADE_PHASE6_V28_TRANSACTION_V1,2026.04.06 10:05:00,V28_2026_PRESEAL_DEVELOPMENT,FIXED_DELAY_200_MS,GBPUSD,ENTRY_ATTEMPT,2026.04.06 10:05:00,2026.05.04 10:05:00,SELL,1.3212700000,0.0000000000,15,0.0000,0.01000000,37.44000000,1.3587100000,31,31,10009,NO,0.012477142857
SOLTRADE_PHASE6_V28_TRANSACTION_V1,2026.04.06 10:05:00,V28_2026_PRESEAL_DEVELOPMENT,FIXED_DELAY_200_MS,AUDUSD,ENTRY_ATTEMPT,2026.04.06 10:05:00,2026.05.04 10:05:00,SELL,0.6911100000,0.0000000000,14,0.0000,0.02000000,47.50000000,0.7148600000,32,32,10009,NO,0.007915714286
SOLTRADE_PHASE6_V28_TRANSACTION_V1,2026.04.06 10:05:01,V28_2026_PRESEAL_DEVELOPMENT,FIXED_DELAY_200_MS,NZDUSD,ENTRY_ATTEMPT,2026.04.06 10:05:00,2026.05.04 10:05:00,SELL,0.5707300000,0.0000000000,14,0.0000,0.02000000,40.06000000,0.5907600000,33,33,10009,NO,0.006675714286
SOLTRADE_PHASE6_V28_TRANSACTION_V1,2026.04.06 10:05:01,V28_2026_PRESEAL_DEVELOPMENT,FIXED_DELAY_200_MS,USDCAD,ENTRY_ATTEMPT,2026.04.06 10:05:00,2026.05.04 10:05:00,BUY,1.3938500000,0.0000000000,18,0.0000,0.03000000,38.61840708,1.3762700000,34,34,10009,NO,0.005858571429
SOLTRADE_PHASE6_V28_TRANSACTION_V1,2026.04.06 10:05:01,V28_2026_PRESEAL_DEVELOPMENT,FIXED_DELAY_200_MS,USDCHF,ENTRY_ATTEMPT,2026.04.06 10:05:00,2026.05.04 10:05:00,BUY,0.8002300000,0.0000000000,16,0.0000,0.01000000,28.29443819,0.7783700000,35,35,10009,NO,0.007284285714
SOLTRADE_PHASE6_V28_TRANSACTION_V1,2026.04.06 10:05:01,V28_2026_PRESEAL_DEVELOPMENT,FIXED_DELAY_200_MS,USDJPY,ENTRY_ATTEMPT,2026.04.06 10:05:00,2026.05.04 10:05:00,BUY,159.6530000000,0.0000000000,14,0.0000,0.02000000,44.15323094,156.1860000000,36,36,10009,NO,1.155428571429
SOLTRADE_PHASE6_V28_TRANSACTION_V1,2026.04.06 10:05:01,V28_2026_PRESEAL_DEVELOPMENT,FIXED_DELAY_200_MS,GBPUSD,ENTRY_TRANSACTION,NONE,2026.05.04 10:05:00,SELL,1.3212700000,1.3212700000,15,0.0000,0.01000000,37.44000000,1.3587100000,31,31,10009,YES,0.000000000000
SOLTRADE_PHASE6_V28_TRANSACTION_V1,2026.04.06 10:05:01,V28_2026_PRESEAL_DEVELOPMENT,FIXED_DELAY_200_MS,AUDUSD,ENTRY_TRANSACTION,NONE,2026.05.04 10:05:00,SELL,0.6911100000,0.6911100000,14,0.0000,0.02000000,47.50000000,0.7148600000,32,32,10009,YES,0.000000000000
SOLTRADE_PHASE6_V28_TRANSACTION_V1,2026.04.06 10:05:01,V28_2026_PRESEAL_DEVELOPMENT,FIXED_DELAY_200_MS,NZDUSD,ENTRY_TRANSACTION,NONE,2026.05.04 10:05:00,SELL,0.5707300000,0.5707300000,14,0.0000,0.02000000,40.06000000,0.5907600000,33,33,10009,YES,0.000000000000
SOLTRADE_PHASE6_V28_TRANSACTION_V1,2026.04.06 10:05:01,V28_2026_PRESEAL_DEVELOPMENT,FIXED_DELAY_200_MS,USDCAD,ENTRY_TRANSACTION,NONE,2026.05.04 10:05:00,BUY,1.3938500000,1.3938500000,18,0.0000,0.03000000,37.84225934,1.3762700000,34,34,10009,YES,0.000000000000
SOLTRADE_PHASE6_V28_TRANSACTION_V1,2026.04.06 10:05:01,V28_2026_PRESEAL_DEVELOPMENT,FIXED_DELAY_200_MS,USDCHF,ENTRY_TRANSACTION,NONE,2026.05.04 10:05:00,BUY,0.8002300000,0.8002300000,16,0.0000,0.01000000,28.29443819,0.7783700000,35,35,10009,YES,0.000000000000
SOLTRADE_PHASE6_V28_TRANSACTION_V1,2026.04.06 10:05:01,V28_2026_PRESEAL_DEVELOPMENT,FIXED_DELAY_200_MS,USDJPY,ENTRY_TRANSACTION,NONE,2026.05.04 10:05:00,BUY,159.6530000000,159.6490000000,14,-4.0000,0.02000000,44.10228980,156.1860000000,36,36,10009,YES,0.000000000000
SOLTRADE_PHASE6_V28_TRANSACTION_V1,2026.05.04 10:05:00,V28_2026_PRESEAL_DEVELOPMENT,FIXED_DELAY_200_MS,EURUSD,ENTRY_ATTEMPT,2026.05.04 10:05:00,2026.06.01 10:05:00,BUY,1.1725700000,0.0000000000,12,0.0000,0.02000000,37.24000000,1.1539500000,44,44,10009,NO,0.006203571429
SOLTRADE_PHASE6_V28_TRANSACTION_V1,2026.05.04 10:05:00,V28_2026_PRESEAL_DEVELOPMENT,FIXED_DELAY_200_MS,GBPUSD,ENTRY_ATTEMPT,2026.05.04 10:05:00,2026.06.01 10:05:00,BUY,1.3575900000,0.0000000000,17,0.0000,0.02000000,48.58000000,1.3333000000,45,45,10009,NO,0.008095000000
SOLTRADE_PHASE6_V28_TRANSACTION_V1,2026.05.04 10:05:00,V28_2026_PRESEAL_DEVELOPMENT,FIXED_DELAY_200_MS,AUDUSD,ENTRY_ATTEMPT,2026.05.04 10:05:00,2026.06.01 10:05:00,BUY,0.7194000000,0.0000000000,14,0.0000,0.02000000,37.40000000,0.7007000000,46,46,10009,NO,0.006230714286
SOLTRADE_PHASE6_V28_TRANSACTION_V1,2026.05.04 10:05:00,V28_2026_PRESEAL_DEVELOPMENT,FIXED_DELAY_200_MS,NZDUSD,ENTRY_ATTEMPT,2026.05.04 10:05:00,2026.06.01 10:05:00,BUY,0.5905200000,0.0000000000,16,0.0000,0.02000000,37.24000000,0.5719000000,47,47,10009,NO,0.006205000000
SOLTRADE_PHASE6_V28_TRANSACTION_V1,2026.05.04 10:05:00,V28_2026_PRESEAL_DEVELOPMENT,FIXED_DELAY_200_MS,USDCAD,ENTRY_ATTEMPT,2026.05.04 10:05:00,2026.06.01 10:05:00,SELL,1.3597400000,0.0000000000,15,0.0000,0.03000000,40.50077383,1.3783200000,48,48,10009,NO,0.006192142857
SOLTRADE_PHASE6_V28_TRANSACTION_V1,2026.05.04 10:05:00,V28_2026_PRESEAL_DEVELOPMENT,FIXED_DELAY_200_MS,USDCHF,ENTRY_ATTEMPT,2026.05.04 10:05:00,2026.06.01 10:05:00,SELL,0.7815400000,0.0000000000,17,0.0000,0.02000000,46.43274704,0.7996100000,49,49,10009,NO,0.006022857143
SOLTRADE_PHASE6_V28_TRANSACTION_V1,2026.05.04 10:05:01,V28_2026_PRESEAL_DEVELOPMENT,FIXED_DELAY_200_MS,USDJPY,ENTRY_ATTEMPT,2026.05.04 10:05:00,2026.06.01 10:05:00,SELL,156.9350000000,0.0000000000,19,0.0000,0.02000000,47.17693913,160.6190000000,50,50,10009,NO,1.227714285714
SOLTRADE_PHASE6_V28_TRANSACTION_V1,2026.05.04 10:05:01,V28_2026_PRESEAL_DEVELOPMENT,FIXED_DELAY_200_MS,GBPUSD,ENTRY_TRANSACTION,NONE,2026.06.01 10:05:00,BUY,1.3575900000,1.3575900000,17,0.0000,0.02000000,48.58000000,1.3333000000,45,45,10009,YES,0.000000000000
SOLTRADE_PHASE6_V28_TRANSACTION_V1,2026.05.04 10:05:01,V28_2026_PRESEAL_DEVELOPMENT,FIXED_DELAY_200_MS,AUDUSD,ENTRY_TRANSACTION,NONE,2026.06.01 10:05:00,BUY,0.7194000000,0.7194500000,14,5.0000,0.02000000,37.50000000,0.7007000000,46,46,10009,YES,0.000000000000
SOLTRADE_PHASE6_V28_TRANSACTION_V1,2026.05.04 10:05:01,V28_2026_PRESEAL_DEVELOPMENT,FIXED_DELAY_200_MS,NZDUSD,ENTRY_TRANSACTION,NONE,2026.06.01 10:05:00,BUY,0.5905200000,0.5905600000,16,4.0000,0.02000000,37.32000000,0.5719000000,47,47,10009,YES,0.000000000000
SOLTRADE_PHASE6_V28_TRANSACTION_V1,2026.05.04 10:05:01,V28_2026_PRESEAL_DEVELOPMENT,FIXED_DELAY_200_MS,USDCAD,ENTRY_TRANSACTION,NONE,2026.06.01 10:05:00,SELL,1.3597400000,1.3597300000,15,1.0000,0.03000000,40.52257188,1.3783200000,48,48,10009,YES,0.000000000000
SOLTRADE_PHASE6_V28_TRANSACTION_V1,2026.05.04 10:05:01,V28_2026_PRESEAL_DEVELOPMENT,FIXED_DELAY_200_MS,USDCHF,ENTRY_TRANSACTION,NONE,2026.06.01 10:05:00,SELL,0.7815400000,0.7815400000,17,0.0000,0.02000000,46.43274704,0.7996100000,49,49,10009,YES,0.000000000000
SOLTRADE_PHASE6_V28_TRANSACTION_V1,2026.05.04 10:05:01,V28_2026_PRESEAL_DEVELOPMENT,FIXED_DELAY_200_MS,USDJPY,ENTRY_TRANSACTION,NONE,2026.06.01 10:05:00,SELL,156.9350000000,156.9360000000,19,-1.0000,0.02000000,47.16413323,160.6190000000,50,50,10009,YES,0.000000000000
SOLTRADE_PHASE6_V28_TRANSACTION_V1,2026.06.01 10:05:00,V28_2026_PRESEAL_DEVELOPMENT,FIXED_DELAY_200_MS,EURUSD,EXIT_ATTEMPT,2026.06.01 10:05:00,2026.06.01 10:05:00,BUY,1.1659900000,0.0000000000,0,0.0000,0.02000000,0,0,53,53,10009,NO,DOLLAR_FACTOR_REBALANCE
SOLTRADE_PHASE6_V28_TRANSACTION_V1,2026.06.01 10:05:00,V28_2026_PRESEAL_DEVELOPMENT,FIXED_DELAY_200_MS,AUDUSD,EXIT_ATTEMPT,2026.06.01 10:05:00,2026.06.01 10:05:00,BUY,0.7181400000,0.0000000000,0,0.0000,0.02000000,0,0,54,54,10009,NO,DOLLAR_FACTOR_REBALANCE
SOLTRADE_PHASE6_V28_TRANSACTION_V1,2026.06.01 10:05:00,V28_2026_PRESEAL_DEVELOPMENT,FIXED_DELAY_200_MS,NZDUSD,EXIT_ATTEMPT,2026.06.01 10:05:00,2026.06.01 10:05:00,BUY,0.5971700000,0.0000000000,0,0.0000,0.02000000,0,0,55,55,10009,NO,DOLLAR_FACTOR_REBALANCE
SOLTRADE_PHASE6_V28_TRANSACTION_V1,2026.06.01 10:05:00,V28_2026_PRESEAL_DEVELOPMENT,FIXED_DELAY_200_MS,USDCHF,EXIT_ATTEMPT,2026.06.01 10:05:00,2026.06.01 10:05:00,SELL,0.7822900000,0.0000000000,0,0.0000,0.02000000,0,0,56,56,10009,NO,DOLLAR_FACTOR_REBALANCE
SOLTRADE_PHASE6_V28_TRANSACTION_V1,2026.06.01 10:05:01,V28_2026_PRESEAL_DEVELOPMENT,FIXED_DELAY_200_MS,USDJPY,EXIT_ATTEMPT,2026.06.01 10:05:00,2026.06.01 10:05:00,SELL,159.4610000000,0.0000000000,0,0.0000,0.02000000,0,0,57,57,10009,NO,DOLLAR_FACTOR_REBALANCE
SOLTRADE_PHASE6_V28_TRANSACTION_V1,2026.06.01 10:05:01,V28_2026_PRESEAL_DEVELOPMENT,FIXED_DELAY_200_MS,EURUSD,EXIT_TRANSACTION,NONE,NONE,BUY,1.1659900000,1.1659900000,0,0.0000,0.02000000,0,0,53,53,10009,YES,DOLLAR_FACTOR_REBALANCE
SOLTRADE_PHASE6_V28_TRANSACTION_V1,2026.06.01 10:05:01,V28_2026_PRESEAL_DEVELOPMENT,FIXED_DELAY_200_MS,AUDUSD,EXIT_TRANSACTION,NONE,NONE,BUY,0.7181400000,0.7181400000,0,0.0000,0.02000000,0,0,54,54,10009,YES,DOLLAR_FACTOR_REBALANCE
SOLTRADE_PHASE6_V28_TRANSACTION_V1,2026.06.01 10:05:01,V28_2026_PRESEAL_DEVELOPMENT,FIXED_DELAY_200_MS,NZDUSD,EXIT_TRANSACTION,NONE,NONE,BUY,0.5971700000,0.5971600000,0,1.0000,0.02000000,0,0,55,55,10009,YES,DOLLAR_FACTOR_REBALANCE
SOLTRADE_PHASE6_V28_TRANSACTION_V1,2026.06.01 10:05:01,V28_2026_PRESEAL_DEVELOPMENT,FIXED_DELAY_200_MS,USDCHF,EXIT_TRANSACTION,NONE,NONE,SELL,0.7822900000,0.7823200000,0,3.0000,0.02000000,0,0,56,56,10009,YES,DOLLAR_FACTOR_REBALANCE
SOLTRADE_PHASE6_V28_TRANSACTION_V1,2026.06.01 10:05:01,V28_2026_PRESEAL_DEVELOPMENT,FIXED_DELAY_200_MS,USDJPY,EXIT_TRANSACTION,NONE,NONE,SELL,159.4610000000,159.4630000000,0,2.0000,0.02000000,0,0,57,57,10009,YES,DOLLAR_FACTOR_REBALANCE
SOLTRADE_PHASE6_V28_TRANSACTION_V1,2026.06.01 10:05:01,V28_2026_PRESEAL_DEVELOPMENT,FIXED_DELAY_200_MS,EURUSD,ENTRY_ATTEMPT,2026.06.01 10:05:00,2026.07.06 10:05:00,SELL,1.1659800000,0.0000000000,13,0.0000,0.03000000,49.11000000,1.1823500000,58,58,10009,NO,0.005455714286
SOLTRADE_PHASE6_V28_TRANSACTION_V1,2026.06.01 10:05:01,V28_2026_PRESEAL_DEVELOPMENT,FIXED_DELAY_200_MS,GBPUSD,ENTRY_ATTEMPT,2026.06.01 10:05:00,2026.07.06 10:05:00,SELL,1.3468200000,0.0000000000,18,0.0000,0.01000000,25.12000000,1.3719400000,59,59,10009,NO,0.008370714286
SOLTRADE_PHASE6_V28_TRANSACTION_V1,2026.06.01 10:05:01,V28_2026_PRESEAL_DEVELOPMENT,FIXED_DELAY_200_MS,AUDUSD,ENTRY_ATTEMPT,2026.06.01 10:05:00,2026.07.06 10:05:00,SELL,0.7181500000,0.0000000000,13,0.0000,0.02000000,35.58000000,0.7359400000,60,60,10009,NO,0.005928571429
SOLTRADE_PHASE6_V28_TRANSACTION_V1,2026.06.01 10:05:01,V28_2026_PRESEAL_DEVELOPMENT,FIXED_DELAY_200_MS,NZDUSD,ENTRY_ATTEMPT,2026.06.01 10:05:00,2026.07.06 10:05:00,SELL,0.5971600000,0.0000000000,16,0.0000,0.02000000,36.12000000,0.6152200000,61,61,10009,NO,0.006017857143
SOLTRADE_PHASE6_V28_TRANSACTION_V1,2026.06.01 10:05:02,V28_2026_PRESEAL_DEVELOPMENT,FIXED_DELAY_200_MS,USDCAD,ENTRY_ATTEMPT,2026.06.01 10:05:00,2026.07.06 10:05:00,BUY,1.3807000000,0.0000000000,17,0.0000,0.04000000,47.74377989,1.3642500000,62,62,10009,NO,0.005482142857
SOLTRADE_PHASE6_V28_TRANSACTION_V1,2026.06.01 10:05:02,V28_2026_PRESEAL_DEVELOPMENT,FIXED_DELAY_200_MS,USDCHF,ENTRY_ATTEMPT,2026.06.01 10:05:00,2026.07.06 10:05:00,BUY,0.7823200000,0.0000000000,16,0.0000,0.02000000,47.12590774,0.7638900000,63,63,10009,NO,0.006142142857
SOLTRADE_PHASE6_V28_TRANSACTION_V1,2026.06.01 10:05:02,V28_2026_PRESEAL_DEVELOPMENT,FIXED_DELAY_200_MS,USDJPY,ENTRY_ATTEMPT,2026.06.01 10:05:00,2026.07.06 10:05:00,BUY,159.4630000000,0.0000000000,16,0.0000,0.04000000,45.58254467,157.6460000000,64,64,10009,NO,0.605571428571
SOLTRADE_PHASE6_V28_TRANSACTION_V1,2026.06.01 10:05:02,V28_2026_PRESEAL_DEVELOPMENT,FIXED_DELAY_200_MS,GBPUSD,ENTRY_TRANSACTION,NONE,2026.07.06 10:05:00,SELL,1.3468200000,1.3468600000,18,-4.0000,0.01000000,25.08000000,1.3719400000,59,59,10009,YES,0.000000000000
SOLTRADE_PHASE6_V28_TRANSACTION_V1,2026.06.01 10:05:02,V28_2026_PRESEAL_DEVELOPMENT,FIXED_DELAY_200_MS,AUDUSD,ENTRY_TRANSACTION,NONE,2026.07.06 10:05:00,SELL,0.7181500000,0.7181500000,13,0.0000,0.02000000,35.58000000,0.7359400000,60,60,10009,YES,0.000000000000
SOLTRADE_PHASE6_V28_TRANSACTION_V1,2026.06.01 10:05:02,V28_2026_PRESEAL_DEVELOPMENT,FIXED_DELAY_200_MS,NZDUSD,ENTRY_TRANSACTION,NONE,2026.07.06 10:05:00,SELL,0.5971600000,0.5971500000,16,1.0000,0.02000000,36.14000000,0.6152200000,61,61,10009,YES,0.000000000000
SOLTRADE_PHASE6_V28_TRANSACTION_V1,2026.06.01 10:05:02,V28_2026_PRESEAL_DEVELOPMENT,FIXED_DELAY_200_MS,USDCAD,ENTRY_TRANSACTION,NONE,2026.07.06 10:05:00,BUY,1.3807000000,1.3807000000,17,0.0000,0.04000000,47.66250887,1.3642500000,62,62,10009,YES,0.000000000000
SOLTRADE_PHASE6_V28_TRANSACTION_V1,2026.06.01 10:05:02,V28_2026_PRESEAL_DEVELOPMENT,FIXED_DELAY_200_MS,USDCHF,ENTRY_TRANSACTION,NONE,2026.07.06 10:05:00,BUY,0.7823200000,0.7822800000,16,-4.0000,0.02000000,47.02362688,0.7638900000,63,63,10009,YES,0.000000000000
SOLTRADE_PHASE6_V28_TRANSACTION_V1,2026.06.01 10:05:02,V28_2026_PRESEAL_DEVELOPMENT,FIXED_DELAY_200_MS,USDJPY,ENTRY_TRANSACTION,NONE,2026.07.06 10:05:00,BUY,159.4630000000,159.4610000000,16,-2.0000,0.04000000,45.53237126,157.6460000000,64,64,10009,YES,0.000000000000
SOLTRADE_PHASE6_V28_TRANSACTION_V1,2026.07.06 10:05:00,V28_2026_PRESEAL_DEVELOPMENT,FIXED_DELAY_200_MS,EURUSD,EXIT_ATTEMPT,2026.07.06 10:05:00,2026.07.06 10:05:00,SELL,1.1420700000,0.0000000000,0,0.0000,0.03000000,0,0,65,65,10009,NO,DOLLAR_FACTOR_REBALANCE
SOLTRADE_PHASE6_V28_TRANSACTION_V1,2026.07.06 10:05:00,V28_2026_PRESEAL_DEVELOPMENT,FIXED_DELAY_200_MS,GBPUSD,EXIT_ATTEMPT,2026.07.06 10:05:00,2026.07.06 10:05:00,SELL,1.3334200000,0.0000000000,0,0.0000,0.01000000,0,0,66,66,10009,NO,DOLLAR_FACTOR_REBALANCE
SOLTRADE_PHASE6_V28_TRANSACTION_V1,2026.07.06 10:05:00,V28_2026_PRESEAL_DEVELOPMENT,FIXED_DELAY_200_MS,AUDUSD,EXIT_ATTEMPT,2026.07.06 10:05:00,2026.07.06 10:05:00,SELL,0.6930300000,0.0000000000,0,0.0000,0.02000000,0,0,67,67,10009,NO,DOLLAR_FACTOR_REBALANCE
SOLTRADE_PHASE6_V28_TRANSACTION_V1,2026.07.06 10:05:01,V28_2026_PRESEAL_DEVELOPMENT,FIXED_DELAY_200_MS,NZDUSD,EXIT_ATTEMPT,2026.07.06 10:05:00,2026.07.06 10:05:00,SELL,0.5687400000,0.0000000000,0,0.0000,0.02000000,0,0,68,68,10009,NO,DOLLAR_FACTOR_REBALANCE
SOLTRADE_PHASE6_V28_TRANSACTION_V1,2026.07.06 10:05:01,V28_2026_PRESEAL_DEVELOPMENT,FIXED_DELAY_200_MS,USDCAD,EXIT_ATTEMPT,2026.07.06 10:05:00,2026.07.06 10:05:00,BUY,1.4216200000,0.0000000000,0,0.0000,0.04000000,0,0,69,69,10009,NO,DOLLAR_FACTOR_REBALANCE
SOLTRADE_PHASE6_V28_TRANSACTION_V1,2026.07.06 10:05:01,V28_2026_PRESEAL_DEVELOPMENT,FIXED_DELAY_200_MS,USDCHF,EXIT_ATTEMPT,2026.07.06 10:05:00,2026.07.06 10:05:00,BUY,0.8055300000,0.0000000000,0,0.0000,0.02000000,0,0,70,70,10009,NO,DOLLAR_FACTOR_REBALANCE
SOLTRADE_PHASE6_V28_TRANSACTION_V1,2026.07.06 10:05:01,V28_2026_PRESEAL_DEVELOPMENT,FIXED_DELAY_200_MS,USDJPY,EXIT_ATTEMPT,2026.07.06 10:05:00,2026.07.06 10:05:00,BUY,162.2450000000,0.0000000000,0,0.0000,0.04000000,0,0,71,71,10009,NO,DOLLAR_FACTOR_REBALANCE
SOLTRADE_PHASE6_V28_TRANSACTION_V1,2026.07.06 10:05:01,V28_2026_PRESEAL_DEVELOPMENT,FIXED_DELAY_200_MS,EURUSD,EXIT_TRANSACTION,NONE,NONE,SELL,1.1420700000,1.1420700000,0,0.0000,0.03000000,0,0,65,65,10009,YES,DOLLAR_FACTOR_REBALANCE
SOLTRADE_PHASE6_V28_TRANSACTION_V1,2026.07.06 10:05:01,V28_2026_PRESEAL_DEVELOPMENT,FIXED_DELAY_200_MS,GBPUSD,EXIT_TRANSACTION,NONE,NONE,SELL,1.3334200000,1.3334200000,0,0.0000,0.01000000,0,0,66,66,10009,YES,DOLLAR_FACTOR_REBALANCE
SOLTRADE_PHASE6_V28_TRANSACTION_V1,2026.07.06 10:05:01,V28_2026_PRESEAL_DEVELOPMENT,FIXED_DELAY_200_MS,AUDUSD,EXIT_TRANSACTION,NONE,NONE,SELL,0.6930300000,0.6930300000,0,0.0000,0.02000000,0,0,67,67,10009,YES,DOLLAR_FACTOR_REBALANCE
SOLTRADE_PHASE6_V28_TRANSACTION_V1,2026.07.06 10:05:01,V28_2026_PRESEAL_DEVELOPMENT,FIXED_DELAY_200_MS,NZDUSD,EXIT_TRANSACTION,NONE,NONE,SELL,0.5687400000,0.5687400000,0,0.0000,0.02000000,0,0,68,68,10009,YES,DOLLAR_FACTOR_REBALANCE
SOLTRADE_PHASE6_V28_TRANSACTION_V1,2026.07.06 10:05:01,V28_2026_PRESEAL_DEVELOPMENT,FIXED_DELAY_200_MS,USDCAD,EXIT_TRANSACTION,NONE,NONE,BUY,1.4216200000,1.4216200000,0,0.0000,0.04000000,0,0,69,69,10009,YES,DOLLAR_FACTOR_REBALANCE
SOLTRADE_PHASE6_V28_TRANSACTION_V1,2026.07.06 10:05:01,V28_2026_PRESEAL_DEVELOPMENT,FIXED_DELAY_200_MS,USDCHF,EXIT_TRANSACTION,NONE,NONE,BUY,0.8055300000,0.8055400000,0,-1.0000,0.02000000,0,0,70,70,10009,YES,DOLLAR_FACTOR_REBALANCE
SOLTRADE_PHASE6_V28_TRANSACTION_V1,2026.07.06 10:05:01,V28_2026_PRESEAL_DEVELOPMENT,FIXED_DELAY_200_MS,USDJPY,EXIT_TRANSACTION,NONE,NONE,BUY,162.2450000000,162.2440000000,0,1.0000,0.04000000,0,0,71,71,10009,YES,DOLLAR_FACTOR_REBALANCE
