schema,time,dataset,execution_layer,symbol,record_type,signal_time,direction,requested_price,actual_price,spread_points,slippage_points,volume,initial_risk_amount,stop_loss,order_ticket,deal_ticket,broker_retcode,fill_confirmed,atr_or_exit_reason
SOLTRADE_PHASE6_V29_TRANSACTION_V1,2026.01.05 10:05:00,V29_2026_PRESEAL_DEVELOPMENT,NATIVE_NORMAL_EXECUTION,GBPUSD,ENTRY_ATTEMPT,2026.01.05 10:05:00,BUY,1.3423800000,0.0000000000,14,0.0000,0.01000000,21.92000000,1.3204600000,2,2,10009,NO,0.007303571429
SOLTRADE_PHASE6_V29_TRANSACTION_V1,2026.01.05 10:05:00,V29_2026_PRESEAL_DEVELOPMENT,NATIVE_NORMAL_EXECUTION,AUDUSD,ENTRY_ATTEMPT,2026.01.05 10:05:00,BUY,0.6672800000,0.0000000000,14,0.0000,0.02000000,23.04000000,0.6557600000,3,3,10009,NO,0.003840000000
SOLTRADE_PHASE6_V29_TRANSACTION_V1,2026.01.05 10:05:00,V29_2026_PRESEAL_DEVELOPMENT,NATIVE_NORMAL_EXECUTION,NZDUSD,ENTRY_ATTEMPT,2026.01.05 10:05:00,SELL,0.5746300000,0.0000000000,14,0.0000,0.01000000,12.65000000,0.5872800000,4,4,10009,NO,0.004215714286
SOLTRADE_PHASE6_V29_TRANSACTION_V1,2026.01.05 10:05:00,V29_2026_PRESEAL_DEVELOPMENT,NATIVE_NORMAL_EXECUTION,USDJPY,ENTRY_ATTEMPT,2026.01.05 10:05:00,BUY,156.9820000000,0.0000000000,13,0.0000,0.01000000,18.78714905,154.0330000000,5,5,10009,NO,0.982928571429
SOLTRADE_PHASE6_V29_TRANSACTION_V1,2026.01.05 10:05:00,V29_2026_PRESEAL_DEVELOPMENT,NATIVE_NORMAL_EXECUTION,GBPUSD,ENTRY_TRANSACTION,NONE,BUY,1.3423800000,1.3423800000,14,0.0000,0.01000000,21.92000000,1.3204600000,2,2,10009,YES,0.000000000000
SOLTRADE_PHASE6_V29_TRANSACTION_V1,2026.01.05 10:05:00,V29_2026_PRESEAL_DEVELOPMENT,NATIVE_NORMAL_EXECUTION,AUDUSD,ENTRY_TRANSACTION,NONE,BUY,0.6672800000,0.6672800000,14,0.0000,0.02000000,23.04000000,0.6557600000,3,3,10009,YES,0.000000000000
SOLTRADE_PHASE6_V29_TRANSACTION_V1,2026.01.05 10:05:00,V29_2026_PRESEAL_DEVELOPMENT,NATIVE_NORMAL_EXECUTION,NZDUSD,ENTRY_TRANSACTION,NONE,SELL,0.5746300000,0.5746300000,14,0.0000,0.01000000,12.65000000,0.5872800000,4,4,10009,YES,0.000000000000
SOLTRADE_PHASE6_V29_TRANSACTION_V1,2026.01.05 10:05:00,V29_2026_PRESEAL_DEVELOPMENT,NATIVE_NORMAL_EXECUTION,USDJPY,ENTRY_TRANSACTION,NONE,BUY,156.9820000000,156.9820000000,13,0.0000,0.01000000,18.78714905,154.0330000000,5,5,10009,YES,0.000000000000
SOLTRADE_PHASE6_V29_TRANSACTION_V1,2026.01.12 10:05:00,V29_2026_PRESEAL_DEVELOPMENT,NATIVE_NORMAL_EXECUTION,GBPUSD,EXIT_ATTEMPT,2026.01.12 10:05:00,BUY,1.3453100000,0.0000000000,0,0.0000,0.01000000,0,0,6,6,10009,NO,CROSS_SECTIONAL_WEEKLY_REBALANCE
SOLTRADE_PHASE6_V29_TRANSACTION_V1,2026.01.12 10:05:00,V29_2026_PRESEAL_DEVELOPMENT,NATIVE_NORMAL_EXECUTION,AUDUSD,EXIT_ATTEMPT,2026.01.12 10:05:00,BUY,0.6709800000,0.0000000000,0,0.0000,0.02000000,0,0,7,7,10009,NO,CROSS_SECTIONAL_WEEKLY_REBALANCE
SOLTRADE_PHASE6_V29_TRANSACTION_V1,2026.01.12 10:05:00,V29_2026_PRESEAL_DEVELOPMENT,NATIVE_NORMAL_EXECUTION,NZDUSD,EXIT_ATTEMPT,2026.01.12 10:05:00,SELL,0.5758200000,0.0000000000,0,0.0000,0.01000000,0,0,8,8,10009,NO,CROSS_SECTIONAL_WEEKLY_REBALANCE
SOLTRADE_PHASE6_V29_TRANSACTION_V1,2026.01.12 10:05:00,V29_2026_PRESEAL_DEVELOPMENT,NATIVE_NORMAL_EXECUTION,USDJPY,EXIT_ATTEMPT,2026.01.12 10:05:00,BUY,157.7550000000,0.0000000000,0,0.0000,0.01000000,0,0,9,9,10009,NO,CROSS_SECTIONAL_WEEKLY_REBALANCE
SOLTRADE_PHASE6_V29_TRANSACTION_V1,2026.01.12 10:05:00,V29_2026_PRESEAL_DEVELOPMENT,NATIVE_NORMAL_EXECUTION,GBPUSD,EXIT_TRANSACTION,NONE,BUY,1.3453100000,1.3453100000,0,0.0000,0.01000000,0,0,6,6,10009,YES,CROSS_SECTIONAL_WEEKLY_REBALANCE
SOLTRADE_PHASE6_V29_TRANSACTION_V1,2026.01.12 10:05:00,V29_2026_PRESEAL_DEVELOPMENT,NATIVE_NORMAL_EXECUTION,AUDUSD,EXIT_TRANSACTION,NONE,BUY,0.6709800000,0.6709800000,0,0.0000,0.02000000,0,0,7,7,10009,YES,CROSS_SECTIONAL_WEEKLY_REBALANCE
SOLTRADE_PHASE6_V29_TRANSACTION_V1,2026.01.12 10:05:00,V29_2026_PRESEAL_DEVELOPMENT,NATIVE_NORMAL_EXECUTION,NZDUSD,EXIT_TRANSACTION,NONE,SELL,0.5758200000,0.5758200000,0,0.0000,0.01000000,0,0,8,8,10009,YES,CROSS_SECTIONAL_WEEKLY_REBALANCE
SOLTRADE_PHASE6_V29_TRANSACTION_V1,2026.01.12 10:05:00,V29_2026_PRESEAL_DEVELOPMENT,NATIVE_NORMAL_EXECUTION,USDJPY,EXIT_TRANSACTION,NONE,BUY,157.7550000000,157.7550000000,0,0.0000,0.01000000,0,0,9,9,10009,YES,CROSS_SECTIONAL_WEEKLY_REBALANCE
SOLTRADE_PHASE6_V29_TRANSACTION_V1,2026.01.12 10:05:01,V29_2026_PRESEAL_DEVELOPMENT,NATIVE_NORMAL_EXECUTION,GBPUSD,ENTRY_ATTEMPT,2026.01.12 10:05:00,BUY,1.3454500000,0.0000000000,14,0.0000,0.01000000,20.92000000,1.3245300000,10,10,10009,NO,0.006972142857
SOLTRADE_PHASE6_V29_TRANSACTION_V1,2026.01.12 10:05:01,V29_2026_PRESEAL_DEVELOPMENT,NATIVE_NORMAL_EXECUTION,AUDUSD,ENTRY_ATTEMPT,2026.01.12 10:05:00,BUY,0.6711300000,0.0000000000,14,0.0000,0.02000000,24.84000000,0.6587100000,11,11,10009,NO,0.004139285714
SOLTRADE_PHASE6_V29_TRANSACTION_V1,2026.01.12 10:05:01,V29_2026_PRESEAL_DEVELOPMENT,NATIVE_NORMAL_EXECUTION,NZDUSD,ENTRY_ATTEMPT,2026.01.12 10:05:00,SELL,0.5756800000,0.0000000000,14,0.0000,0.01000000,13.47000000,0.5891500000,12,12,10009,NO,0.004487857143
SOLTRADE_PHASE6_V29_TRANSACTION_V1,2026.01.12 10:05:01,V29_2026_PRESEAL_DEVELOPMENT,NATIVE_NORMAL_EXECUTION,USDCAD,ENTRY_ATTEMPT,2026.01.12 10:05:00,BUY,1.3873300000,0.0000000000,16,0.0000,0.02000000,23.40016004,1.3711000000,13,13,10009,NO,0.005410000000
SOLTRADE_PHASE6_V29_TRANSACTION_V1,2026.01.12 10:05:01,V29_2026_PRESEAL_DEVELOPMENT,NATIVE_NORMAL_EXECUTION,GBPUSD,ENTRY_TRANSACTION,NONE,BUY,1.3454500000,1.3454500000,14,0.0000,0.01000000,20.92000000,1.3245300000,10,10,10009,YES,0.000000000000
SOLTRADE_PHASE6_V29_TRANSACTION_V1,2026.01.12 10:05:01,V29_2026_PRESEAL_DEVELOPMENT,NATIVE_NORMAL_EXECUTION,AUDUSD,ENTRY_TRANSACTION,NONE,BUY,0.6711300000,0.6711300000,14,0.0000,0.02000000,24.84000000,0.6587100000,11,11,10009,YES,0.000000000000
SOLTRADE_PHASE6_V29_TRANSACTION_V1,2026.01.12 10:05:01,V29_2026_PRESEAL_DEVELOPMENT,NATIVE_NORMAL_EXECUTION,NZDUSD,ENTRY_TRANSACTION,NONE,SELL,0.5756800000,0.5756800000,14,0.0000,0.01000000,13.47000000,0.5891500000,12,12,10009,YES,0.000000000000
SOLTRADE_PHASE6_V29_TRANSACTION_V1,2026.01.12 10:05:01,V29_2026_PRESEAL_DEVELOPMENT,NATIVE_NORMAL_EXECUTION,USDCAD,ENTRY_TRANSACTION,NONE,BUY,1.3873300000,1.3873300000,16,0.0000,0.02000000,23.40016004,1.3711000000,13,13,10009,YES,0.000000000000
SOLTRADE_PHASE6_V29_TRANSACTION_V1,2026.01.19 10:05:00,V29_2026_PRESEAL_DEVELOPMENT,NATIVE_NORMAL_EXECUTION,GBPUSD,EXIT_ATTEMPT,2026.01.19 10:05:00,BUY,1.3393100000,0.0000000000,0,0.0000,0.01000000,0,0,14,14,10009,NO,CROSS_SECTIONAL_WEEKLY_REBALANCE
SOLTRADE_PHASE6_V29_TRANSACTION_V1,2026.01.19 10:05:00,V29_2026_PRESEAL_DEVELOPMENT,NATIVE_NORMAL_EXECUTION,AUDUSD,EXIT_ATTEMPT,2026.01.19 10:05:00,BUY,0.6691600000,0.0000000000,0,0.0000,0.02000000,0,0,15,15,10009,NO,CROSS_SECTIONAL_WEEKLY_REBALANCE
SOLTRADE_PHASE6_V29_TRANSACTION_V1,2026.01.19 10:05:00,V29_2026_PRESEAL_DEVELOPMENT,NATIVE_NORMAL_EXECUTION,NZDUSD,EXIT_ATTEMPT,2026.01.19 10:05:00,SELL,0.5772200000,0.0000000000,0,0.0000,0.01000000,0,0,16,16,10009,NO,CROSS_SECTIONAL_WEEKLY_REBALANCE
SOLTRADE_PHASE6_V29_TRANSACTION_V1,2026.01.19 10:05:00,V29_2026_PRESEAL_DEVELOPMENT,NATIVE_NORMAL_EXECUTION,USDCAD,EXIT_ATTEMPT,2026.01.19 10:05:00,BUY,1.3892200000,0.0000000000,0,0.0000,0.02000000,0,0,17,17,10009,NO,CROSS_SECTIONAL_WEEKLY_REBALANCE
SOLTRADE_PHASE6_V29_TRANSACTION_V1,2026.01.19 10:05:00,V29_2026_PRESEAL_DEVELOPMENT,NATIVE_NORMAL_EXECUTION,GBPUSD,EXIT_TRANSACTION,NONE,BUY,1.3393100000,1.3393100000,0,0.0000,0.01000000,0,0,14,14,10009,YES,CROSS_SECTIONAL_WEEKLY_REBALANCE
SOLTRADE_PHASE6_V29_TRANSACTION_V1,2026.01.19 10:05:00,V29_2026_PRESEAL_DEVELOPMENT,NATIVE_NORMAL_EXECUTION,AUDUSD,EXIT_TRANSACTION,NONE,BUY,0.6691600000,0.6691600000,0,0.0000,0.02000000,0,0,15,15,10009,YES,CROSS_SECTIONAL_WEEKLY_REBALANCE
SOLTRADE_PHASE6_V29_TRANSACTION_V1,2026.01.19 10:05:00,V29_2026_PRESEAL_DEVELOPMENT,NATIVE_NORMAL_EXECUTION,NZDUSD,EXIT_TRANSACTION,NONE,SELL,0.5772200000,0.5772200000,0,0.0000,0.01000000,0,0,16,16,10009,YES,CROSS_SECTIONAL_WEEKLY_REBALANCE
SOLTRADE_PHASE6_V29_TRANSACTION_V1,2026.01.19 10:05:00,V29_2026_PRESEAL_DEVELOPMENT,NATIVE_NORMAL_EXECUTION,USDCAD,EXIT_TRANSACTION,NONE,BUY,1.3892200000,1.3892200000,0,0.0000,0.02000000,0,0,17,17,10009,YES,CROSS_SECTIONAL_WEEKLY_REBALANCE
SOLTRADE_PHASE6_V29_TRANSACTION_V1,2026.01.19 10:05:05,V29_2026_PRESEAL_DEVELOPMENT,NATIVE_NORMAL_EXECUTION,GBPUSD,ENTRY_ATTEMPT,2026.01.19 10:05:00,BUY,0.0000000000,0.0000000000,14,0.0000,0.00000000,0.00000000,0.0000000000,0,0,0,NO,0.007142857143
SOLTRADE_PHASE6_V29_TRANSACTION_V1,2026.01.19 10:05:05,V29_2026_PRESEAL_DEVELOPMENT,NATIVE_NORMAL_EXECUTION,AUDUSD,ENTRY_ATTEMPT,2026.01.19 10:05:00,BUY,0.0000000000,0.0000000000,14,0.0000,0.00000000,0.00000000,0.0000000000,0,0,0,NO,0.004293571429
SOLTRADE_PHASE6_V29_TRANSACTION_V1,2026.01.19 10:05:05,V29_2026_PRESEAL_DEVELOPMENT,NATIVE_NORMAL_EXECUTION,USDCAD,ENTRY_ATTEMPT,2026.01.19 10:05:00,BUY,0.0000000000,0.0000000000,17,0.0000,0.00000000,0.00000000,0.0000000000,0,0,0,NO,0.005146428571
SOLTRADE_PHASE6_V29_TRANSACTION_V1,2026.01.19 10:05:05,V29_2026_PRESEAL_DEVELOPMENT,NATIVE_NORMAL_EXECUTION,USDCHF,ENTRY_ATTEMPT,2026.01.19 10:05:00,BUY,0.0000000000,0.0000000000,16,0.0000,0.00000000,0.00000000,0.0000000000,0,0,0,NO,0.004886428571
SOLTRADE_PHASE6_V29_TRANSACTION_V1,2026.01.26 10:05:00,V29_2026_PRESEAL_DEVELOPMENT,NATIVE_NORMAL_EXECUTION,EURUSD,ENTRY_ATTEMPT,2026.01.26 10:05:00,SELL,1.1843900000,0.0000000000,12,0.0000,0.01000000,18.94000000,1.2033300000,18,18,10009,NO,0.006312142857
SOLTRADE_PHASE6_V29_TRANSACTION_V1,2026.01.26 10:05:00,V29_2026_PRESEAL_DEVELOPMENT,NATIVE_NORMAL_EXECUTION,AUDUSD,ENTRY_ATTEMPT,2026.01.26 10:05:00,BUY,0.6914100000,0.0000000000,15,0.0000,0.01000000,14.83000000,0.6765800000,19,19,10009,NO,0.004942142857
SOLTRADE_PHASE6_V29_TRANSACTION_V1,2026.01.26 10:05:00,V29_2026_PRESEAL_DEVELOPMENT,NATIVE_NORMAL_EXECUTION,NZDUSD,ENTRY_ATTEMPT,2026.01.26 10:05:00,BUY,0.5960300000,0.0000000000,14,0.0000,0.01000000,14.66000000,0.5813700000,20,20,10009,NO,0.004883571429
SOLTRADE_PHASE6_V29_TRANSACTION_V1,2026.01.26 10:05:00,V29_2026_PRESEAL_DEVELOPMENT,NATIVE_NORMAL_EXECUTION,USDCAD,ENTRY_ATTEMPT,2026.01.26 10:05:00,BUY,1.3692600000,0.0000000000,17,0.0000,0.02000000,24.99244180,1.3519000000,21,21,10009,NO,0.005785000000
SOLTRADE_PHASE6_V29_TRANSACTION_V1,2026.01.26 10:05:00,V29_2026_PRESEAL_DEVELOPMENT,NATIVE_NORMAL_EXECUTION,AUDUSD,ENTRY_TRANSACTION,NONE,BUY,0.6914100000,0.6914100000,15,0.0000,0.01000000,14.83000000,0.6765800000,19,19,10009,YES,0.000000000000
SOLTRADE_PHASE6_V29_TRANSACTION_V1,2026.01.26 10:05:00,V29_2026_PRESEAL_DEVELOPMENT,NATIVE_NORMAL_EXECUTION,NZDUSD,ENTRY_TRANSACTION,NONE,BUY,0.5960300000,0.5960300000,14,0.0000,0.01000000,14.66000000,0.5813700000,20,20,10009,YES,0.000000000000
SOLTRADE_PHASE6_V29_TRANSACTION_V1,2026.01.26 10:05:00,V29_2026_PRESEAL_DEVELOPMENT,NATIVE_NORMAL_EXECUTION,USDCAD,ENTRY_TRANSACTION,NONE,BUY,1.3692600000,1.3692600000,17,0.0000,0.02000000,24.99244180,1.3519000000,21,21,10009,YES,0.000000000000
SOLTRADE_PHASE6_V29_TRANSACTION_V1,2026.01.27 22:47:17,V29_2026_PRESEAL_DEVELOPMENT,NATIVE_NORMAL_EXECUTION,EURUSD,EXIT_TRANSACTION,NONE,SELL,0.0000000000,1.2034300000,0,0.0000,0.01000000,0,0,22,22,0,YES,STOP_LOSS_EXIT
SOLTRADE_PHASE6_V29_TRANSACTION_V1,2026.01.29 06:06:54,V29_2026_PRESEAL_DEVELOPMENT,NATIVE_NORMAL_EXECUTION,USDCAD,EXIT_TRANSACTION,NONE,BUY,0.0000000000,1.3519000000,0,0.0000,0.02000000,0,0,23,23,0,YES,STOP_LOSS_EXIT
SOLTRADE_PHASE6_V29_TRANSACTION_V1,2026.02.02 10:05:00,V29_2026_PRESEAL_DEVELOPMENT,NATIVE_NORMAL_EXECUTION,AUDUSD,EXIT_ATTEMPT,2026.02.02 10:05:00,BUY,0.6942900000,0.0000000000,0,0.0000,0.01000000,0,0,24,24,10009,NO,CROSS_SECTIONAL_WEEKLY_REBALANCE
SOLTRADE_PHASE6_V29_TRANSACTION_V1,2026.02.02 10:05:00,V29_2026_PRESEAL_DEVELOPMENT,NATIVE_NORMAL_EXECUTION,NZDUSD,EXIT_ATTEMPT,2026.02.02 10:05:00,BUY,0.6007900000,0.0000000000,0,0.0000,0.01000000,0,0,25,25,10009,NO,CROSS_SECTIONAL_WEEKLY_REBALANCE
SOLTRADE_PHASE6_V29_TRANSACTION_V1,2026.02.02 10:05:00,V29_2026_PRESEAL_DEVELOPMENT,NATIVE_NORMAL_EXECUTION,AUDUSD,EXIT_TRANSACTION,NONE,BUY,0.6942900000,0.6942900000,0,0.0000,0.01000000,0,0,24,24,10009,YES,CROSS_SECTIONAL_WEEKLY_REBALANCE
SOLTRADE_PHASE6_V29_TRANSACTION_V1,2026.02.02 10:05:00,V29_2026_PRESEAL_DEVELOPMENT,NATIVE_NORMAL_EXECUTION,NZDUSD,EXIT_TRANSACTION,NONE,BUY,0.6007900000,0.6007900000,0,0.0000,0.01000000,0,0,25,25,10009,YES,CROSS_SECTIONAL_WEEKLY_REBALANCE
SOLTRADE_PHASE6_V29_TRANSACTION_V1,2026.02.02 10:05:01,V29_2026_PRESEAL_DEVELOPMENT,NATIVE_NORMAL_EXECUTION,EURUSD,ENTRY_ATTEMPT,2026.02.02 10:05:00,SELL,1.1855800000,0.0000000000,12,0.0000,0.00000000,0.00000000,1.2137700000,0,0,0,NO,0.009395714286
SOLTRADE_PHASE6_V29_TRANSACTION_V1,2026.02.02 10:05:01,V29_2026_PRESEAL_DEVELOPMENT,NATIVE_NORMAL_EXECUTION,AUDUSD,ENTRY_ATTEMPT,2026.02.02 10:05:00,BUY,0.6944300000,0.0000000000,15,0.0000,0.01000000,20.20000000,0.6742300000,26,26,10009,NO,0.006732857143
SOLTRADE_PHASE6_V29_TRANSACTION_V1,2026.02.02 10:05:01,V29_2026_PRESEAL_DEVELOPMENT,NATIVE_NORMAL_EXECUTION,NZDUSD,ENTRY_ATTEMPT,2026.02.02 10:05:00,BUY,0.6009400000,0.0000000000,14,0.0000,0.01000000,17.81000000,0.5831300000,27,27,10009,NO,0.005934285714
SOLTRADE_PHASE6_V29_TRANSACTION_V1,2026.02.02 10:05:01,V29_2026_PRESEAL_DEVELOPMENT,NATIVE_NORMAL_EXECUTION,USDCAD,ENTRY_ATTEMPT,2026.02.02 10:05:00,BUY,1.3651200000,0.0000000000,17,0.0000,0.01000000,16.84296176,1.3423500000,28,28,10009,NO,0.007588571429
SOLTRADE_PHASE6_V29_TRANSACTION_V1,2026.02.02 10:05:01,V29_2026_PRESEAL_DEVELOPMENT,NATIVE_NORMAL_EXECUTION,AUDUSD,ENTRY_TRANSACTION,NONE,BUY,0.6944300000,0.6944300000,15,0.0000,0.01000000,20.20000000,0.6742300000,26,26,10009,YES,0.000000000000
SOLTRADE_PHASE6_V29_TRANSACTION_V1,2026.02.02 10:05:01,V29_2026_PRESEAL_DEVELOPMENT,NATIVE_NORMAL_EXECUTION,NZDUSD,ENTRY_TRANSACTION,NONE,BUY,0.6009400000,0.6009400000,14,0.0000,0.01000000,17.81000000,0.5831300000,27,27,10009,YES,0.000000000000
SOLTRADE_PHASE6_V29_TRANSACTION_V1,2026.02.02 10:05:01,V29_2026_PRESEAL_DEVELOPMENT,NATIVE_NORMAL_EXECUTION,USDCAD,ENTRY_TRANSACTION,NONE,BUY,1.3651200000,1.3651200000,17,0.0000,0.01000000,16.84296176,1.3423500000,28,28,10009,YES,0.000000000000
SOLTRADE_PHASE6_V29_TRANSACTION_V1,2026.02.09 10:05:00,V29_2026_PRESEAL_DEVELOPMENT,NATIVE_NORMAL_EXECUTION,AUDUSD,EXIT_ATTEMPT,2026.02.09 10:05:00,BUY,0.7033000000,0.0000000000,0,0.0000,0.01000000,0,0,29,29,10009,NO,CROSS_SECTIONAL_WEEKLY_REBALANCE
SOLTRADE_PHASE6_V29_TRANSACTION_V1,2026.02.09 10:05:00,V29_2026_PRESEAL_DEVELOPMENT,NATIVE_NORMAL_EXECUTION,NZDUSD,EXIT_ATTEMPT,2026.02.09 10:05:00,BUY,0.6018900000,0.0000000000,0,0.0000,0.01000000,0,0,30,30,10009,NO,CROSS_SECTIONAL_WEEKLY_REBALANCE
SOLTRADE_PHASE6_V29_TRANSACTION_V1,2026.02.09 10:05:00,V29_2026_PRESEAL_DEVELOPMENT,NATIVE_NORMAL_EXECUTION,USDCAD,EXIT_ATTEMPT,2026.02.09 10:05:00,BUY,1.3641300000,0.0000000000,0,0.0000,0.01000000,0,0,31,31,10009,NO,CROSS_SECTIONAL_WEEKLY_REBALANCE
SOLTRADE_PHASE6_V29_TRANSACTION_V1,2026.02.09 10:05:00,V29_2026_PRESEAL_DEVELOPMENT,NATIVE_NORMAL_EXECUTION,AUDUSD,EXIT_TRANSACTION,NONE,BUY,0.7033000000,0.7033000000,0,0.0000,0.01000000,0,0,29,29,10009,YES,CROSS_SECTIONAL_WEEKLY_REBALANCE
SOLTRADE_PHASE6_V29_TRANSACTION_V1,2026.02.09 10:05:00,V29_2026_PRESEAL_DEVELOPMENT,NATIVE_NORMAL_EXECUTION,NZDUSD,EXIT_TRANSACTION,NONE,BUY,0.6018900000,0.6018900000,0,0.0000,0.01000000,0,0,30,30,10009,YES,CROSS_SECTIONAL_WEEKLY_REBALANCE
SOLTRADE_PHASE6_V29_TRANSACTION_V1,2026.02.09 10:05:00,V29_2026_PRESEAL_DEVELOPMENT,NATIVE_NORMAL_EXECUTION,USDCAD,EXIT_TRANSACTION,NONE,BUY,1.3641300000,1.3641300000,0,0.0000,0.01000000,0,0,31,31,10009,YES,CROSS_SECTIONAL_WEEKLY_REBALANCE
SOLTRADE_PHASE6_V29_TRANSACTION_V1,2026.02.09 10:05:01,V29_2026_PRESEAL_DEVELOPMENT,NATIVE_NORMAL_EXECUTION,GBPUSD,ENTRY_ATTEMPT,2026.02.09 10:05:00,SELL,1.3603000000,0.0000000000,14,0.0000,0.00000000,0.00000000,1.3929200000,0,0,0,NO,0.010872142857
SOLTRADE_PHASE6_V29_TRANSACTION_V1,2026.02.09 10:05:01,V29_2026_PRESEAL_DEVELOPMENT,NATIVE_NORMAL_EXECUTION,AUDUSD,ENTRY_ATTEMPT,2026.02.09 10:05:00,BUY,0.7034800000,0.0000000000,15,0.0000,0.00000000,0.00000000,0.6782200000,0,0,0,NO,0.008418571429
SOLTRADE_PHASE6_V29_TRANSACTION_V1,2026.02.09 10:05:01,V29_2026_PRESEAL_DEVELOPMENT,NATIVE_NORMAL_EXECUTION,NZDUSD,ENTRY_ATTEMPT,2026.02.09 10:05:00,BUY,0.6020400000,0.0000000000,14,0.0000,0.01000000,20.99000000,0.5810500000,32,32,10009,NO,0.006995714286
SOLTRADE_PHASE6_V29_TRANSACTION_V1,2026.02.09 10:05:01,V29_2026_PRESEAL_DEVELOPMENT,NATIVE_NORMAL_EXECUTION,USDJPY,ENTRY_ATTEMPT,2026.02.09 10:05:00,BUY,156.5930000000,0.0000000000,14,0.0000,0.00000000,0.00000000,152.1060000000,0,0,0,NO,1.495642857143
SOLTRADE_PHASE6_V29_TRANSACTION_V1,2026.02.09 10:05:01,V29_2026_PRESEAL_DEVELOPMENT,NATIVE_NORMAL_EXECUTION,NZDUSD,ENTRY_TRANSACTION,NONE,BUY,0.6020400000,0.6020400000,14,0.0000,0.01000000,20.99000000,0.5810500000,32,32,10009,YES,0.000000000000
SOLTRADE_PHASE6_V29_TRANSACTION_V1,2026.02.16 10:05:00,V29_2026_PRESEAL_DEVELOPMENT,NATIVE_NORMAL_EXECUTION,NZDUSD,EXIT_ATTEMPT,2026.02.16 10:05:00,BUY,0.6041800000,0.0000000000,0,0.0000,0.01000000,0,0,33,33,10009,NO,CROSS_SECTIONAL_WEEKLY_REBALANCE
SOLTRADE_PHASE6_V29_TRANSACTION_V1,2026.02.16 10:05:00,V29_2026_PRESEAL_DEVELOPMENT,NATIVE_NORMAL_EXECUTION,NZDUSD,EXIT_TRANSACTION,NONE,BUY,0.6041800000,0.6041800000,0,0.0000,0.01000000,0,0,33,33,10009,YES,CROSS_SECTIONAL_WEEKLY_REBALANCE
SOLTRADE_PHASE6_V29_TRANSACTION_V1,2026.02.16 10:05:01,V29_2026_PRESEAL_DEVELOPMENT,NATIVE_NORMAL_EXECUTION,EURUSD,ENTRY_ATTEMPT,2026.02.16 10:05:00,SELL,1.1867500000,0.0000000000,13,0.0000,0.00000000,0.00000000,1.2130400000,0,0,0,NO,0.008762142857
SOLTRADE_PHASE6_V29_TRANSACTION_V1,2026.02.16 10:05:01,V29_2026_PRESEAL_DEVELOPMENT,NATIVE_NORMAL_EXECUTION,GBPUSD,ENTRY_ATTEMPT,2026.02.16 10:05:00,SELL,1.3654000000,0.0000000000,15,0.0000,0.00000000,0.00000000,1.3965100000,0,0,0,NO,0.010367857143
SOLTRADE_PHASE6_V29_TRANSACTION_V1,2026.02.16 10:05:01,V29_2026_PRESEAL_DEVELOPMENT,NATIVE_NORMAL_EXECUTION,AUDUSD,ENTRY_ATTEMPT,2026.02.16 10:05:00,BUY,0.7093900000,0.0000000000,15,0.0000,0.00000000,0.00000000,0.6835200000,0,0,0,NO,0.008621428571
SOLTRADE_PHASE6_V29_TRANSACTION_V1,2026.02.16 10:05:01,V29_2026_PRESEAL_DEVELOPMENT,NATIVE_NORMAL_EXECUTION,USDCHF,ENTRY_ATTEMPT,2026.02.16 10:05:00,SELL,0.7680500000,0.0000000000,16,0.0000,0.00000000,0.00000000,0.7924700000,0,0,0,NO,0.008137857143
SOLTRADE_PHASE6_V29_TRANSACTION_V1,2026.02.23 10:05:00,V29_2026_PRESEAL_DEVELOPMENT,NATIVE_NORMAL_EXECUTION,GBPUSD,ENTRY_ATTEMPT,2026.02.23 10:05:00,SELL,1.3514400000,0.0000000000,14,0.0000,0.00000000,0.00000000,1.3782200000,0,0,0,NO,0.008926428571
SOLTRADE_PHASE6_V29_TRANSACTION_V1,2026.02.23 10:05:00,V29_2026_PRESEAL_DEVELOPMENT,NATIVE_NORMAL_EXECUTION,AUDUSD,ENTRY_ATTEMPT,2026.02.23 10:05:00,BUY,0.7075500000,0.0000000000,15,0.0000,0.01000000,21.79000000,0.6857600000,34,34,10009,NO,0.007261428571
SOLTRADE_PHASE6_V29_TRANSACTION_V1,2026.02.23 10:05:00,V29_2026_PRESEAL_DEVELOPMENT,NATIVE_NORMAL_EXECUTION,NZDUSD,ENTRY_ATTEMPT,2026.02.23 10:05:00,SELL,0.5975800000,0.0000000000,14,0.0000,0.01000000,17.51000000,0.6150900000,35,35,10009,NO,0.005834285714
SOLTRADE_PHASE6_V29_TRANSACTION_V1,2026.02.23 10:05:00,V29_2026_PRESEAL_DEVELOPMENT,NATIVE_NORMAL_EXECUTION,USDJPY,ENTRY_ATTEMPT,2026.02.23 10:05:00,SELL,154.6110000000,0.0000000000,14,0.0000,0.00000000,0.00000000,158.5710000000,0,0,0,NO,1.319785714286
SOLTRADE_PHASE6_V29_TRANSACTION_V1,2026.02.23 10:05:00,V29_2026_PRESEAL_DEVELOPMENT,NATIVE_NORMAL_EXECUTION,AUDUSD,ENTRY_TRANSACTION,NONE,BUY,0.7075500000,0.7075500000,15,0.0000,0.01000000,21.79000000,0.6857600000,34,34,10009,YES,0.000000000000
SOLTRADE_PHASE6_V29_TRANSACTION_V1,2026.02.23 10:05:00,V29_2026_PRESEAL_DEVELOPMENT,NATIVE_NORMAL_EXECUTION,NZDUSD,ENTRY_TRANSACTION,NONE,SELL,0.5975800000,0.5975800000,14,0.0000,0.01000000,17.51000000,0.6150900000,35,35,10009,YES,0.000000000000
SOLTRADE_PHASE6_V29_TRANSACTION_V1,2026.03.02 10:05:00,V29_2026_PRESEAL_DEVELOPMENT,NATIVE_NORMAL_EXECUTION,AUDUSD,EXIT_ATTEMPT,2026.03.02 10:05:00,BUY,0.7057700000,0.0000000000,0,0.0000,0.01000000,0,0,36,36,10009,NO,CROSS_SECTIONAL_WEEKLY_REBALANCE
SOLTRADE_PHASE6_V29_TRANSACTION_V1,2026.03.02 10:05:00,V29_2026_PRESEAL_DEVELOPMENT,NATIVE_NORMAL_EXECUTION,NZDUSD,EXIT_ATTEMPT,2026.03.02 10:05:00,SELL,0.5944300000,0.0000000000,0,0.0000,0.01000000,0,0,37,37,10009,NO,CROSS_SECTIONAL_WEEKLY_REBALANCE
SOLTRADE_PHASE6_V29_TRANSACTION_V1,2026.03.02 10:05:00,V29_2026_PRESEAL_DEVELOPMENT,NATIVE_NORMAL_EXECUTION,AUDUSD,EXIT_TRANSACTION,NONE,BUY,0.7057700000,0.7057700000,0,0.0000,0.01000000,0,0,36,36,10009,YES,CROSS_SECTIONAL_WEEKLY_REBALANCE
SOLTRADE_PHASE6_V29_TRANSACTION_V1,2026.03.02 10:05:00,V29_2026_PRESEAL_DEVELOPMENT,NATIVE_NORMAL_EXECUTION,NZDUSD,EXIT_TRANSACTION,NONE,SELL,0.5944300000,0.5944300000,0,0.0000,0.01000000,0,0,37,37,10009,YES,CROSS_SECTIONAL_WEEKLY_REBALANCE
SOLTRADE_PHASE6_V29_TRANSACTION_V1,2026.03.02 10:05:01,V29_2026_PRESEAL_DEVELOPMENT,NATIVE_NORMAL_EXECUTION,GBPUSD,ENTRY_ATTEMPT,2026.03.02 10:05:00,SELL,1.3364800000,0.0000000000,14,0.0000,0.01000000,24.38000000,1.3608600000,38,38,10009,NO,0.008124285714
SOLTRADE_PHASE6_V29_TRANSACTION_V1,2026.03.02 10:05:01,V29_2026_PRESEAL_DEVELOPMENT,NATIVE_NORMAL_EXECUTION,AUDUSD,ENTRY_ATTEMPT,2026.03.02 10:05:00,BUY,0.7059800000,0.0000000000,15,0.0000,0.01000000,17.66000000,0.6883200000,39,39,10009,NO,0.005886428571
SOLTRADE_PHASE6_V29_TRANSACTION_V1,2026.03.02 10:05:01,V29_2026_PRESEAL_DEVELOPMENT,NATIVE_NORMAL_EXECUTION,NZDUSD,ENTRY_ATTEMPT,2026.03.02 10:05:00,SELL,0.5943400000,0.0000000000,14,0.0000,0.01000000,14.84000000,0.6091800000,40,40,10009,NO,0.004945000000
SOLTRADE_PHASE6_V29_TRANSACTION_V1,2026.03.02 10:05:01,V29_2026_PRESEAL_DEVELOPMENT,NATIVE_NORMAL_EXECUTION,USDCHF,ENTRY_ATTEMPT,2026.03.02 10:05:00,SELL,0.7725900000,0.0000000000,17,0.0000,0.01000000,20.89077001,0.7887300000,41,41,10009,NO,0.005377857143
SOLTRADE_PHASE6_V29_TRANSACTION_V1,2026.03.02 10:05:01,V29_2026_PRESEAL_DEVELOPMENT,NATIVE_NORMAL_EXECUTION,GBPUSD,ENTRY_TRANSACTION,NONE,SELL,1.3364800000,1.3364800000,14,0.0000,0.01000000,24.38000000,1.3608600000,38,38,10009,YES,0.000000000000
SOLTRADE_PHASE6_V29_TRANSACTION_V1,2026.03.02 10:05:01,V29_2026_PRESEAL_DEVELOPMENT,NATIVE_NORMAL_EXECUTION,AUDUSD,ENTRY_TRANSACTION,NONE,BUY,0.7059800000,0.7059800000,15,0.0000,0.01000000,17.66000000,0.6883200000,39,39,10009,YES,0.000000000000
SOLTRADE_PHASE6_V29_TRANSACTION_V1,2026.03.02 10:05:01,V29_2026_PRESEAL_DEVELOPMENT,NATIVE_NORMAL_EXECUTION,NZDUSD,ENTRY_TRANSACTION,NONE,SELL,0.5943400000,0.5943400000,14,0.0000,0.01000000,14.84000000,0.6091800000,40,40,10009,YES,0.000000000000
SOLTRADE_PHASE6_V29_TRANSACTION_V1,2026.03.02 10:05:01,V29_2026_PRESEAL_DEVELOPMENT,NATIVE_NORMAL_EXECUTION,USDCHF,ENTRY_TRANSACTION,NONE,SELL,0.7725900000,0.7725900000,17,0.0000,0.01000000,20.89077001,0.7887300000,41,41,10009,YES,0.000000000000
SOLTRADE_PHASE6_V29_TRANSACTION_V1,2026.03.09 10:05:00,V29_2026_PRESEAL_DEVELOPMENT,NATIVE_NORMAL_EXECUTION,GBPUSD,EXIT_ATTEMPT,2026.03.09 10:05:00,SELL,1.3313000000,0.0000000000,0,0.0000,0.01000000,0,0,42,42,10009,NO,CROSS_SECTIONAL_WEEKLY_REBALANCE
SOLTRADE_PHASE6_V29_TRANSACTION_V1,2026.03.09 10:05:00,V29_2026_PRESEAL_DEVELOPMENT,NATIVE_NORMAL_EXECUTION,AUDUSD,EXIT_ATTEMPT,2026.03.09 10:05:00,BUY,0.6996600000,0.0000000000,0,0.0000,0.01000000,0,0,43,43,10009,NO,CROSS_SECTIONAL_WEEKLY_REBALANCE
SOLTRADE_PHASE6_V29_TRANSACTION_V1,2026.03.09 10:05:00,V29_2026_PRESEAL_DEVELOPMENT,NATIVE_NORMAL_EXECUTION,NZDUSD,EXIT_ATTEMPT,2026.03.09 10:05:00,SELL,0.5880300000,0.0000000000,0,0.0000,0.01000000,0,0,44,44,10009,NO,CROSS_SECTIONAL_WEEKLY_REBALANCE
SOLTRADE_PHASE6_V29_TRANSACTION_V1,2026.03.09 10:05:00,V29_2026_PRESEAL_DEVELOPMENT,NATIVE_NORMAL_EXECUTION,USDCHF,EXIT_ATTEMPT,2026.03.09 10:05:00,SELL,0.7804500000,0.0000000000,0,0.0000,0.01000000,0,0,45,45,10009,NO,CROSS_SECTIONAL_WEEKLY_REBALANCE
SOLTRADE_PHASE6_V29_TRANSACTION_V1,2026.03.09 10:05:00,V29_2026_PRESEAL_DEVELOPMENT,NATIVE_NORMAL_EXECUTION,GBPUSD,EXIT_TRANSACTION,NONE,SELL,1.3313000000,1.3313000000,0,0.0000,0.01000000,0,0,42,42,10009,YES,CROSS_SECTIONAL_WEEKLY_REBALANCE
SOLTRADE_PHASE6_V29_TRANSACTION_V1,2026.03.09 10:05:00,V29_2026_PRESEAL_DEVELOPMENT,NATIVE_NORMAL_EXECUTION,AUDUSD,EXIT_TRANSACTION,NONE,BUY,0.6996600000,0.6996600000,0,0.0000,0.01000000,0,0,43,43,10009,YES,CROSS_SECTIONAL_WEEKLY_REBALANCE
SOLTRADE_PHASE6_V29_TRANSACTION_V1,2026.03.09 10:05:00,V29_2026_PRESEAL_DEVELOPMENT,NATIVE_NORMAL_EXECUTION,NZDUSD,EXIT_TRANSACTION,NONE,SELL,0.5880300000,0.5880300000,0,0.0000,0.01000000,0,0,44,44,10009,YES,CROSS_SECTIONAL_WEEKLY_REBALANCE
SOLTRADE_PHASE6_V29_TRANSACTION_V1,2026.03.09 10:05:00,V29_2026_PRESEAL_DEVELOPMENT,NATIVE_NORMAL_EXECUTION,USDCHF,EXIT_TRANSACTION,NONE,SELL,0.7804500000,0.7804500000,0,0.0000,0.01000000,0,0,45,45,10009,YES,CROSS_SECTIONAL_WEEKLY_REBALANCE
SOLTRADE_PHASE6_V29_TRANSACTION_V1,2026.03.09 10:05:01,V29_2026_PRESEAL_DEVELOPMENT,NATIVE_NORMAL_EXECUTION,EURUSD,ENTRY_ATTEMPT,2026.03.09 10:05:00,SELL,1.1539000000,0.0000000000,12,0.0000,0.01000000,22.35000000,1.1762500000,46,46,10009,NO,0.007447142857
SOLTRADE_PHASE6_V29_TRANSACTION_V1,2026.03.09 10:05:01,V29_2026_PRESEAL_DEVELOPMENT,NATIVE_NORMAL_EXECUTION,AUDUSD,ENTRY_ATTEMPT,2026.03.09 10:05:00,BUY,0.6997600000,0.0000000000,15,0.0000,0.01000000,23.55000000,0.6762100000,47,47,10009,NO,0.007847142857
SOLTRADE_PHASE6_V29_TRANSACTION_V1,2026.03.09 10:05:01,V29_2026_PRESEAL_DEVELOPMENT,NATIVE_NORMAL_EXECUTION,USDCAD,ENTRY_ATTEMPT,2026.03.09 10:05:00,SELL,1.3551000000,0.0000000000,19,0.0000,0.01000000,14.99857052,1.3755600000,48,48,10009,NO,0.006818571429
SOLTRADE_PHASE6_V29_TRANSACTION_V1,2026.03.09 10:05:01,V29_2026_PRESEAL_DEVELOPMENT,NATIVE_NORMAL_EXECUTION,USDJPY,ENTRY_ATTEMPT,2026.03.09 10:05:00,BUY,158.6280000000,0.0000000000,14,0.0000,0.01000000,22.07853951,155.1450000000,49,49,10009,NO,1.160928571429
SOLTRADE_PHASE6_V29_TRANSACTION_V1,2026.03.09 10:05:01,V29_2026_PRESEAL_DEVELOPMENT,NATIVE_NORMAL_EXECUTION,AUDUSD,ENTRY_TRANSACTION,NONE,BUY,0.6997600000,0.6997600000,15,0.0000,0.01000000,23.55000000,0.6762100000,47,47,10009,YES,0.000000000000
SOLTRADE_PHASE6_V29_TRANSACTION_V1,2026.03.09 10:05:01,V29_2026_PRESEAL_DEVELOPMENT,NATIVE_NORMAL_EXECUTION,USDCAD,ENTRY_TRANSACTION,NONE,SELL,1.3551000000,1.3551000000,19,0.0000,0.01000000,14.99857052,1.3755600000,48,48,10009,YES,0.000000000000
SOLTRADE_PHASE6_V29_TRANSACTION_V1,2026.03.09 10:05:01,V29_2026_PRESEAL_DEVELOPMENT,NATIVE_NORMAL_EXECUTION,USDJPY,ENTRY_TRANSACTION,NONE,BUY,158.6280000000,158.6280000000,14,0.0000,0.01000000,22.07853951,155.1450000000,49,49,10009,YES,0.000000000000
SOLTRADE_PHASE6_V29_TRANSACTION_V1,2026.03.16 10:05:00,V29_2026_PRESEAL_DEVELOPMENT,NATIVE_NORMAL_EXECUTION,EURUSD,EXIT_ATTEMPT,2026.03.16 10:05:00,SELL,1.1434100000,0.0000000000,0,0.0000,0.01000000,0,0,50,50,10009,NO,CROSS_SECTIONAL_WEEKLY_REBALANCE
SOLTRADE_PHASE6_V29_TRANSACTION_V1,2026.03.16 10:05:00,V29_2026_PRESEAL_DEVELOPMENT,NATIVE_NORMAL_EXECUTION,AUDUSD,EXIT_ATTEMPT,2026.03.16 10:05:00,BUY,0.7018400000,0.0000000000,0,0.0000,0.01000000,0,0,51,51,10009,NO,CROSS_SECTIONAL_WEEKLY_REBALANCE
SOLTRADE_PHASE6_V29_TRANSACTION_V1,2026.03.16 10:05:00,V29_2026_PRESEAL_DEVELOPMENT,NATIVE_NORMAL_EXECUTION,USDCAD,EXIT_ATTEMPT,2026.03.16 10:05:00,SELL,1.3717000000,0.0000000000,0,0.0000,0.01000000,0,0,52,52,10009,NO,CROSS_SECTIONAL_WEEKLY_REBALANCE
SOLTRADE_PHASE6_V29_TRANSACTION_V1,2026.03.16 10:05:00,V29_2026_PRESEAL_DEVELOPMENT,NATIVE_NORMAL_EXECUTION,USDJPY,EXIT_ATTEMPT,2026.03.16 10:05:00,BUY,159.2410000000,0.0000000000,0,0.0000,0.01000000,0,0,53,53,10009,NO,CROSS_SECTIONAL_WEEKLY_REBALANCE
SOLTRADE_PHASE6_V29_TRANSACTION_V1,2026.03.16 10:05:00,V29_2026_PRESEAL_DEVELOPMENT,NATIVE_NORMAL_EXECUTION,EURUSD,EXIT_TRANSACTION,NONE,SELL,1.1434100000,1.1434100000,0,0.0000,0.01000000,0,0,50,50,10009,YES,CROSS_SECTIONAL_WEEKLY_REBALANCE
SOLTRADE_PHASE6_V29_TRANSACTION_V1,2026.03.16 10:05:00,V29_2026_PRESEAL_DEVELOPMENT,NATIVE_NORMAL_EXECUTION,AUDUSD,EXIT_TRANSACTION,NONE,BUY,0.7018400000,0.7018400000,0,0.0000,0.01000000,0,0,51,51,10009,YES,CROSS_SECTIONAL_WEEKLY_REBALANCE
SOLTRADE_PHASE6_V29_TRANSACTION_V1,2026.03.16 10:05:00,V29_2026_PRESEAL_DEVELOPMENT,NATIVE_NORMAL_EXECUTION,USDCAD,EXIT_TRANSACTION,NONE,SELL,1.3717000000,1.3717000000,0,0.0000,0.01000000,0,0,52,52,10009,YES,CROSS_SECTIONAL_WEEKLY_REBALANCE
SOLTRADE_PHASE6_V29_TRANSACTION_V1,2026.03.16 10:05:00,V29_2026_PRESEAL_DEVELOPMENT,NATIVE_NORMAL_EXECUTION,USDJPY,EXIT_TRANSACTION,NONE,BUY,159.2410000000,159.2410000000,0,0.0000,0.01000000,0,0,53,53,10009,YES,CROSS_SECTIONAL_WEEKLY_REBALANCE
SOLTRADE_PHASE6_V29_TRANSACTION_V1,2026.03.16 10:05:02,V29_2026_PRESEAL_DEVELOPMENT,NATIVE_NORMAL_EXECUTION,EURUSD,ENTRY_ATTEMPT,2026.03.16 10:05:00,SELL,1.1432700000,0.0000000000,13,0.0000,0.00000000,0.00000000,1.1686600000,0,0,0,NO,0.008462857143
SOLTRADE_PHASE6_V29_TRANSACTION_V1,2026.03.16 10:05:02,V29_2026_PRESEAL_DEVELOPMENT,NATIVE_NORMAL_EXECUTION,AUDUSD,ENTRY_ATTEMPT,2026.03.16 10:05:00,BUY,0.7019500000,0.0000000000,14,0.0000,0.00000000,0.00000000,0.6740500000,0,0,0,NO,0.009297857143
SOLTRADE_PHASE6_V29_TRANSACTION_V1,2026.03.16 10:05:02,V29_2026_PRESEAL_DEVELOPMENT,NATIVE_NORMAL_EXECUTION,USDCAD,ENTRY_ATTEMPT,2026.03.16 10:05:00,SELL,1.3715400000,0.0000000000,16,0.0000,0.01000000,16.28837867,1.3938800000,54,54,10009,NO,0.007445000000
SOLTRADE_PHASE6_V29_TRANSACTION_V1,2026.03.16 10:05:02,V29_2026_PRESEAL_DEVELOPMENT,NATIVE_NORMAL_EXECUTION,USDJPY,ENTRY_ATTEMPT,2026.03.16 10:05:00,BUY,159.2560000000,0.0000000000,14,0.0000,0.01000000,20.56631144,155.9810000000,55,55,10009,NO,1.091500000000
SOLTRADE_PHASE6_V29_TRANSACTION_V1,2026.03.16 10:05:02,V29_2026_PRESEAL_DEVELOPMENT,NATIVE_NORMAL_EXECUTION,USDCAD,ENTRY_TRANSACTION,NONE,SELL,1.3715400000,1.3715400000,16,0.0000,0.01000000,16.28837867,1.3938800000,54,54,10009,YES,0.000000000000
SOLTRADE_PHASE6_V29_TRANSACTION_V1,2026.03.16 10:05:02,V29_2026_PRESEAL_DEVELOPMENT,NATIVE_NORMAL_EXECUTION,USDJPY,ENTRY_TRANSACTION,NONE,BUY,159.2560000000,159.2560000000,14,0.0000,0.01000000,20.56631144,155.9810000000,55,55,10009,YES,0.000000000000
SOLTRADE_PHASE6_V29_TRANSACTION_V1,2026.03.23 10:05:00,V29_2026_PRESEAL_DEVELOPMENT,NATIVE_NORMAL_EXECUTION,USDCAD,EXIT_ATTEMPT,2026.03.23 10:05:00,SELL,1.3734500000,0.0000000000,0,0.0000,0.01000000,0,0,56,56,10009,NO,CROSS_SECTIONAL_WEEKLY_REBALANCE
SOLTRADE_PHASE6_V29_TRANSACTION_V1,2026.03.23 10:05:00,V29_2026_PRESEAL_DEVELOPMENT,NATIVE_NORMAL_EXECUTION,USDJPY,EXIT_ATTEMPT,2026.03.23 10:05:00,BUY,159.4250000000,0.0000000000,0,0.0000,0.01000000,0,0,57,57,10009,NO,CROSS_SECTIONAL_WEEKLY_REBALANCE
SOLTRADE_PHASE6_V29_TRANSACTION_V1,2026.03.23 10:05:00,V29_2026_PRESEAL_DEVELOPMENT,NATIVE_NORMAL_EXECUTION,USDCAD,EXIT_TRANSACTION,NONE,SELL,1.3734500000,1.3734500000,0,0.0000,0.01000000,0,0,56,56,10009,YES,CROSS_SECTIONAL_WEEKLY_REBALANCE
SOLTRADE_PHASE6_V29_TRANSACTION_V1,2026.03.23 10:05:00,V29_2026_PRESEAL_DEVELOPMENT,NATIVE_NORMAL_EXECUTION,USDJPY,EXIT_TRANSACTION,NONE,BUY,159.4250000000,159.4250000000,0,0.0000,0.01000000,0,0,57,57,10009,YES,CROSS_SECTIONAL_WEEKLY_REBALANCE
SOLTRADE_PHASE6_V29_TRANSACTION_V1,2026.03.23 10:05:01,V29_2026_PRESEAL_DEVELOPMENT,NATIVE_NORMAL_EXECUTION,GBPUSD,ENTRY_ATTEMPT,2026.03.23 10:05:00,BUY,1.3294500000,0.0000000000,15,0.0000,0.00000000,0.00000000,1.2927100000,0,0,0,NO,0.012243571429
SOLTRADE_PHASE6_V29_TRANSACTION_V1,2026.03.23 10:05:01,V29_2026_PRESEAL_DEVELOPMENT,NATIVE_NORMAL_EXECUTION,NZDUSD,ENTRY_ATTEMPT,2026.03.23 10:05:00,SELL,0.5793900000,0.0000000000,14,0.0000,0.01000000,23.74000000,0.6031300000,58,58,10009,NO,0.007910714286
SOLTRADE_PHASE6_V29_TRANSACTION_V1,2026.03.23 10:05:01,V29_2026_PRESEAL_DEVELOPMENT,NATIVE_NORMAL_EXECUTION,USDCAD,ENTRY_ATTEMPT,2026.03.23 10:05:00,SELL,1.3733000000,0.0000000000,17,0.0000,0.01000000,16.18740397,1.3955300000,59,59,10009,NO,0.007409285714
SOLTRADE_PHASE6_V29_TRANSACTION_V1,2026.03.23 10:05:01,V29_2026_PRESEAL_DEVELOPMENT,NATIVE_NORMAL_EXECUTION,USDCHF,ENTRY_ATTEMPT,2026.03.23 10:05:00,BUY,0.7898500000,0.0000000000,16,0.0000,0.00000000,0.00000000,0.7691500000,0,0,0,NO,0.006900000000
SOLTRADE_PHASE6_V29_TRANSACTION_V1,2026.03.23 10:05:01,V29_2026_PRESEAL_DEVELOPMENT,NATIVE_NORMAL_EXECUTION,NZDUSD,ENTRY_TRANSACTION,NONE,SELL,0.5793900000,0.5793900000,14,0.0000,0.01000000,23.74000000,0.6031300000,58,58,10009,YES,0.000000000000
SOLTRADE_PHASE6_V29_TRANSACTION_V1,2026.03.23 10:05:01,V29_2026_PRESEAL_DEVELOPMENT,NATIVE_NORMAL_EXECUTION,USDCAD,ENTRY_TRANSACTION,NONE,SELL,1.3733000000,1.3733000000,17,0.0000,0.01000000,16.18740397,1.3955300000,59,59,10009,YES,0.000000000000
SOLTRADE_PHASE6_V29_TRANSACTION_V1,2026.03.30 10:05:00,V29_2026_PRESEAL_DEVELOPMENT,NATIVE_NORMAL_EXECUTION,NZDUSD,EXIT_ATTEMPT,2026.03.30 10:05:00,SELL,0.5736800000,0.0000000000,0,0.0000,0.01000000,0,0,60,60,10009,NO,CROSS_SECTIONAL_WEEKLY_REBALANCE
SOLTRADE_PHASE6_V29_TRANSACTION_V1,2026.03.30 10:05:00,V29_2026_PRESEAL_DEVELOPMENT,NATIVE_NORMAL_EXECUTION,USDCAD,EXIT_ATTEMPT,2026.03.30 10:05:00,SELL,1.3897100000,0.0000000000,0,0.0000,0.01000000,0,0,61,61,10009,NO,CROSS_SECTIONAL_WEEKLY_REBALANCE
SOLTRADE_PHASE6_V29_TRANSACTION_V1,2026.03.30 10:05:00,V29_2026_PRESEAL_DEVELOPMENT,NATIVE_NORMAL_EXECUTION,NZDUSD,EXIT_TRANSACTION,NONE,SELL,0.5736800000,0.5736800000,0,0.0000,0.01000000,0,0,60,60,10009,YES,CROSS_SECTIONAL_WEEKLY_REBALANCE
SOLTRADE_PHASE6_V29_TRANSACTION_V1,2026.03.30 10:05:00,V29_2026_PRESEAL_DEVELOPMENT,NATIVE_NORMAL_EXECUTION,USDCAD,EXIT_TRANSACTION,NONE,SELL,1.3897100000,1.3897100000,0,0.0000,0.01000000,0,0,61,61,10009,YES,CROSS_SECTIONAL_WEEKLY_REBALANCE
SOLTRADE_PHASE6_V29_TRANSACTION_V1,2026.03.30 10:05:01,V29_2026_PRESEAL_DEVELOPMENT,NATIVE_NORMAL_EXECUTION,EURUSD,ENTRY_ATTEMPT,2026.03.30 10:05:00,BUY,1.1506200000,0.0000000000,12,0.0000,0.00000000,0.00000000,1.1234500000,0,0,0,NO,0.009056428571
SOLTRADE_PHASE6_V29_TRANSACTION_V1,2026.03.30 10:05:01,V29_2026_PRESEAL_DEVELOPMENT,NATIVE_NORMAL_EXECUTION,GBPUSD,ENTRY_ATTEMPT,2026.03.30 10:05:00,BUY,1.3257500000,0.0000000000,15,0.0000,0.00000000,0.00000000,1.2897200000,0,0,0,NO,0.012007857143
SOLTRADE_PHASE6_V29_TRANSACTION_V1,2026.03.30 10:05:01,V29_2026_PRESEAL_DEVELOPMENT,NATIVE_NORMAL_EXECUTION,NZDUSD,ENTRY_ATTEMPT,2026.03.30 10:05:00,SELL,0.5735200000,0.0000000000,15,0.0000,0.01000000,22.01000000,0.5955300000,62,62,10009,NO,0.007333571429
SOLTRADE_PHASE6_V29_TRANSACTION_V1,2026.03.30 10:05:01,V29_2026_PRESEAL_DEVELOPMENT,NATIVE_NORMAL_EXECUTION,USDCAD,ENTRY_ATTEMPT,2026.03.30 10:05:00,BUY,1.3897100000,0.0000000000,17,0.0000,0.01000000,13.96865150,1.3703000000,63,63,10009,NO,0.006467142857
SOLTRADE_PHASE6_V29_TRANSACTION_V1,2026.03.30 10:05:01,V29_2026_PRESEAL_DEVELOPMENT,NATIVE_NORMAL_EXECUTION,NZDUSD,ENTRY_TRANSACTION,NONE,SELL,0.5735200000,0.5735200000,15,0.0000,0.01000000,22.01000000,0.5955300000,62,62,10009,YES,0.000000000000
SOLTRADE_PHASE6_V29_TRANSACTION_V1,2026.03.30 10:05:01,V29_2026_PRESEAL_DEVELOPMENT,NATIVE_NORMAL_EXECUTION,USDCAD,ENTRY_TRANSACTION,NONE,BUY,1.3897100000,1.3897100000,17,0.0000,0.01000000,13.96865150,1.3703000000,63,63,10009,YES,0.000000000000
SOLTRADE_PHASE6_V29_TRANSACTION_V1,2026.04.06 10:05:00,V29_2026_PRESEAL_DEVELOPMENT,NATIVE_NORMAL_EXECUTION,NZDUSD,EXIT_ATTEMPT,2026.04.06 10:05:00,SELL,0.5708700000,0.0000000000,0,0.0000,0.01000000,0,0,64,64,10009,NO,CROSS_SECTIONAL_WEEKLY_REBALANCE
SOLTRADE_PHASE6_V29_TRANSACTION_V1,2026.04.06 10:05:00,V29_2026_PRESEAL_DEVELOPMENT,NATIVE_NORMAL_EXECUTION,USDCAD,EXIT_ATTEMPT,2026.04.06 10:05:00,BUY,1.3936700000,0.0000000000,0,0.0000,0.01000000,0,0,65,65,10009,NO,CROSS_SECTIONAL_WEEKLY_REBALANCE
SOLTRADE_PHASE6_V29_TRANSACTION_V1,2026.04.06 10:05:00,V29_2026_PRESEAL_DEVELOPMENT,NATIVE_NORMAL_EXECUTION,NZDUSD,EXIT_TRANSACTION,NONE,SELL,0.5708700000,0.5708700000,0,0.0000,0.01000000,0,0,64,64,10009,YES,CROSS_SECTIONAL_WEEKLY_REBALANCE
SOLTRADE_PHASE6_V29_TRANSACTION_V1,2026.04.06 10:05:00,V29_2026_PRESEAL_DEVELOPMENT,NATIVE_NORMAL_EXECUTION,USDCAD,EXIT_TRANSACTION,NONE,BUY,1.3936700000,1.3936700000,0,0.0000,0.01000000,0,0,65,65,10009,YES,CROSS_SECTIONAL_WEEKLY_REBALANCE
SOLTRADE_PHASE6_V29_TRANSACTION_V1,2026.04.06 10:05:01,V29_2026_PRESEAL_DEVELOPMENT,NATIVE_NORMAL_EXECUTION,EURUSD,ENTRY_ATTEMPT,2026.04.06 10:05:00,BUY,1.1530500000,0.0000000000,13,0.0000,0.00000000,0.00000000,1.1263300000,0,0,0,NO,0.008905714286
SOLTRADE_PHASE6_V29_TRANSACTION_V1,2026.04.06 10:05:01,V29_2026_PRESEAL_DEVELOPMENT,NATIVE_NORMAL_EXECUTION,NZDUSD,ENTRY_ATTEMPT,2026.04.06 10:05:00,SELL,0.5707300000,0.0000000000,15,0.0000,0.01000000,20.03000000,0.5907600000,66,66,10009,NO,0.006675714286
SOLTRADE_PHASE6_V29_TRANSACTION_V1,2026.04.06 10:05:01,V29_2026_PRESEAL_DEVELOPMENT,NATIVE_NORMAL_EXECUTION,USDCAD,ENTRY_ATTEMPT,2026.04.06 10:05:00,BUY,1.3938500000,0.0000000000,18,0.0000,0.01000000,12.61417696,1.3762700000,67,67,10009,NO,0.005858571429
SOLTRADE_PHASE6_V29_TRANSACTION_V1,2026.04.06 10:05:01,V29_2026_PRESEAL_DEVELOPMENT,NATIVE_NORMAL_EXECUTION,USDJPY,ENTRY_ATTEMPT,2026.04.06 10:05:00,SELL,159.6350000000,0.0000000000,14,0.0000,0.01000000,21.74690293,163.1020000000,68,68,10009,NO,1.155428571429
SOLTRADE_PHASE6_V29_TRANSACTION_V1,2026.04.06 10:05:01,V29_2026_PRESEAL_DEVELOPMENT,NATIVE_NORMAL_EXECUTION,NZDUSD,ENTRY_TRANSACTION,NONE,SELL,0.5707300000,0.5707300000,15,0.0000,0.01000000,20.03000000,0.5907600000,66,66,10009,YES,0.000000000000
SOLTRADE_PHASE6_V29_TRANSACTION_V1,2026.04.06 10:05:01,V29_2026_PRESEAL_DEVELOPMENT,NATIVE_NORMAL_EXECUTION,USDCAD,ENTRY_TRANSACTION,NONE,BUY,1.3938500000,1.3938500000,18,0.0000,0.01000000,12.61417696,1.3762700000,67,67,10009,YES,0.000000000000
SOLTRADE_PHASE6_V29_TRANSACTION_V1,2026.04.06 10:05:01,V29_2026_PRESEAL_DEVELOPMENT,NATIVE_NORMAL_EXECUTION,USDJPY,ENTRY_TRANSACTION,NONE,SELL,159.6350000000,159.6350000000,14,0.0000,0.01000000,21.74690293,163.1020000000,68,68,10009,YES,0.000000000000
SOLTRADE_PHASE6_V29_TRANSACTION_V1,2026.04.13 10:05:00,V29_2026_PRESEAL_DEVELOPMENT,NATIVE_NORMAL_EXECUTION,NZDUSD,EXIT_ATTEMPT,2026.04.13 10:05:00,SELL,0.5834100000,0.0000000000,0,0.0000,0.01000000,0,0,69,69,10009,NO,CROSS_SECTIONAL_WEEKLY_REBALANCE
SOLTRADE_PHASE6_V29_TRANSACTION_V1,2026.04.13 10:05:00,V29_2026_PRESEAL_DEVELOPMENT,NATIVE_NORMAL_EXECUTION,USDCAD,EXIT_ATTEMPT,2026.04.13 10:05:00,BUY,1.3854300000,0.0000000000,0,0.0000,0.01000000,0,0,70,70,10009,NO,CROSS_SECTIONAL_WEEKLY_REBALANCE
SOLTRADE_PHASE6_V29_TRANSACTION_V1,2026.04.13 10:05:00,V29_2026_PRESEAL_DEVELOPMENT,NATIVE_NORMAL_EXECUTION,USDJPY,EXIT_ATTEMPT,2026.04.13 10:05:00,SELL,159.6880000000,0.0000000000,0,0.0000,0.01000000,0,0,71,71,10009,NO,CROSS_SECTIONAL_WEEKLY_REBALANCE
SOLTRADE_PHASE6_V29_TRANSACTION_V1,2026.04.13 10:05:00,V29_2026_PRESEAL_DEVELOPMENT,NATIVE_NORMAL_EXECUTION,NZDUSD,EXIT_TRANSACTION,NONE,SELL,0.5834100000,0.5834100000,0,0.0000,0.01000000,0,0,69,69,10009,YES,CROSS_SECTIONAL_WEEKLY_REBALANCE
SOLTRADE_PHASE6_V29_TRANSACTION_V1,2026.04.13 10:05:00,V29_2026_PRESEAL_DEVELOPMENT,NATIVE_NORMAL_EXECUTION,USDCAD,EXIT_TRANSACTION,NONE,BUY,1.3854300000,1.3854300000,0,0.0000,0.01000000,0,0,70,70,10009,YES,CROSS_SECTIONAL_WEEKLY_REBALANCE
SOLTRADE_PHASE6_V29_TRANSACTION_V1,2026.04.13 10:05:00,V29_2026_PRESEAL_DEVELOPMENT,NATIVE_NORMAL_EXECUTION,USDJPY,EXIT_TRANSACTION,NONE,SELL,159.6880000000,159.6880000000,0,0.0000,0.01000000,0,0,71,71,10009,YES,CROSS_SECTIONAL_WEEKLY_REBALANCE
SOLTRADE_PHASE6_V29_TRANSACTION_V1,2026.04.13 10:05:01,V29_2026_PRESEAL_DEVELOPMENT,NATIVE_NORMAL_EXECUTION,EURUSD,ENTRY_ATTEMPT,2026.04.13 10:05:00,BUY,0.0000000000,0.0000000000,13,0.0000,0.00000000,0.00000000,0.0000000000,0,0,0,NO,0.007707857143
SOLTRADE_PHASE6_V29_TRANSACTION_V1,2026.04.13 10:05:01,V29_2026_PRESEAL_DEVELOPMENT,NATIVE_NORMAL_EXECUTION,AUDUSD,ENTRY_ATTEMPT,2026.04.13 10:05:00,BUY,0.0000000000,0.0000000000,14,0.0000,0.00000000,0.00000000,0.0000000000,0,0,0,NO,0.006834285714
SOLTRADE_PHASE6_V29_TRANSACTION_V1,2026.04.13 10:05:01,V29_2026_PRESEAL_DEVELOPMENT,NATIVE_NORMAL_EXECUTION,USDCAD,ENTRY_ATTEMPT,2026.04.13 10:05:00,BUY,0.0000000000,0.0000000000,17,0.0000,0.00000000,0.00000000,0.0000000000,0,0,0,NO,0.005778571429
SOLTRADE_PHASE6_V29_TRANSACTION_V1,2026.04.13 10:05:01,V29_2026_PRESEAL_DEVELOPMENT,NATIVE_NORMAL_EXECUTION,USDCHF,ENTRY_ATTEMPT,2026.04.13 10:05:00,BUY,0.0000000000,0.0000000000,16,0.0000,0.00000000,0.00000000,0.0000000000,0,0,0,NO,0.006595714286
SOLTRADE_PHASE6_V29_TRANSACTION_V1,2026.04.20 10:05:00,V29_2026_PRESEAL_DEVELOPMENT,NATIVE_NORMAL_EXECUTION,AUDUSD,ENTRY_ATTEMPT,2026.04.20 10:05:00,BUY,0.7157400000,0.0000000000,14,0.0000,0.01000000,21.68000000,0.6940600000,72,72,10009,NO,0.007225000000
SOLTRADE_PHASE6_V29_TRANSACTION_V1,2026.04.20 10:05:00,V29_2026_PRESEAL_DEVELOPMENT,NATIVE_NORMAL_EXECUTION,NZDUSD,ENTRY_ATTEMPT,2026.04.20 10:05:00,BUY,0.5874500000,0.0000000000,15,0.0000,0.01000000,19.05000000,0.5684000000,73,73,10009,NO,0.006347857143
SOLTRADE_PHASE6_V29_TRANSACTION_V1,2026.04.20 10:05:00,V29_2026_PRESEAL_DEVELOPMENT,NATIVE_NORMAL_EXECUTION,USDCAD,ENTRY_ATTEMPT,2026.04.20 10:05:00,BUY,1.3695600000,0.0000000000,18,0.0000,0.02000000,24.58442505,1.3525300000,74,74,10009,NO,0.005673571429
SOLTRADE_PHASE6_V29_TRANSACTION_V1,2026.04.20 10:05:00,V29_2026_PRESEAL_DEVELOPMENT,NATIVE_NORMAL_EXECUTION,USDJPY,ENTRY_ATTEMPT,2026.04.20 10:05:00,BUY,158.8710000000,0.0000000000,14,0.0000,0.01000000,17.47310144,156.0810000000,75,75,10009,NO,0.929857142857
SOLTRADE_PHASE6_V29_TRANSACTION_V1,2026.04.20 10:05:00,V29_2026_PRESEAL_DEVELOPMENT,NATIVE_NORMAL_EXECUTION,AUDUSD,ENTRY_TRANSACTION,NONE,BUY,0.7157400000,0.7157400000,14,0.0000,0.01000000,21.68000000,0.6940600000,72,72,10009,YES,0.000000000000
SOLTRADE_PHASE6_V29_TRANSACTION_V1,2026.04.20 10:05:00,V29_2026_PRESEAL_DEVELOPMENT,NATIVE_NORMAL_EXECUTION,NZDUSD,ENTRY_TRANSACTION,NONE,BUY,0.5874500000,0.5874500000,15,0.0000,0.01000000,19.05000000,0.5684000000,73,73,10009,YES,0.000000000000
SOLTRADE_PHASE6_V29_TRANSACTION_V1,2026.04.20 10:05:00,V29_2026_PRESEAL_DEVELOPMENT,NATIVE_NORMAL_EXECUTION,USDCAD,ENTRY_TRANSACTION,NONE,BUY,1.3695600000,1.3695600000,18,0.0000,0.02000000,24.58442505,1.3525300000,74,74,10009,YES,0.000000000000
SOLTRADE_PHASE6_V29_TRANSACTION_V1,2026.04.20 10:05:00,V29_2026_PRESEAL_DEVELOPMENT,NATIVE_NORMAL_EXECUTION,USDJPY,ENTRY_TRANSACTION,NONE,BUY,158.8710000000,158.8710000000,14,0.0000,0.01000000,17.47310144,156.0810000000,75,75,10009,YES,0.000000000000
SOLTRADE_PHASE6_V29_TRANSACTION_V1,2026.04.27 10:05:00,V29_2026_PRESEAL_DEVELOPMENT,NATIVE_NORMAL_EXECUTION,AUDUSD,EXIT_ATTEMPT,2026.04.27 10:05:00,BUY,0.7168900000,0.0000000000,0,0.0000,0.01000000,0,0,76,76,10009,NO,CROSS_SECTIONAL_WEEKLY_REBALANCE
SOLTRADE_PHASE6_V29_TRANSACTION_V1,2026.04.27 10:05:00,V29_2026_PRESEAL_DEVELOPMENT,NATIVE_NORMAL_EXECUTION,NZDUSD,EXIT_ATTEMPT,2026.04.27 10:05:00,BUY,0.5890000000,0.0000000000,0,0.0000,0.01000000,0,0,77,77,10009,NO,CROSS_SECTIONAL_WEEKLY_REBALANCE
SOLTRADE_PHASE6_V29_TRANSACTION_V1,2026.04.27 10:05:00,V29_2026_PRESEAL_DEVELOPMENT,NATIVE_NORMAL_EXECUTION,USDCAD,EXIT_ATTEMPT,2026.04.27 10:05:00,BUY,1.3651100000,0.0000000000,0,0.0000,0.02000000,0,0,78,78,10009,NO,CROSS_SECTIONAL_WEEKLY_REBALANCE
SOLTRADE_PHASE6_V29_TRANSACTION_V1,2026.04.27 10:05:00,V29_2026_PRESEAL_DEVELOPMENT,NATIVE_NORMAL_EXECUTION,USDJPY,EXIT_ATTEMPT,2026.04.27 10:05:00,BUY,159.2360000000,0.0000000000,0,0.0000,0.01000000,0,0,79,79,10009,NO,CROSS_SECTIONAL_WEEKLY_REBALANCE
SOLTRADE_PHASE6_V29_TRANSACTION_V1,2026.04.27 10:05:00,V29_2026_PRESEAL_DEVELOPMENT,NATIVE_NORMAL_EXECUTION,AUDUSD,EXIT_TRANSACTION,NONE,BUY,0.7168900000,0.7168900000,0,0.0000,0.01000000,0,0,76,76,10009,YES,CROSS_SECTIONAL_WEEKLY_REBALANCE
SOLTRADE_PHASE6_V29_TRANSACTION_V1,2026.04.27 10:05:00,V29_2026_PRESEAL_DEVELOPMENT,NATIVE_NORMAL_EXECUTION,NZDUSD,EXIT_TRANSACTION,NONE,BUY,0.5890000000,0.5890000000,0,0.0000,0.01000000,0,0,77,77,10009,YES,CROSS_SECTIONAL_WEEKLY_REBALANCE
SOLTRADE_PHASE6_V29_TRANSACTION_V1,2026.04.27 10:05:00,V29_2026_PRESEAL_DEVELOPMENT,NATIVE_NORMAL_EXECUTION,USDCAD,EXIT_TRANSACTION,NONE,BUY,1.3651100000,1.3651100000,0,0.0000,0.02000000,0,0,78,78,10009,YES,CROSS_SECTIONAL_WEEKLY_REBALANCE
SOLTRADE_PHASE6_V29_TRANSACTION_V1,2026.04.27 10:05:00,V29_2026_PRESEAL_DEVELOPMENT,NATIVE_NORMAL_EXECUTION,USDJPY,EXIT_TRANSACTION,NONE,BUY,159.2360000000,159.2360000000,0,0.0000,0.01000000,0,0,79,79,10009,YES,CROSS_SECTIONAL_WEEKLY_REBALANCE
SOLTRADE_PHASE6_V29_TRANSACTION_V1,2026.04.27 10:05:01,V29_2026_PRESEAL_DEVELOPMENT,NATIVE_NORMAL_EXECUTION,EURUSD,ENTRY_ATTEMPT,2026.04.27 10:05:00,SELL,1.1732900000,0.0000000000,13,0.0000,0.01000000,21.23000000,1.1945200000,80,80,10009,NO,0.007075714286
SOLTRADE_PHASE6_V29_TRANSACTION_V1,2026.04.27 10:05:01,V29_2026_PRESEAL_DEVELOPMENT,NATIVE_NORMAL_EXECUTION,AUDUSD,ENTRY_ATTEMPT,2026.04.27 10:05:00,BUY,0.7170200000,0.0000000000,16,0.0000,0.01000000,20.04000000,0.6969800000,81,81,10009,NO,0.006680000000
SOLTRADE_PHASE6_V29_TRANSACTION_V1,2026.04.27 10:05:01,V29_2026_PRESEAL_DEVELOPMENT,NATIVE_NORMAL_EXECUTION,NZDUSD,ENTRY_ATTEMPT,2026.04.27 10:05:00,BUY,0.5891800000,0.0000000000,18,0.0000,0.01000000,18.91000000,0.5702700000,82,82,10009,NO,0.006302857143
SOLTRADE_PHASE6_V29_TRANSACTION_V1,2026.04.27 10:05:01,V29_2026_PRESEAL_DEVELOPMENT,NATIVE_NORMAL_EXECUTION,USDJPY,ENTRY_ATTEMPT,2026.04.27 10:05:00,BUY,159.2510000000,0.0000000000,15,0.0000,0.01000000,16.41588585,156.6370000000,83,83,10009,NO,0.871214285714
SOLTRADE_PHASE6_V29_TRANSACTION_V1,2026.04.27 10:05:01,V29_2026_PRESEAL_DEVELOPMENT,NATIVE_NORMAL_EXECUTION,AUDUSD,ENTRY_TRANSACTION,NONE,BUY,0.7170200000,0.7170200000,16,0.0000,0.01000000,20.04000000,0.6969800000,81,81,10009,YES,0.000000000000
SOLTRADE_PHASE6_V29_TRANSACTION_V1,2026.04.27 10:05:01,V29_2026_PRESEAL_DEVELOPMENT,NATIVE_NORMAL_EXECUTION,NZDUSD,ENTRY_TRANSACTION,NONE,BUY,0.5891800000,0.5891800000,18,0.0000,0.01000000,18.91000000,0.5702700000,82,82,10009,YES,0.000000000000
SOLTRADE_PHASE6_V29_TRANSACTION_V1,2026.04.27 10:05:01,V29_2026_PRESEAL_DEVELOPMENT,NATIVE_NORMAL_EXECUTION,USDJPY,ENTRY_TRANSACTION,NONE,BUY,159.2510000000,159.2510000000,15,0.0000,0.01000000,16.41588585,156.6370000000,83,83,10009,YES,0.000000000000
SOLTRADE_PHASE6_V29_TRANSACTION_V1,2026.04.30 14:22:45,V29_2026_PRESEAL_DEVELOPMENT,NATIVE_NORMAL_EXECUTION,USDJPY,EXIT_TRANSACTION,NONE,BUY,0.0000000000,156.6360000000,0,0.0000,0.01000000,0,0,84,84,0,YES,STOP_LOSS_EXIT
SOLTRADE_PHASE6_V29_TRANSACTION_V1,2026.05.04 10:05:00,V29_2026_PRESEAL_DEVELOPMENT,NATIVE_NORMAL_EXECUTION,EURUSD,EXIT_ATTEMPT,2026.05.04 10:05:00,SELL,1.1725700000,0.0000000000,0,0.0000,0.01000000,0,0,85,85,10009,NO,CROSS_SECTIONAL_WEEKLY_REBALANCE
SOLTRADE_PHASE6_V29_TRANSACTION_V1,2026.05.04 10:05:00,V29_2026_PRESEAL_DEVELOPMENT,NATIVE_NORMAL_EXECUTION,AUDUSD,EXIT_ATTEMPT,2026.05.04 10:05:00,BUY,0.7192600000,0.0000000000,0,0.0000,0.01000000,0,0,86,86,10009,NO,CROSS_SECTIONAL_WEEKLY_REBALANCE
SOLTRADE_PHASE6_V29_TRANSACTION_V1,2026.05.04 10:05:00,V29_2026_PRESEAL_DEVELOPMENT,NATIVE_NORMAL_EXECUTION,NZDUSD,EXIT_ATTEMPT,2026.05.04 10:05:00,BUY,0.5903600000,0.0000000000,0,0.0000,0.01000000,0,0,87,87,10009,NO,CROSS_SECTIONAL_WEEKLY_REBALANCE
SOLTRADE_PHASE6_V29_TRANSACTION_V1,2026.05.04 10:05:00,V29_2026_PRESEAL_DEVELOPMENT,NATIVE_NORMAL_EXECUTION,EURUSD,EXIT_TRANSACTION,NONE,SELL,1.1725700000,1.1725700000,0,0.0000,0.01000000,0,0,85,85,10009,YES,CROSS_SECTIONAL_WEEKLY_REBALANCE
SOLTRADE_PHASE6_V29_TRANSACTION_V1,2026.05.04 10:05:00,V29_2026_PRESEAL_DEVELOPMENT,NATIVE_NORMAL_EXECUTION,AUDUSD,EXIT_TRANSACTION,NONE,BUY,0.7192600000,0.7192600000,0,0.0000,0.01000000,0,0,86,86,10009,YES,CROSS_SECTIONAL_WEEKLY_REBALANCE
SOLTRADE_PHASE6_V29_TRANSACTION_V1,2026.05.04 10:05:00,V29_2026_PRESEAL_DEVELOPMENT,NATIVE_NORMAL_EXECUTION,NZDUSD,EXIT_TRANSACTION,NONE,BUY,0.5903600000,0.5903600000,0,0.0000,0.01000000,0,0,87,87,10009,YES,CROSS_SECTIONAL_WEEKLY_REBALANCE
SOLTRADE_PHASE6_V29_TRANSACTION_V1,2026.05.04 10:05:02,V29_2026_PRESEAL_DEVELOPMENT,NATIVE_NORMAL_EXECUTION,EURUSD,ENTRY_ATTEMPT,2026.05.04 10:05:00,SELL,1.1724600000,0.0000000000,13,0.0000,0.01000000,18.62000000,1.1910800000,88,88,10009,NO,0.006203571429
SOLTRADE_PHASE6_V29_TRANSACTION_V1,2026.05.04 10:05:02,V29_2026_PRESEAL_DEVELOPMENT,NATIVE_NORMAL_EXECUTION,AUDUSD,ENTRY_ATTEMPT,2026.05.04 10:05:00,BUY,0.7194400000,0.0000000000,14,0.0000,0.01000000,18.70000000,0.7007400000,89,89,10009,NO,0.006230714286
SOLTRADE_PHASE6_V29_TRANSACTION_V1,2026.05.04 10:05:02,V29_2026_PRESEAL_DEVELOPMENT,NATIVE_NORMAL_EXECUTION,USDCAD,ENTRY_ATTEMPT,2026.05.04 10:05:00,SELL,1.3597300000,0.0000000000,16,0.0000,0.01000000,13.61062478,1.3783100000,90,90,10009,NO,0.006192142857
SOLTRADE_PHASE6_V29_TRANSACTION_V1,2026.05.04 10:05:02,V29_2026_PRESEAL_DEVELOPMENT,NATIVE_NORMAL_EXECUTION,USDCHF,ENTRY_ATTEMPT,2026.05.04 10:05:00,BUY,0.7817100000,0.0000000000,17,0.0000,0.01000000,23.15805662,0.7636400000,91,91,10009,NO,0.006022857143
SOLTRADE_PHASE6_V29_TRANSACTION_V1,2026.05.04 10:05:02,V29_2026_PRESEAL_DEVELOPMENT,NATIVE_NORMAL_EXECUTION,AUDUSD,ENTRY_TRANSACTION,NONE,BUY,0.7194400000,0.7194400000,14,0.0000,0.01000000,18.70000000,0.7007400000,89,89,10009,YES,0.000000000000
SOLTRADE_PHASE6_V29_TRANSACTION_V1,2026.05.04 10:05:02,V29_2026_PRESEAL_DEVELOPMENT,NATIVE_NORMAL_EXECUTION,USDCAD,ENTRY_TRANSACTION,NONE,SELL,1.3597300000,1.3597300000,16,0.0000,0.01000000,13.61062478,1.3783100000,90,90,10009,YES,0.000000000000
SOLTRADE_PHASE6_V29_TRANSACTION_V1,2026.05.04 10:05:02,V29_2026_PRESEAL_DEVELOPMENT,NATIVE_NORMAL_EXECUTION,USDCHF,ENTRY_TRANSACTION,NONE,BUY,0.7817100000,0.7817100000,17,0.0000,0.01000000,23.15805662,0.7636400000,91,91,10009,YES,0.000000000000
SOLTRADE_PHASE6_V29_TRANSACTION_V1,2026.05.11 10:05:01,V29_2026_PRESEAL_DEVELOPMENT,NATIVE_NORMAL_EXECUTION,EURUSD,EXIT_ATTEMPT,2026.05.11 10:05:00,SELL,1.1765700000,0.0000000000,0,0.0000,0.01000000,0,0,92,92,10009,NO,CROSS_SECTIONAL_WEEKLY_REBALANCE
SOLTRADE_PHASE6_V29_TRANSACTION_V1,2026.05.11 10:05:01,V29_2026_PRESEAL_DEVELOPMENT,NATIVE_NORMAL_EXECUTION,AUDUSD,EXIT_ATTEMPT,2026.05.11 10:05:00,BUY,0.7238500000,0.0000000000,0,0.0000,0.01000000,0,0,93,93,10009,NO,CROSS_SECTIONAL_WEEKLY_REBALANCE
SOLTRADE_PHASE6_V29_TRANSACTION_V1,2026.05.11 10:05:01,V29_2026_PRESEAL_DEVELOPMENT,NATIVE_NORMAL_EXECUTION,USDCAD,EXIT_ATTEMPT,2026.05.11 10:05:00,SELL,1.3679000000,0.0000000000,0,0.0000,0.01000000,0,0,94,94,10009,NO,CROSS_SECTIONAL_WEEKLY_REBALANCE
SOLTRADE_PHASE6_V29_TRANSACTION_V1,2026.05.11 10:05:01,V29_2026_PRESEAL_DEVELOPMENT,NATIVE_NORMAL_EXECUTION,USDCHF,EXIT_ATTEMPT,2026.05.11 10:05:00,BUY,0.7780700000,0.0000000000,0,0.0000,0.01000000,0,0,95,95,10009,NO,CROSS_SECTIONAL_WEEKLY_REBALANCE
SOLTRADE_PHASE6_V29_TRANSACTION_V1,2026.05.11 10:05:01,V29_2026_PRESEAL_DEVELOPMENT,NATIVE_NORMAL_EXECUTION,EURUSD,EXIT_TRANSACTION,NONE,SELL,1.1765700000,1.1765700000,0,0.0000,0.01000000,0,0,92,92,10009,YES,CROSS_SECTIONAL_WEEKLY_REBALANCE
SOLTRADE_PHASE6_V29_TRANSACTION_V1,2026.05.11 10:05:01,V29_2026_PRESEAL_DEVELOPMENT,NATIVE_NORMAL_EXECUTION,AUDUSD,EXIT_TRANSACTION,NONE,BUY,0.7238500000,0.7238500000,0,0.0000,0.01000000,0,0,93,93,10009,YES,CROSS_SECTIONAL_WEEKLY_REBALANCE
SOLTRADE_PHASE6_V29_TRANSACTION_V1,2026.05.11 10:05:01,V29_2026_PRESEAL_DEVELOPMENT,NATIVE_NORMAL_EXECUTION,USDCAD,EXIT_TRANSACTION,NONE,SELL,1.3679000000,1.3679000000,0,0.0000,0.01000000,0,0,94,94,10009,YES,CROSS_SECTIONAL_WEEKLY_REBALANCE
SOLTRADE_PHASE6_V29_TRANSACTION_V1,2026.05.11 10:05:01,V29_2026_PRESEAL_DEVELOPMENT,NATIVE_NORMAL_EXECUTION,USDCHF,EXIT_TRANSACTION,NONE,BUY,0.7780700000,0.7780700000,0,0.0000,0.01000000,0,0,95,95,10009,YES,CROSS_SECTIONAL_WEEKLY_REBALANCE
SOLTRADE_PHASE6_V29_TRANSACTION_V1,2026.05.11 10:05:05,V29_2026_PRESEAL_DEVELOPMENT,NATIVE_NORMAL_EXECUTION,EURUSD,ENTRY_ATTEMPT,2026.05.11 10:05:00,SELL,1.1764500000,0.0000000000,12,0.0000,0.01000000,19.53000000,1.1959800000,96,96,10009,NO,0.006507142857
SOLTRADE_PHASE6_V29_TRANSACTION_V1,2026.05.11 10:05:05,V29_2026_PRESEAL_DEVELOPMENT,NATIVE_NORMAL_EXECUTION,NZDUSD,ENTRY_ATTEMPT,2026.05.11 10:05:00,BUY,0.5949800000,0.0000000000,18,0.0000,0.01000000,22.34000000,0.5726400000,97,97,10009,NO,0.007443571429
SOLTRADE_PHASE6_V29_TRANSACTION_V1,2026.05.11 10:05:05,V29_2026_PRESEAL_DEVELOPMENT,NATIVE_NORMAL_EXECUTION,USDCAD,ENTRY_ATTEMPT,2026.05.11 10:05:00,BUY,1.3679000000,0.0000000000,17,0.0000,0.01000000,13.50402854,1.3494300000,98,98,10009,NO,0.006155000000
SOLTRADE_PHASE6_V29_TRANSACTION_V1,2026.05.11 10:05:05,V29_2026_PRESEAL_DEVELOPMENT,NATIVE_NORMAL_EXECUTION,USDJPY,ENTRY_ATTEMPT,2026.05.11 10:05:00,SELL,157.0130000000,0.0000000000,16,0.0000,0.00000000,0.00000000,161.2060000000,0,0,0,NO,1.397642857143
SOLTRADE_PHASE6_V29_TRANSACTION_V1,2026.05.11 10:05:05,V29_2026_PRESEAL_DEVELOPMENT,NATIVE_NORMAL_EXECUTION,NZDUSD,ENTRY_TRANSACTION,NONE,BUY,0.5949800000,0.5949800000,18,0.0000,0.01000000,22.34000000,0.5726400000,97,97,10009,YES,0.000000000000
SOLTRADE_PHASE6_V29_TRANSACTION_V1,2026.05.11 10:05:05,V29_2026_PRESEAL_DEVELOPMENT,NATIVE_NORMAL_EXECUTION,USDCAD,ENTRY_TRANSACTION,NONE,BUY,1.3679000000,1.3679000000,17,0.0000,0.01000000,13.50402854,1.3494300000,98,98,10009,YES,0.000000000000
SOLTRADE_PHASE6_V29_TRANSACTION_V1,2026.05.18 10:05:00,V29_2026_PRESEAL_DEVELOPMENT,NATIVE_NORMAL_EXECUTION,EURUSD,EXIT_ATTEMPT,2026.05.18 10:05:00,SELL,1.1634600000,0.0000000000,0,0.0000,0.01000000,0,0,99,99,10009,NO,CROSS_SECTIONAL_WEEKLY_REBALANCE
SOLTRADE_PHASE6_V29_TRANSACTION_V1,2026.05.18 10:05:00,V29_2026_PRESEAL_DEVELOPMENT,NATIVE_NORMAL_EXECUTION,NZDUSD,EXIT_ATTEMPT,2026.05.18 10:05:00,BUY,0.5846300000,0.0000000000,0,0.0000,0.01000000,0,0,100,100,10009,NO,CROSS_SECTIONAL_WEEKLY_REBALANCE
SOLTRADE_PHASE6_V29_TRANSACTION_V1,2026.05.18 10:05:00,V29_2026_PRESEAL_DEVELOPMENT,NATIVE_NORMAL_EXECUTION,USDCAD,EXIT_ATTEMPT,2026.05.18 10:05:00,BUY,1.3745700000,0.0000000000,0,0.0000,0.01000000,0,0,101,101,10009,NO,CROSS_SECTIONAL_WEEKLY_REBALANCE
SOLTRADE_PHASE6_V29_TRANSACTION_V1,2026.05.18 10:05:00,V29_2026_PRESEAL_DEVELOPMENT,NATIVE_NORMAL_EXECUTION,EURUSD,EXIT_TRANSACTION,NONE,SELL,1.1634600000,1.1634600000,0,0.0000,0.01000000,0,0,99,99,10009,YES,CROSS_SECTIONAL_WEEKLY_REBALANCE
SOLTRADE_PHASE6_V29_TRANSACTION_V1,2026.05.18 10:05:00,V29_2026_PRESEAL_DEVELOPMENT,NATIVE_NORMAL_EXECUTION,NZDUSD,EXIT_TRANSACTION,NONE,BUY,0.5846300000,0.5846300000,0,0.0000,0.01000000,0,0,100,100,10009,YES,CROSS_SECTIONAL_WEEKLY_REBALANCE
SOLTRADE_PHASE6_V29_TRANSACTION_V1,2026.05.18 10:05:00,V29_2026_PRESEAL_DEVELOPMENT,NATIVE_NORMAL_EXECUTION,USDCAD,EXIT_TRANSACTION,NONE,BUY,1.3745700000,1.3745700000,0,0.0000,0.01000000,0,0,101,101,10009,YES,CROSS_SECTIONAL_WEEKLY_REBALANCE
SOLTRADE_PHASE6_V29_TRANSACTION_V1,2026.05.18 10:05:05,V29_2026_PRESEAL_DEVELOPMENT,NATIVE_NORMAL_EXECUTION,EURUSD,ENTRY_ATTEMPT,2026.05.18 10:05:00,SELL,1.1633000000,0.0000000000,13,0.0000,0.01000000,19.07000000,1.1823700000,102,102,10009,NO,0.006355000000
SOLTRADE_PHASE6_V29_TRANSACTION_V1,2026.05.18 10:05:05,V29_2026_PRESEAL_DEVELOPMENT,NATIVE_NORMAL_EXECUTION,GBPUSD,ENTRY_ATTEMPT,2026.05.18 10:05:00,SELL,1.3351300000,0.0000000000,17,0.0000,0.00000000,0.00000000,1.3651300000,0,0,0,NO,0.009997857143
SOLTRADE_PHASE6_V29_TRANSACTION_V1,2026.05.18 10:05:05,V29_2026_PRESEAL_DEVELOPMENT,NATIVE_NORMAL_EXECUTION,USDCHF,ENTRY_ATTEMPT,2026.05.18 10:05:00,SELL,0.7856200000,0.0000000000,15,0.0000,0.00000000,0.00000000,0.8092700000,0,0,0,NO,0.007882142857
SOLTRADE_PHASE6_V29_TRANSACTION_V1,2026.05.18 10:05:05,V29_2026_PRESEAL_DEVELOPMENT,NATIVE_NORMAL_EXECUTION,USDJPY,ENTRY_ATTEMPT,2026.05.18 10:05:00,SELL,158.9100000000,0.0000000000,16,0.0000,0.00000000,0.00000000,163.4550000000,0,0,0,NO,1.514857142857
SOLTRADE_PHASE6_V29_TRANSACTION_V1,2026.05.25 10:05:00,V29_2026_PRESEAL_DEVELOPMENT,NATIVE_NORMAL_EXECUTION,EURUSD,EXIT_ATTEMPT,2026.05.25 10:05:00,SELL,1.1641900000,0.0000000000,0,0.0000,0.01000000,0,0,103,103,10009,NO,CROSS_SECTIONAL_WEEKLY_REBALANCE
SOLTRADE_PHASE6_V29_TRANSACTION_V1,2026.05.25 10:05:00,V29_2026_PRESEAL_DEVELOPMENT,NATIVE_NORMAL_EXECUTION,EURUSD,EXIT_TRANSACTION,NONE,SELL,1.1641900000,1.1641900000,0,0.0000,0.01000000,0,0,103,103,10009,YES,CROSS_SECTIONAL_WEEKLY_REBALANCE
SOLTRADE_PHASE6_V29_TRANSACTION_V1,2026.05.25 10:05:01,V29_2026_PRESEAL_DEVELOPMENT,NATIVE_NORMAL_EXECUTION,AUDUSD,ENTRY_ATTEMPT,2026.05.25 10:05:00,BUY,0.7165400000,0.0000000000,14,0.0000,0.01000000,19.44000000,0.6971000000,104,104,10009,NO,0.006477857143
SOLTRADE_PHASE6_V29_TRANSACTION_V1,2026.05.25 10:05:01,V29_2026_PRESEAL_DEVELOPMENT,NATIVE_NORMAL_EXECUTION,USDCAD,ENTRY_ATTEMPT,2026.05.25 10:05:00,BUY,1.3813800000,0.0000000000,17,0.0000,0.02000000,23.49825764,1.3652300000,105,105,10009,NO,0.005382857143
SOLTRADE_PHASE6_V29_TRANSACTION_V1,2026.05.25 10:05:01,V29_2026_PRESEAL_DEVELOPMENT,NATIVE_NORMAL_EXECUTION,USDCHF,ENTRY_ATTEMPT,2026.05.25 10:05:00,SELL,0.7815800000,0.0000000000,17,0.0000,0.00000000,0.00000000,0.8014800000,0,0,0,NO,0.006630714286
SOLTRADE_PHASE6_V29_TRANSACTION_V1,2026.05.25 10:05:01,V29_2026_PRESEAL_DEVELOPMENT,NATIVE_NORMAL_EXECUTION,USDJPY,ENTRY_ATTEMPT,2026.05.25 10:05:00,BUY,158.9520000000,0.0000000000,21,0.0000,0.01000000,18.30996706,156.0840000000,106,106,10009,NO,0.955785714286
SOLTRADE_PHASE6_V29_TRANSACTION_V1,2026.05.25 10:05:01,V29_2026_PRESEAL_DEVELOPMENT,NATIVE_NORMAL_EXECUTION,AUDUSD,ENTRY_TRANSACTION,NONE,BUY,0.7165400000,0.7165400000,14,0.0000,0.01000000,19.44000000,0.6971000000,104,104,10009,YES,0.000000000000
SOLTRADE_PHASE6_V29_TRANSACTION_V1,2026.05.25 10:05:01,V29_2026_PRESEAL_DEVELOPMENT,NATIVE_NORMAL_EXECUTION,USDCAD,ENTRY_TRANSACTION,NONE,BUY,1.3813800000,1.3813800000,17,0.0000,0.02000000,23.49825764,1.3652300000,105,105,10009,YES,0.000000000000
SOLTRADE_PHASE6_V29_TRANSACTION_V1,2026.05.25 10:05:01,V29_2026_PRESEAL_DEVELOPMENT,NATIVE_NORMAL_EXECUTION,USDJPY,ENTRY_TRANSACTION,NONE,BUY,158.9520000000,158.9520000000,21,0.0000,0.01000000,18.30996706,156.0840000000,106,106,10009,YES,0.000000000000
SOLTRADE_PHASE6_V29_TRANSACTION_V1,2026.06.01 10:05:00,V29_2026_PRESEAL_DEVELOPMENT,NATIVE_NORMAL_EXECUTION,AUDUSD,EXIT_ATTEMPT,2026.06.01 10:05:00,BUY,0.7181400000,0.0000000000,0,0.0000,0.01000000,0,0,107,107,10009,NO,CROSS_SECTIONAL_WEEKLY_REBALANCE
SOLTRADE_PHASE6_V29_TRANSACTION_V1,2026.06.01 10:05:00,V29_2026_PRESEAL_DEVELOPMENT,NATIVE_NORMAL_EXECUTION,USDCAD,EXIT_ATTEMPT,2026.06.01 10:05:00,BUY,1.3805300000,0.0000000000,0,0.0000,0.02000000,0,0,108,108,10009,NO,CROSS_SECTIONAL_WEEKLY_REBALANCE
SOLTRADE_PHASE6_V29_TRANSACTION_V1,2026.06.01 10:05:00,V29_2026_PRESEAL_DEVELOPMENT,NATIVE_NORMAL_EXECUTION,USDJPY,EXIT_ATTEMPT,2026.06.01 10:05:00,BUY,159.4460000000,0.0000000000,0,0.0000,0.01000000,0,0,109,109,10009,NO,CROSS_SECTIONAL_WEEKLY_REBALANCE
SOLTRADE_PHASE6_V29_TRANSACTION_V1,2026.06.01 10:05:00,V29_2026_PRESEAL_DEVELOPMENT,NATIVE_NORMAL_EXECUTION,AUDUSD,EXIT_TRANSACTION,NONE,BUY,0.7181400000,0.7181400000,0,0.0000,0.01000000,0,0,107,107,10009,YES,CROSS_SECTIONAL_WEEKLY_REBALANCE
SOLTRADE_PHASE6_V29_TRANSACTION_V1,2026.06.01 10:05:00,V29_2026_PRESEAL_DEVELOPMENT,NATIVE_NORMAL_EXECUTION,USDCAD,EXIT_TRANSACTION,NONE,BUY,1.3805300000,1.3805300000,0,0.0000,0.02000000,0,0,108,108,10009,YES,CROSS_SECTIONAL_WEEKLY_REBALANCE
SOLTRADE_PHASE6_V29_TRANSACTION_V1,2026.06.01 10:05:00,V29_2026_PRESEAL_DEVELOPMENT,NATIVE_NORMAL_EXECUTION,USDJPY,EXIT_TRANSACTION,NONE,BUY,159.4460000000,159.4460000000,0,0.0000,0.01000000,0,0,109,109,10009,YES,CROSS_SECTIONAL_WEEKLY_REBALANCE
SOLTRADE_PHASE6_V29_TRANSACTION_V1,2026.06.01 10:05:01,V29_2026_PRESEAL_DEVELOPMENT,NATIVE_NORMAL_EXECUTION,GBPUSD,ENTRY_ATTEMPT,2026.06.01 10:05:00,SELL,1.3468200000,0.0000000000,18,0.0000,0.00000000,0.00000000,1.3719400000,0,0,0,NO,0.008370714286
SOLTRADE_PHASE6_V29_TRANSACTION_V1,2026.06.01 10:05:01,V29_2026_PRESEAL_DEVELOPMENT,NATIVE_NORMAL_EXECUTION,NZDUSD,ENTRY_ATTEMPT,2026.06.01 10:05:00,BUY,0.5973200000,0.0000000000,16,0.0000,0.01000000,18.06000000,0.5792600000,110,110,10009,NO,0.006017857143
SOLTRADE_PHASE6_V29_TRANSACTION_V1,2026.06.01 10:05:01,V29_2026_PRESEAL_DEVELOPMENT,NATIVE_NORMAL_EXECUTION,USDCHF,ENTRY_ATTEMPT,2026.06.01 10:05:00,SELL,0.7821600000,0.0000000000,16,0.0000,0.01000000,23.68681481,0.8005900000,111,111,10009,NO,0.006142142857
SOLTRADE_PHASE6_V29_TRANSACTION_V1,2026.06.01 10:05:01,V29_2026_PRESEAL_DEVELOPMENT,NATIVE_NORMAL_EXECUTION,USDJPY,ENTRY_ATTEMPT,2026.06.01 10:05:00,BUY,159.4630000000,0.0000000000,16,0.0000,0.02000000,22.79141528,157.6460000000,112,112,10009,NO,0.605571428571
SOLTRADE_PHASE6_V29_TRANSACTION_V1,2026.06.01 10:05:01,V29_2026_PRESEAL_DEVELOPMENT,NATIVE_NORMAL_EXECUTION,NZDUSD,ENTRY_TRANSACTION,NONE,BUY,0.5973200000,0.5973200000,16,0.0000,0.01000000,18.06000000,0.5792600000,110,110,10009,YES,0.000000000000
SOLTRADE_PHASE6_V29_TRANSACTION_V1,2026.06.01 10:05:01,V29_2026_PRESEAL_DEVELOPMENT,NATIVE_NORMAL_EXECUTION,USDCHF,ENTRY_TRANSACTION,NONE,SELL,0.7821600000,0.7821600000,16,0.0000,0.01000000,23.68681481,0.8005900000,111,111,10009,YES,0.000000000000
SOLTRADE_PHASE6_V29_TRANSACTION_V1,2026.06.01 10:05:01,V29_2026_PRESEAL_DEVELOPMENT,NATIVE_NORMAL_EXECUTION,USDJPY,ENTRY_TRANSACTION,NONE,BUY,159.4630000000,159.4630000000,16,0.0000,0.02000000,22.79141528,157.6460000000,112,112,10009,YES,0.000000000000
SOLTRADE_PHASE6_V29_TRANSACTION_V1,2026.06.05 22:08:31,V29_2026_PRESEAL_DEVELOPMENT,NATIVE_NORMAL_EXECUTION,NZDUSD,EXIT_TRANSACTION,NONE,BUY,0.0000000000,0.5792600000,0,0.0000,0.01000000,0,0,113,113,0,YES,STOP_LOSS_EXIT
SOLTRADE_PHASE6_V29_TRANSACTION_V1,2026.06.08 10:05:00,V29_2026_PRESEAL_DEVELOPMENT,NATIVE_NORMAL_EXECUTION,USDCHF,EXIT_ATTEMPT,2026.06.08 10:05:00,SELL,0.7975700000,0.0000000000,0,0.0000,0.01000000,0,0,114,114,10009,NO,CROSS_SECTIONAL_WEEKLY_REBALANCE
SOLTRADE_PHASE6_V29_TRANSACTION_V1,2026.06.08 10:05:00,V29_2026_PRESEAL_DEVELOPMENT,NATIVE_NORMAL_EXECUTION,USDJPY,EXIT_ATTEMPT,2026.06.08 10:05:00,BUY,160.2290000000,0.0000000000,0,0.0000,0.02000000,0,0,115,115,10009,NO,CROSS_SECTIONAL_WEEKLY_REBALANCE
SOLTRADE_PHASE6_V29_TRANSACTION_V1,2026.06.08 10:05:00,V29_2026_PRESEAL_DEVELOPMENT,NATIVE_NORMAL_EXECUTION,USDCHF,EXIT_TRANSACTION,NONE,SELL,0.7975700000,0.7975700000,0,0.0000,0.01000000,0,0,114,114,10009,YES,CROSS_SECTIONAL_WEEKLY_REBALANCE
SOLTRADE_PHASE6_V29_TRANSACTION_V1,2026.06.08 10:05:00,V29_2026_PRESEAL_DEVELOPMENT,NATIVE_NORMAL_EXECUTION,USDJPY,EXIT_TRANSACTION,NONE,BUY,160.2290000000,160.2290000000,0,0.0000,0.02000000,0,0,115,115,10009,YES,CROSS_SECTIONAL_WEEKLY_REBALANCE
SOLTRADE_PHASE6_V29_TRANSACTION_V1,2026.06.08 10:05:01,V29_2026_PRESEAL_DEVELOPMENT,NATIVE_NORMAL_EXECUTION,GBPUSD,ENTRY_ATTEMPT,2026.06.08 10:05:00,BUY,1.3329600000,0.0000000000,18,0.0000,0.01000000,21.78000000,1.3111800000,116,116,10009,NO,0.007260000000
SOLTRADE_PHASE6_V29_TRANSACTION_V1,2026.06.08 10:05:01,V29_2026_PRESEAL_DEVELOPMENT,NATIVE_NORMAL_EXECUTION,AUDUSD,ENTRY_ATTEMPT,2026.06.08 10:05:00,SELL,0.7046600000,0.0000000000,15,0.0000,0.01000000,18.04000000,0.7227000000,117,117,10009,NO,0.006012857143
SOLTRADE_PHASE6_V29_TRANSACTION_V1,2026.06.08 10:05:01,V29_2026_PRESEAL_DEVELOPMENT,NATIVE_NORMAL_EXECUTION,USDCHF,ENTRY_ATTEMPT,2026.06.08 10:05:00,BUY,0.7975700000,0.0000000000,11,0.0000,0.01000000,22.48388634,0.7796400000,118,118,10009,NO,0.005975000000
SOLTRADE_PHASE6_V29_TRANSACTION_V1,2026.06.08 10:05:01,V29_2026_PRESEAL_DEVELOPMENT,NATIVE_NORMAL_EXECUTION,USDJPY,ENTRY_ATTEMPT,2026.06.08 10:05:00,SELL,160.2310000000,0.0000000000,16,0.0000,0.02000000,18.88547017,161.7440000000,119,119,10009,NO,0.504142857143
SOLTRADE_PHASE6_V29_TRANSACTION_V1,2026.06.08 10:05:01,V29_2026_PRESEAL_DEVELOPMENT,NATIVE_NORMAL_EXECUTION,GBPUSD,ENTRY_TRANSACTION,NONE,BUY,1.3329600000,1.3329600000,18,0.0000,0.01000000,21.78000000,1.3111800000,116,116,10009,YES,0.000000000000
SOLTRADE_PHASE6_V29_TRANSACTION_V1,2026.06.08 10:05:01,V29_2026_PRESEAL_DEVELOPMENT,NATIVE_NORMAL_EXECUTION,AUDUSD,ENTRY_TRANSACTION,NONE,SELL,0.7046600000,0.7046600000,15,0.0000,0.01000000,18.04000000,0.7227000000,117,117,10009,YES,0.000000000000
SOLTRADE_PHASE6_V29_TRANSACTION_V1,2026.06.08 10:05:01,V29_2026_PRESEAL_DEVELOPMENT,NATIVE_NORMAL_EXECUTION,USDCHF,ENTRY_TRANSACTION,NONE,BUY,0.7975700000,0.7975700000,11,0.0000,0.01000000,22.48388634,0.7796400000,118,118,10009,YES,0.000000000000
SOLTRADE_PHASE6_V29_TRANSACTION_V1,2026.06.08 10:05:01,V29_2026_PRESEAL_DEVELOPMENT,NATIVE_NORMAL_EXECUTION,USDJPY,ENTRY_TRANSACTION,NONE,SELL,160.2310000000,160.2310000000,16,0.0000,0.02000000,18.88547017,161.7440000000,119,119,10009,YES,0.000000000000
SOLTRADE_PHASE6_V29_TRANSACTION_V1,2026.06.15 10:05:00,V29_2026_PRESEAL_DEVELOPMENT,NATIVE_NORMAL_EXECUTION,GBPUSD,EXIT_ATTEMPT,2026.06.15 10:05:00,BUY,1.3438700000,0.0000000000,0,0.0000,0.01000000,0,0,120,120,10009,NO,CROSS_SECTIONAL_WEEKLY_REBALANCE
SOLTRADE_PHASE6_V29_TRANSACTION_V1,2026.06.15 10:05:00,V29_2026_PRESEAL_DEVELOPMENT,NATIVE_NORMAL_EXECUTION,AUDUSD,EXIT_ATTEMPT,2026.06.15 10:05:00,SELL,0.7074600000,0.0000000000,0,0.0000,0.01000000,0,0,121,121,10009,NO,CROSS_SECTIONAL_WEEKLY_REBALANCE
SOLTRADE_PHASE6_V29_TRANSACTION_V1,2026.06.15 10:05:00,V29_2026_PRESEAL_DEVELOPMENT,NATIVE_NORMAL_EXECUTION,USDCHF,EXIT_ATTEMPT,2026.06.15 10:05:00,BUY,0.7936700000,0.0000000000,0,0.0000,0.01000000,0,0,122,122,10009,NO,CROSS_SECTIONAL_WEEKLY_REBALANCE
SOLTRADE_PHASE6_V29_TRANSACTION_V1,2026.06.15 10:05:00,V29_2026_PRESEAL_DEVELOPMENT,NATIVE_NORMAL_EXECUTION,USDJPY,EXIT_ATTEMPT,2026.06.15 10:05:00,SELL,160.1150000000,0.0000000000,0,0.0000,0.02000000,0,0,123,123,10009,NO,CROSS_SECTIONAL_WEEKLY_REBALANCE
SOLTRADE_PHASE6_V29_TRANSACTION_V1,2026.06.15 10:05:00,V29_2026_PRESEAL_DEVELOPMENT,NATIVE_NORMAL_EXECUTION,GBPUSD,EXIT_TRANSACTION,NONE,BUY,1.3438700000,1.3438700000,0,0.0000,0.01000000,0,0,120,120,10009,YES,CROSS_SECTIONAL_WEEKLY_REBALANCE
SOLTRADE_PHASE6_V29_TRANSACTION_V1,2026.06.15 10:05:00,V29_2026_PRESEAL_DEVELOPMENT,NATIVE_NORMAL_EXECUTION,AUDUSD,EXIT_TRANSACTION,NONE,SELL,0.7074600000,0.7074600000,0,0.0000,0.01000000,0,0,121,121,10009,YES,CROSS_SECTIONAL_WEEKLY_REBALANCE
SOLTRADE_PHASE6_V29_TRANSACTION_V1,2026.06.15 10:05:00,V29_2026_PRESEAL_DEVELOPMENT,NATIVE_NORMAL_EXECUTION,USDCHF,EXIT_TRANSACTION,NONE,BUY,0.7936700000,0.7936700000,0,0.0000,0.01000000,0,0,122,122,10009,YES,CROSS_SECTIONAL_WEEKLY_REBALANCE
SOLTRADE_PHASE6_V29_TRANSACTION_V1,2026.06.15 10:05:00,V29_2026_PRESEAL_DEVELOPMENT,NATIVE_NORMAL_EXECUTION,USDJPY,EXIT_TRANSACTION,NONE,SELL,160.1150000000,160.1150000000,0,0.0000,0.02000000,0,0,123,123,10009,YES,CROSS_SECTIONAL_WEEKLY_REBALANCE
SOLTRADE_PHASE6_V29_TRANSACTION_V1,2026.06.15 10:05:01,V29_2026_PRESEAL_DEVELOPMENT,NATIVE_NORMAL_EXECUTION,EURUSD,ENTRY_ATTEMPT,2026.06.15 10:05:00,BUY,0.0000000000,0.0000000000,13,0.0000,0.00000000,0.00000000,0.0000000000,0,0,0,NO,0.005601428571
SOLTRADE_PHASE6_V29_TRANSACTION_V1,2026.06.15 10:05:01,V29_2026_PRESEAL_DEVELOPMENT,NATIVE_NORMAL_EXECUTION,GBPUSD,ENTRY_ATTEMPT,2026.06.15 10:05:00,BUY,0.0000000000,0.0000000000,17,0.0000,0.00000000,0.00000000,0.0000000000,0,0,0,NO,0.007525000000
SOLTRADE_PHASE6_V29_TRANSACTION_V1,2026.06.15 10:05:01,V29_2026_PRESEAL_DEVELOPMENT,NATIVE_NORMAL_EXECUTION,AUDUSD,ENTRY_ATTEMPT,2026.06.15 10:05:00,SELL,0.0000000000,0.0000000000,14,0.0000,0.00000000,0.00000000,0.0000000000,0,0,0,NO,0.005634285714
SOLTRADE_PHASE6_V29_TRANSACTION_V1,2026.06.15 10:05:01,V29_2026_PRESEAL_DEVELOPMENT,NATIVE_NORMAL_EXECUTION,USDCHF,ENTRY_ATTEMPT,2026.06.15 10:05:00,BUY,0.0000000000,0.0000000000,16,0.0000,0.00000000,0.00000000,0.0000000000,0,0,0,NO,0.006198571429
SOLTRADE_PHASE6_V29_TRANSACTION_V1,2026.06.22 10:05:00,V29_2026_PRESEAL_DEVELOPMENT,NATIVE_NORMAL_EXECUTION,EURUSD,ENTRY_ATTEMPT,2026.06.22 10:05:00,BUY,1.1460800000,0.0000000000,12,0.0000,0.01000000,19.37000000,1.1267100000,124,124,10009,NO,0.006455714286
SOLTRADE_PHASE6_V29_TRANSACTION_V1,2026.06.22 10:05:00,V29_2026_PRESEAL_DEVELOPMENT,NATIVE_NORMAL_EXECUTION,NZDUSD,ENTRY_ATTEMPT,2026.06.22 10:05:00,SELL,0.5729100000,0.0000000000,16,0.0000,0.01000000,17.00000000,0.5899100000,125,125,10009,NO,0.005665000000
SOLTRADE_PHASE6_V29_TRANSACTION_V1,2026.06.22 10:05:00,V29_2026_PRESEAL_DEVELOPMENT,NATIVE_NORMAL_EXECUTION,USDCHF,ENTRY_ATTEMPT,2026.06.22 10:05:00,BUY,0.8081300000,0.0000000000,16,0.0000,0.01000000,23.42283317,0.7895400000,126,126,10009,NO,0.006194285714
SOLTRADE_PHASE6_V29_TRANSACTION_V1,2026.06.22 10:05:00,V29_2026_PRESEAL_DEVELOPMENT,NATIVE_NORMAL_EXECUTION,USDJPY,ENTRY_ATTEMPT,2026.06.22 10:05:00,SELL,161.6530000000,0.0000000000,16,0.0000,0.02000000,23.16023535,163.5070000000,127,127,10009,NO,0.617785714286
SOLTRADE_PHASE6_V29_TRANSACTION_V1,2026.06.22 10:05:00,V29_2026_PRESEAL_DEVELOPMENT,NATIVE_NORMAL_EXECUTION,NZDUSD,ENTRY_TRANSACTION,NONE,SELL,0.5729100000,0.5729100000,16,0.0000,0.01000000,17.00000000,0.5899100000,125,125,10009,YES,0.000000000000
SOLTRADE_PHASE6_V29_TRANSACTION_V1,2026.06.22 10:05:00,V29_2026_PRESEAL_DEVELOPMENT,NATIVE_NORMAL_EXECUTION,USDCHF,ENTRY_TRANSACTION,NONE,BUY,0.8081300000,0.8081300000,16,0.0000,0.01000000,23.42283317,0.7895400000,126,126,10009,YES,0.000000000000
SOLTRADE_PHASE6_V29_TRANSACTION_V1,2026.06.22 10:05:00,V29_2026_PRESEAL_DEVELOPMENT,NATIVE_NORMAL_EXECUTION,USDJPY,ENTRY_TRANSACTION,NONE,SELL,161.6530000000,161.6530000000,16,0.0000,0.02000000,23.16023535,163.5070000000,127,127,10009,YES,0.000000000000
SOLTRADE_PHASE6_V29_TRANSACTION_V1,2026.06.29 10:05:00,V29_2026_PRESEAL_DEVELOPMENT,NATIVE_NORMAL_EXECUTION,EURUSD,EXIT_ATTEMPT,2026.06.29 10:05:00,BUY,1.1407400000,0.0000000000,0,0.0000,0.01000000,0,0,128,128,10009,NO,CROSS_SECTIONAL_WEEKLY_REBALANCE
SOLTRADE_PHASE6_V29_TRANSACTION_V1,2026.06.29 10:05:00,V29_2026_PRESEAL_DEVELOPMENT,NATIVE_NORMAL_EXECUTION,NZDUSD,EXIT_ATTEMPT,2026.06.29 10:05:00,SELL,0.5656100000,0.0000000000,0,0.0000,0.01000000,0,0,129,129,10009,NO,CROSS_SECTIONAL_WEEKLY_REBALANCE
SOLTRADE_PHASE6_V29_TRANSACTION_V1,2026.06.29 10:05:00,V29_2026_PRESEAL_DEVELOPMENT,NATIVE_NORMAL_EXECUTION,USDCHF,EXIT_ATTEMPT,2026.06.29 10:05:00,BUY,0.8086400000,0.0000000000,0,0.0000,0.01000000,0,0,130,130,10009,NO,CROSS_SECTIONAL_WEEKLY_REBALANCE
SOLTRADE_PHASE6_V29_TRANSACTION_V1,2026.06.29 10:05:00,V29_2026_PRESEAL_DEVELOPMENT,NATIVE_NORMAL_EXECUTION,USDJPY,EXIT_ATTEMPT,2026.06.29 10:05:00,SELL,161.8240000000,0.0000000000,0,0.0000,0.02000000,0,0,131,131,10009,NO,CROSS_SECTIONAL_WEEKLY_REBALANCE
SOLTRADE_PHASE6_V29_TRANSACTION_V1,2026.06.29 10:05:00,V29_2026_PRESEAL_DEVELOPMENT,NATIVE_NORMAL_EXECUTION,EURUSD,EXIT_TRANSACTION,NONE,BUY,1.1407400000,1.1407400000,0,0.0000,0.01000000,0,0,128,128,10009,YES,CROSS_SECTIONAL_WEEKLY_REBALANCE
SOLTRADE_PHASE6_V29_TRANSACTION_V1,2026.06.29 10:05:00,V29_2026_PRESEAL_DEVELOPMENT,NATIVE_NORMAL_EXECUTION,NZDUSD,EXIT_TRANSACTION,NONE,SELL,0.5656100000,0.5656100000,0,0.0000,0.01000000,0,0,129,129,10009,YES,CROSS_SECTIONAL_WEEKLY_REBALANCE
SOLTRADE_PHASE6_V29_TRANSACTION_V1,2026.06.29 10:05:00,V29_2026_PRESEAL_DEVELOPMENT,NATIVE_NORMAL_EXECUTION,USDCHF,EXIT_TRANSACTION,NONE,BUY,0.8086400000,0.8086400000,0,0.0000,0.01000000,0,0,130,130,10009,YES,CROSS_SECTIONAL_WEEKLY_REBALANCE
SOLTRADE_PHASE6_V29_TRANSACTION_V1,2026.06.29 10:05:00,V29_2026_PRESEAL_DEVELOPMENT,NATIVE_NORMAL_EXECUTION,USDJPY,EXIT_TRANSACTION,NONE,SELL,161.8240000000,161.8240000000,0,0.0000,0.02000000,0,0,131,131,10009,YES,CROSS_SECTIONAL_WEEKLY_REBALANCE
SOLTRADE_PHASE6_V29_TRANSACTION_V1,2026.06.29 10:05:01,V29_2026_PRESEAL_DEVELOPMENT,NATIVE_NORMAL_EXECUTION,EURUSD,ENTRY_ATTEMPT,2026.06.29 10:05:00,BUY,1.1408400000,0.0000000000,12,0.0000,0.01000000,19.33000000,1.1215100000,132,132,10009,NO,0.006442857143
SOLTRADE_PHASE6_V29_TRANSACTION_V1,2026.06.29 10:05:01,V29_2026_PRESEAL_DEVELOPMENT,NATIVE_NORMAL_EXECUTION,GBPUSD,ENTRY_ATTEMPT,2026.06.29 10:05:00,BUY,1.3223000000,0.0000000000,19,0.0000,0.00000000,0.00000000,1.2964600000,0,0,0,NO,0.008610714286
SOLTRADE_PHASE6_V29_TRANSACTION_V1,2026.06.29 10:05:01,V29_2026_PRESEAL_DEVELOPMENT,NATIVE_NORMAL_EXECUTION,AUDUSD,ENTRY_ATTEMPT,2026.06.29 10:05:00,SELL,0.6902200000,0.0000000000,15,0.0000,0.01000000,15.40000000,0.7056200000,133,133,10009,NO,0.005132857143
SOLTRADE_PHASE6_V29_TRANSACTION_V1,2026.06.29 10:05:01,V29_2026_PRESEAL_DEVELOPMENT,NATIVE_NORMAL_EXECUTION,NZDUSD,ENTRY_ATTEMPT,2026.06.29 10:05:00,SELL,0.5654500000,0.0000000000,17,0.0000,0.01000000,14.84000000,0.5802900000,134,134,10009,NO,0.004945714286
SOLTRADE_PHASE6_V29_TRANSACTION_V1,2026.06.29 10:05:01,V29_2026_PRESEAL_DEVELOPMENT,NATIVE_NORMAL_EXECUTION,AUDUSD,ENTRY_TRANSACTION,NONE,SELL,0.6902200000,0.6902200000,15,0.0000,0.01000000,15.40000000,0.7056200000,133,133,10009,YES,0.000000000000
SOLTRADE_PHASE6_V29_TRANSACTION_V1,2026.06.29 10:05:01,V29_2026_PRESEAL_DEVELOPMENT,NATIVE_NORMAL_EXECUTION,NZDUSD,ENTRY_TRANSACTION,NONE,SELL,0.5654500000,0.5654500000,17,0.0000,0.01000000,14.84000000,0.5802900000,134,134,10009,YES,0.000000000000
SOLTRADE_PHASE6_V29_TRANSACTION_V1,2026.07.06 10:05:00,V29_2026_PRESEAL_DEVELOPMENT,NATIVE_NORMAL_EXECUTION,EURUSD,EXIT_ATTEMPT,2026.07.06 10:05:00,BUY,1.1419500000,0.0000000000,0,0.0000,0.01000000,0,0,135,135,10009,NO,CROSS_SECTIONAL_WEEKLY_REBALANCE
SOLTRADE_PHASE6_V29_TRANSACTION_V1,2026.07.06 10:05:00,V29_2026_PRESEAL_DEVELOPMENT,NATIVE_NORMAL_EXECUTION,AUDUSD,EXIT_ATTEMPT,2026.07.06 10:05:00,SELL,0.6930300000,0.0000000000,0,0.0000,0.01000000,0,0,136,136,10009,NO,CROSS_SECTIONAL_WEEKLY_REBALANCE
SOLTRADE_PHASE6_V29_TRANSACTION_V1,2026.07.06 10:05:00,V29_2026_PRESEAL_DEVELOPMENT,NATIVE_NORMAL_EXECUTION,NZDUSD,EXIT_ATTEMPT,2026.07.06 10:05:00,SELL,0.5687400000,0.0000000000,0,0.0000,0.01000000,0,0,137,137,10009,NO,CROSS_SECTIONAL_WEEKLY_REBALANCE
SOLTRADE_PHASE6_V29_TRANSACTION_V1,2026.07.06 10:05:00,V29_2026_PRESEAL_DEVELOPMENT,NATIVE_NORMAL_EXECUTION,EURUSD,EXIT_TRANSACTION,NONE,BUY,1.1419500000,1.1419500000,0,0.0000,0.01000000,0,0,135,135,10009,YES,CROSS_SECTIONAL_WEEKLY_REBALANCE
SOLTRADE_PHASE6_V29_TRANSACTION_V1,2026.07.06 10:05:00,V29_2026_PRESEAL_DEVELOPMENT,NATIVE_NORMAL_EXECUTION,AUDUSD,EXIT_TRANSACTION,NONE,SELL,0.6930300000,0.6930300000,0,0.0000,0.01000000,0,0,136,136,10009,YES,CROSS_SECTIONAL_WEEKLY_REBALANCE
SOLTRADE_PHASE6_V29_TRANSACTION_V1,2026.07.06 10:05:00,V29_2026_PRESEAL_DEVELOPMENT,NATIVE_NORMAL_EXECUTION,NZDUSD,EXIT_TRANSACTION,NONE,SELL,0.5687400000,0.5687400000,0,0.0000,0.01000000,0,0,137,137,10009,YES,CROSS_SECTIONAL_WEEKLY_REBALANCE
SOLTRADE_PHASE6_V29_TRANSACTION_V1,2026.07.06 10:05:03,V29_2026_PRESEAL_DEVELOPMENT,NATIVE_NORMAL_EXECUTION,GBPUSD,ENTRY_ATTEMPT,2026.07.06 10:05:00,BUY,1.3334300000,0.0000000000,18,0.0000,0.00000000,0.00000000,1.3078500000,0,0,0,NO,0.008524285714
SOLTRADE_PHASE6_V29_TRANSACTION_V1,2026.07.06 10:05:03,V29_2026_PRESEAL_DEVELOPMENT,NATIVE_NORMAL_EXECUTION,AUDUSD,ENTRY_ATTEMPT,2026.07.06 10:05:00,SELL,0.6928400000,0.0000000000,15,0.0000,0.01000000,14.43000000,0.7072700000,138,138,10009,NO,0.004810000000
SOLTRADE_PHASE6_V29_TRANSACTION_V1,2026.07.06 10:05:03,V29_2026_PRESEAL_DEVELOPMENT,NATIVE_NORMAL_EXECUTION,NZDUSD,ENTRY_ATTEMPT,2026.07.06 10:05:00,SELL,0.5685700000,0.0000000000,16,0.0000,0.01000000,13.42000000,0.5819900000,139,139,10009,NO,0.004472857143
SOLTRADE_PHASE6_V29_TRANSACTION_V1,2026.07.06 10:05:03,V29_2026_PRESEAL_DEVELOPMENT,NATIVE_NORMAL_EXECUTION,USDJPY,ENTRY_ATTEMPT,2026.07.06 10:05:00,SELL,162.2360000000,0.0000000000,17,0.0000,0.01000000,13.33044929,164.3930000000,140,140,10009,NO,0.718928571429
SOLTRADE_PHASE6_V29_TRANSACTION_V1,2026.07.06 10:05:03,V29_2026_PRESEAL_DEVELOPMENT,NATIVE_NORMAL_EXECUTION,AUDUSD,ENTRY_TRANSACTION,NONE,SELL,0.6928400000,0.6928400000,15,0.0000,0.01000000,14.43000000,0.7072700000,138,138,10009,YES,0.000000000000
SOLTRADE_PHASE6_V29_TRANSACTION_V1,2026.07.06 10:05:03,V29_2026_PRESEAL_DEVELOPMENT,NATIVE_NORMAL_EXECUTION,NZDUSD,ENTRY_TRANSACTION,NONE,SELL,0.5685700000,0.5685700000,16,0.0000,0.01000000,13.42000000,0.5819900000,139,139,10009,YES,0.000000000000
SOLTRADE_PHASE6_V29_TRANSACTION_V1,2026.07.06 10:05:03,V29_2026_PRESEAL_DEVELOPMENT,NATIVE_NORMAL_EXECUTION,USDJPY,ENTRY_TRANSACTION,NONE,SELL,162.2360000000,162.2360000000,17,0.0000,0.01000000,13.33044929,164.3930000000,140,140,10009,YES,0.000000000000
SOLTRADE_PHASE6_V29_TRANSACTION_V1,2026.07.13 10:05:00,V29_2026_PRESEAL_DEVELOPMENT,NATIVE_NORMAL_EXECUTION,AUDUSD,EXIT_ATTEMPT,2026.07.13 10:05:00,SELL,0.6932600000,0.0000000000,0,0.0000,0.01000000,0,0,141,141,10009,NO,CROSS_SECTIONAL_WEEKLY_REBALANCE
SOLTRADE_PHASE6_V29_TRANSACTION_V1,2026.07.13 10:05:00,V29_2026_PRESEAL_DEVELOPMENT,NATIVE_NORMAL_EXECUTION,NZDUSD,EXIT_ATTEMPT,2026.07.13 10:05:00,SELL,0.5765700000,0.0000000000,0,0.0000,0.01000000,0,0,142,142,10009,NO,CROSS_SECTIONAL_WEEKLY_REBALANCE
SOLTRADE_PHASE6_V29_TRANSACTION_V1,2026.07.13 10:05:00,V29_2026_PRESEAL_DEVELOPMENT,NATIVE_NORMAL_EXECUTION,USDJPY,EXIT_ATTEMPT,2026.07.13 10:05:00,SELL,162.2450000000,0.0000000000,0,0.0000,0.01000000,0,0,143,143,10009,NO,CROSS_SECTIONAL_WEEKLY_REBALANCE
SOLTRADE_PHASE6_V29_TRANSACTION_V1,2026.07.13 10:05:00,V29_2026_PRESEAL_DEVELOPMENT,NATIVE_NORMAL_EXECUTION,AUDUSD,EXIT_TRANSACTION,NONE,SELL,0.6932600000,0.6932600000,0,0.0000,0.01000000,0,0,141,141,10009,YES,CROSS_SECTIONAL_WEEKLY_REBALANCE
SOLTRADE_PHASE6_V29_TRANSACTION_V1,2026.07.13 10:05:00,V29_2026_PRESEAL_DEVELOPMENT,NATIVE_NORMAL_EXECUTION,NZDUSD,EXIT_TRANSACTION,NONE,SELL,0.5765700000,0.5765700000,0,0.0000,0.01000000,0,0,142,142,10009,YES,CROSS_SECTIONAL_WEEKLY_REBALANCE
SOLTRADE_PHASE6_V29_TRANSACTION_V1,2026.07.13 10:05:00,V29_2026_PRESEAL_DEVELOPMENT,NATIVE_NORMAL_EXECUTION,USDJPY,EXIT_TRANSACTION,NONE,SELL,162.2450000000,162.2450000000,0,0.0000,0.01000000,0,0,143,143,10009,YES,CROSS_SECTIONAL_WEEKLY_REBALANCE
SOLTRADE_PHASE6_V29_TRANSACTION_V1,2026.07.13 10:05:01,V29_2026_PRESEAL_DEVELOPMENT,NATIVE_NORMAL_EXECUTION,EURUSD,ENTRY_ATTEMPT,2026.07.13 10:05:00,SELL,0.0000000000,0.0000000000,13,0.0000,0.00000000,0.00000000,0.0000000000,0,0,0,NO,0.005531428571
SOLTRADE_PHASE6_V29_TRANSACTION_V1,2026.07.13 10:05:01,V29_2026_PRESEAL_DEVELOPMENT,NATIVE_NORMAL_EXECUTION,GBPUSD,ENTRY_ATTEMPT,2026.07.13 10:05:00,BUY,0.0000000000,0.0000000000,18,0.0000,0.00000000,0.00000000,0.0000000000,0,0,0,NO,0.007085000000
SOLTRADE_PHASE6_V29_TRANSACTION_V1,2026.07.13 10:05:01,V29_2026_PRESEAL_DEVELOPMENT,NATIVE_NORMAL_EXECUTION,AUDUSD,ENTRY_ATTEMPT,2026.07.13 10:05:00,SELL,0.0000000000,0.0000000000,15,0.0000,0.00000000,0.00000000,0.0000000000,0,0,0,NO,0.004547857143
SOLTRADE_PHASE6_V29_TRANSACTION_V1,2026.07.13 10:05:01,V29_2026_PRESEAL_DEVELOPMENT,NATIVE_NORMAL_EXECUTION,NZDUSD,ENTRY_ATTEMPT,2026.07.13 10:05:00,BUY,0.0000000000,0.0000000000,14,0.0000,0.00000000,0.00000000,0.0000000000,0,0,0,NO,0.004450000000
SOLTRADE_PHASE6_V29_TRANSACTION_V1,2026.07.20 10:05:00,V29_2026_PRESEAL_DEVELOPMENT,NATIVE_NORMAL_EXECUTION,GBPUSD,ENTRY_ATTEMPT,2026.07.20 10:05:00,BUY,1.3467200000,0.0000000000,17,0.0000,0.00000000,0.00000000,1.3215700000,0,0,0,NO,0.008382857143
SOLTRADE_PHASE6_V29_TRANSACTION_V1,2026.07.20 10:05:00,V29_2026_PRESEAL_DEVELOPMENT,NATIVE_NORMAL_EXECUTION,NZDUSD,ENTRY_ATTEMPT,2026.07.20 10:05:00,BUY,0.5852800000,0.0000000000,16,0.0000,0.01000000,14.86000000,0.5704200000,144,144,10009,NO,0.004951428571
SOLTRADE_PHASE6_V29_TRANSACTION_V1,2026.07.20 10:05:00,V29_2026_PRESEAL_DEVELOPMENT,NATIVE_NORMAL_EXECUTION,USDCHF,ENTRY_ATTEMPT,2026.07.20 10:05:00,BUY,0.8073700000,0.0000000000,16,0.0000,0.01000000,22.29669569,0.7893400000,145,145,10009,NO,0.006009285714
SOLTRADE_PHASE6_V29_TRANSACTION_V1,2026.07.20 10:05:00,V29_2026_PRESEAL_DEVELOPMENT,NATIVE_NORMAL_EXECUTION,USDJPY,ENTRY_ATTEMPT,2026.07.20 10:05:00,BUY,162.4050000000,0.0000000000,16,0.0000,0.01000000,15.41031505,159.9050000000,146,146,10009,NO,0.833071428571
SOLTRADE_PHASE6_V29_TRANSACTION_V1,2026.07.20 10:05:00,V29_2026_PRESEAL_DEVELOPMENT,NATIVE_NORMAL_EXECUTION,NZDUSD,ENTRY_TRANSACTION,NONE,BUY,0.5852800000,0.5852800000,16,0.0000,0.01000000,14.86000000,0.5704200000,144,144,10009,YES,0.000000000000
SOLTRADE_PHASE6_V29_TRANSACTION_V1,2026.07.20 10:05:00,V29_2026_PRESEAL_DEVELOPMENT,NATIVE_NORMAL_EXECUTION,USDCHF,ENTRY_TRANSACTION,NONE,BUY,0.8073700000,0.8073700000,16,0.0000,0.01000000,22.29669569,0.7893400000,145,145,10009,YES,0.000000000000
SOLTRADE_PHASE6_V29_TRANSACTION_V1,2026.07.20 10:05:00,V29_2026_PRESEAL_DEVELOPMENT,NATIVE_NORMAL_EXECUTION,USDJPY,ENTRY_TRANSACTION,NONE,BUY,162.4050000000,162.4050000000,16,0.0000,0.01000000,15.41031505,159.9050000000,146,146,10009,YES,0.000000000000
SOLTRADE_PHASE6_V29_TRANSACTION_V1,2026.07.27 10:05:00,V29_2026_PRESEAL_DEVELOPMENT,NATIVE_NORMAL_EXECUTION,NZDUSD,EXIT_ATTEMPT,2026.07.27 10:05:00,BUY,0.5800500000,0.0000000000,0,0.0000,0.01000000,0,0,147,147,10009,NO,CROSS_SECTIONAL_WEEKLY_REBALANCE
SOLTRADE_PHASE6_V29_TRANSACTION_V1,2026.07.27 10:05:00,V29_2026_PRESEAL_DEVELOPMENT,NATIVE_NORMAL_EXECUTION,USDCHF,EXIT_ATTEMPT,2026.07.27 10:05:00,BUY,0.8145400000,0.0000000000,0,0.0000,0.01000000,0,0,148,148,10009,NO,CROSS_SECTIONAL_WEEKLY_REBALANCE
SOLTRADE_PHASE6_V29_TRANSACTION_V1,2026.07.27 10:05:00,V29_2026_PRESEAL_DEVELOPMENT,NATIVE_NORMAL_EXECUTION,USDJPY,EXIT_ATTEMPT,2026.07.27 10:05:00,BUY,163.5100000000,0.0000000000,0,0.0000,0.01000000,0,0,149,149,10009,NO,CROSS_SECTIONAL_WEEKLY_REBALANCE
SOLTRADE_PHASE6_V29_TRANSACTION_V1,2026.07.27 10:05:00,V29_2026_PRESEAL_DEVELOPMENT,NATIVE_NORMAL_EXECUTION,NZDUSD,EXIT_TRANSACTION,NONE,BUY,0.5800500000,0.5800500000,0,0.0000,0.01000000,0,0,147,147,10009,YES,CROSS_SECTIONAL_WEEKLY_REBALANCE
SOLTRADE_PHASE6_V29_TRANSACTION_V1,2026.07.27 10:05:00,V29_2026_PRESEAL_DEVELOPMENT,NATIVE_NORMAL_EXECUTION,USDCHF,EXIT_TRANSACTION,NONE,BUY,0.8145400000,0.8145400000,0,0.0000,0.01000000,0,0,148,148,10009,YES,CROSS_SECTIONAL_WEEKLY_REBALANCE
SOLTRADE_PHASE6_V29_TRANSACTION_V1,2026.07.27 10:05:00,V29_2026_PRESEAL_DEVELOPMENT,NATIVE_NORMAL_EXECUTION,USDJPY,EXIT_TRANSACTION,NONE,BUY,163.5100000000,163.5100000000,0,0.0000,0.01000000,0,0,149,149,10009,YES,CROSS_SECTIONAL_WEEKLY_REBALANCE
