schema,time,segment_id,dataset,cost_profile,execution_layer,event_type,reason_code,details
SOLTRADE_PHASE6_V25_EVENT_V1,2025.01.02 00:00:00,2025_S1,DEVELOPMENT,STRESS,FIXED_DELAY_200_MS,PREFLIGHT_PASSED,NONE,tester_only=YES;optimization=NO
SOLTRADE_PHASE6_V25_EVENT_V1,2025.01.16 18:05:00,2025_S1,DEVELOPMENT,STRESS,FIXED_DELAY_200_MS,ENTRY_SKIP,INSUFFICIENT_CLEAN_HISTORY,target=2025.01.16 18:05:00
SOLTRADE_PHASE6_V25_EVENT_V1,2025.01.17 18:05:00,2025_S1,DEVELOPMENT,STRESS,FIXED_DELAY_200_MS,ENTRY_SKIP,INSUFFICIENT_CLEAN_HISTORY,target=2025.01.17 18:05:00
SOLTRADE_PHASE6_V25_EVENT_V1,2025.01.20 18:05:00,2025_S1,DEVELOPMENT,STRESS,FIXED_DELAY_200_MS,ORDER_REQUEST_ACCEPTED_AWAITING_TRANSACTION,BROKER_REPORTED_FILL_AWAITING_CONFIRMATION,Broker returned DONE; fill remains unconfirmed until a matching trade transaction
SOLTRADE_PHASE6_V25_EVENT_V1,2025.01.20 19:25:05,2025_S1,DEVELOPMENT,STRESS,FIXED_DELAY_200_MS,POSITION_EXIT_TRANSACTION_CONFIRMED,MATCHING_EXIT_DEAL_CONFIRMED,STOP_LOSS_EXIT
SOLTRADE_PHASE6_V25_EVENT_V1,2025.01.21 18:05:00,2025_S1,DEVELOPMENT,STRESS,FIXED_DELAY_200_MS,ORDER_REQUEST_ACCEPTED_AWAITING_TRANSACTION,BROKER_REPORTED_FILL_AWAITING_CONFIRMATION,Broker returned DONE; fill remains unconfirmed until a matching trade transaction
SOLTRADE_PHASE6_V25_EVENT_V1,2025.01.21 22:05:00,2025_S1,DEVELOPMENT,STRESS,FIXED_DELAY_200_MS,POSITION_CLOSE_ACCEPTED_AWAITING_TRANSACTION,POSITION_CLOSE_BROKER_ACCEPTED,Close request accepted; matching exit deal is not yet confirmed
SOLTRADE_PHASE6_V25_EVENT_V1,2025.01.21 22:05:00,2025_S1,DEVELOPMENT,STRESS,FIXED_DELAY_200_MS,POSITION_EXIT_TRANSACTION_CONFIRMED,MATCHING_EXIT_DEAL_CONFIRMED,FIXING_REVERSAL_TIME_EXIT
SOLTRADE_PHASE6_V25_EVENT_V1,2025.01.22 18:05:00,2025_S1,DEVELOPMENT,STRESS,FIXED_DELAY_200_MS,ORDER_REQUEST_ACCEPTED_AWAITING_TRANSACTION,BROKER_REPORTED_FILL_AWAITING_CONFIRMATION,Broker returned DONE; fill remains unconfirmed until a matching trade transaction
SOLTRADE_PHASE6_V25_EVENT_V1,2025.01.22 22:05:00,2025_S1,DEVELOPMENT,STRESS,FIXED_DELAY_200_MS,POSITION_CLOSE_ACCEPTED_AWAITING_TRANSACTION,POSITION_CLOSE_BROKER_ACCEPTED,Close request accepted; matching exit deal is not yet confirmed
SOLTRADE_PHASE6_V25_EVENT_V1,2025.01.22 22:05:00,2025_S1,DEVELOPMENT,STRESS,FIXED_DELAY_200_MS,POSITION_EXIT_TRANSACTION_CONFIRMED,MATCHING_EXIT_DEAL_CONFIRMED,FIXING_REVERSAL_TIME_EXIT
SOLTRADE_PHASE6_V25_EVENT_V1,2025.01.23 18:05:00,2025_S1,DEVELOPMENT,STRESS,FIXED_DELAY_200_MS,ORDER_REQUEST_ACCEPTED_AWAITING_TRANSACTION,BROKER_REPORTED_FILL_AWAITING_CONFIRMATION,Broker returned DONE; fill remains unconfirmed until a matching trade transaction
SOLTRADE_PHASE6_V25_EVENT_V1,2025.01.23 18:12:12,2025_S1,DEVELOPMENT,STRESS,FIXED_DELAY_200_MS,POSITION_EXIT_TRANSACTION_CONFIRMED,MATCHING_EXIT_DEAL_CONFIRMED,STOP_LOSS_EXIT
SOLTRADE_PHASE6_V25_EVENT_V1,2025.01.24 18:05:00,2025_S1,DEVELOPMENT,STRESS,FIXED_DELAY_200_MS,ORDER_REQUEST_ACCEPTED_AWAITING_TRANSACTION,BROKER_REPORTED_FILL_AWAITING_CONFIRMATION,Broker returned DONE; fill remains unconfirmed until a matching trade transaction
SOLTRADE_PHASE6_V25_EVENT_V1,2025.01.24 22:05:00,2025_S1,DEVELOPMENT,STRESS,FIXED_DELAY_200_MS,POSITION_CLOSE_ACCEPTED_AWAITING_TRANSACTION,POSITION_CLOSE_BROKER_ACCEPTED,Close request accepted; matching exit deal is not yet confirmed
SOLTRADE_PHASE6_V25_EVENT_V1,2025.01.24 22:05:00,2025_S1,DEVELOPMENT,STRESS,FIXED_DELAY_200_MS,POSITION_EXIT_TRANSACTION_CONFIRMED,MATCHING_EXIT_DEAL_CONFIRMED,FIXING_REVERSAL_TIME_EXIT
SOLTRADE_PHASE6_V25_EVENT_V1,2025.01.27 18:05:00,2025_S1,DEVELOPMENT,STRESS,FIXED_DELAY_200_MS,ORDER_REQUEST_ACCEPTED_AWAITING_TRANSACTION,BROKER_REPORTED_FILL_AWAITING_CONFIRMATION,Broker returned DONE; fill remains unconfirmed until a matching trade transaction
SOLTRADE_PHASE6_V25_EVENT_V1,2025.01.27 22:05:00,2025_S1,DEVELOPMENT,STRESS,FIXED_DELAY_200_MS,POSITION_CLOSE_ACCEPTED_AWAITING_TRANSACTION,POSITION_CLOSE_BROKER_ACCEPTED,Close request accepted; matching exit deal is not yet confirmed
SOLTRADE_PHASE6_V25_EVENT_V1,2025.01.27 22:05:00,2025_S1,DEVELOPMENT,STRESS,FIXED_DELAY_200_MS,POSITION_EXIT_TRANSACTION_CONFIRMED,MATCHING_EXIT_DEAL_CONFIRMED,FIXING_REVERSAL_TIME_EXIT
SOLTRADE_PHASE6_V25_EVENT_V1,2025.01.28 18:05:00,2025_S1,DEVELOPMENT,STRESS,FIXED_DELAY_200_MS,ORDER_REQUEST_ACCEPTED_AWAITING_TRANSACTION,BROKER_REPORTED_FILL_AWAITING_CONFIRMATION,Broker returned DONE; fill remains unconfirmed until a matching trade transaction
SOLTRADE_PHASE6_V25_EVENT_V1,2025.01.28 22:05:00,2025_S1,DEVELOPMENT,STRESS,FIXED_DELAY_200_MS,POSITION_CLOSE_ACCEPTED_AWAITING_TRANSACTION,POSITION_CLOSE_BROKER_ACCEPTED,Close request accepted; matching exit deal is not yet confirmed
SOLTRADE_PHASE6_V25_EVENT_V1,2025.01.28 22:05:00,2025_S1,DEVELOPMENT,STRESS,FIXED_DELAY_200_MS,POSITION_EXIT_TRANSACTION_CONFIRMED,MATCHING_EXIT_DEAL_CONFIRMED,FIXING_REVERSAL_TIME_EXIT
SOLTRADE_PHASE6_V25_EVENT_V1,2025.01.29 18:05:00,2025_S1,DEVELOPMENT,STRESS,FIXED_DELAY_200_MS,ORDER_REQUEST_ACCEPTED_AWAITING_TRANSACTION,BROKER_REPORTED_FILL_AWAITING_CONFIRMATION,Broker returned DONE; fill remains unconfirmed until a matching trade transaction
SOLTRADE_PHASE6_V25_EVENT_V1,2025.01.29 21:05:53,2025_S1,DEVELOPMENT,STRESS,FIXED_DELAY_200_MS,POSITION_EXIT_TRANSACTION_CONFIRMED,MATCHING_EXIT_DEAL_CONFIRMED,STOP_LOSS_EXIT
SOLTRADE_PHASE6_V25_EVENT_V1,2025.01.30 18:05:00,2025_S1,DEVELOPMENT,STRESS,FIXED_DELAY_200_MS,ORDER_REQUEST_ACCEPTED_AWAITING_TRANSACTION,BROKER_REPORTED_FILL_AWAITING_CONFIRMATION,Broker returned DONE; fill remains unconfirmed until a matching trade transaction
SOLTRADE_PHASE6_V25_EVENT_V1,2025.01.30 22:05:02,2025_S1,DEVELOPMENT,STRESS,FIXED_DELAY_200_MS,POSITION_CLOSE_ACCEPTED_AWAITING_TRANSACTION,POSITION_CLOSE_BROKER_ACCEPTED,Close request accepted; matching exit deal is not yet confirmed
SOLTRADE_PHASE6_V25_EVENT_V1,2025.01.30 22:05:02,2025_S1,DEVELOPMENT,STRESS,FIXED_DELAY_200_MS,POSITION_EXIT_TRANSACTION_CONFIRMED,MATCHING_EXIT_DEAL_CONFIRMED,FIXING_REVERSAL_TIME_EXIT
SOLTRADE_PHASE6_V25_EVENT_V1,2025.01.31 18:05:00,2025_S1,DEVELOPMENT,STRESS,FIXED_DELAY_200_MS,ORDER_REQUEST_ACCEPTED_AWAITING_TRANSACTION,BROKER_REPORTED_FILL_AWAITING_CONFIRMATION,Broker returned DONE; fill remains unconfirmed until a matching trade transaction
SOLTRADE_PHASE6_V25_EVENT_V1,2025.01.31 22:05:00,2025_S1,DEVELOPMENT,STRESS,FIXED_DELAY_200_MS,POSITION_CLOSE_ACCEPTED_AWAITING_TRANSACTION,POSITION_CLOSE_BROKER_ACCEPTED,Close request accepted; matching exit deal is not yet confirmed
SOLTRADE_PHASE6_V25_EVENT_V1,2025.01.31 22:05:00,2025_S1,DEVELOPMENT,STRESS,FIXED_DELAY_200_MS,POSITION_EXIT_TRANSACTION_CONFIRMED,MATCHING_EXIT_DEAL_CONFIRMED,FIXING_REVERSAL_TIME_EXIT
SOLTRADE_PHASE6_V25_EVENT_V1,2025.02.03 18:05:35,2025_S1,DEVELOPMENT,STRESS,FIXED_DELAY_200_MS,ORDER_REQUEST_ACCEPTED_AWAITING_TRANSACTION,BROKER_REPORTED_FILL_AWAITING_CONFIRMATION,Broker returned DONE; fill remains unconfirmed until a matching trade transaction
SOLTRADE_PHASE6_V25_EVENT_V1,2025.02.03 22:05:00,2025_S1,DEVELOPMENT,STRESS,FIXED_DELAY_200_MS,POSITION_CLOSE_ACCEPTED_AWAITING_TRANSACTION,POSITION_CLOSE_BROKER_ACCEPTED,Close request accepted; matching exit deal is not yet confirmed
SOLTRADE_PHASE6_V25_EVENT_V1,2025.02.03 22:05:00,2025_S1,DEVELOPMENT,STRESS,FIXED_DELAY_200_MS,POSITION_EXIT_TRANSACTION_CONFIRMED,MATCHING_EXIT_DEAL_CONFIRMED,FIXING_REVERSAL_TIME_EXIT
SOLTRADE_PHASE6_V25_EVENT_V1,2025.02.04 18:05:00,2025_S1,DEVELOPMENT,STRESS,FIXED_DELAY_200_MS,ORDER_REQUEST_ACCEPTED_AWAITING_TRANSACTION,BROKER_REPORTED_FILL_AWAITING_CONFIRMATION,Broker returned DONE; fill remains unconfirmed until a matching trade transaction
SOLTRADE_PHASE6_V25_EVENT_V1,2025.02.04 22:05:01,2025_S1,DEVELOPMENT,STRESS,FIXED_DELAY_200_MS,POSITION_CLOSE_ACCEPTED_AWAITING_TRANSACTION,POSITION_CLOSE_BROKER_ACCEPTED,Close request accepted; matching exit deal is not yet confirmed
SOLTRADE_PHASE6_V25_EVENT_V1,2025.02.04 22:05:01,2025_S1,DEVELOPMENT,STRESS,FIXED_DELAY_200_MS,POSITION_EXIT_TRANSACTION_CONFIRMED,MATCHING_EXIT_DEAL_CONFIRMED,FIXING_REVERSAL_TIME_EXIT
SOLTRADE_PHASE6_V25_EVENT_V1,2025.02.04 23:59:58,2025_S1,DEVELOPMENT,STRESS,FIXED_DELAY_200_MS,CUTOFF_FROZEN,NO_OPEN_POSITION_AT_CUTOFF,eligible_to=2025.02.05 00:00:00
