position_identifier,symbol,direction,entry_time,exit_time,volume,native_net_before_external_commission,source_signed_swap,source_entry_spread_cost,fxify_snapshot_spread_points,fxify_snapshot_spread_cost,fxify_snapshot_swap_rate,fxify_snapshot_rollover_weight,fxify_snapshot_swap_cash,fxify_commission_6_per_lot,candidate_cash,historical_spread_swap_status
2,EURUSD,SELL,2025.01.06 10:05:00,2025.02.03 10:05:00,0.02,25.58,2.52,0.24,6.0,0.12,4.185,28,2.3436,0.12,25.403599999999994,STATIC_SNAPSHOT_CANDIDATE_NOT_HISTORICAL_FXIFY_EXECUTION
3,GBPUSD,SELL,2025.01.06 10:05:00,2025.02.03 10:05:00,0.01,17.26,-0.52,0.14,10.0,0.1,-1.144,28,-0.32031999999999994,0.06,17.439680000000003,STATIC_SNAPSHOT_CANDIDATE_NOT_HISTORICAL_FXIFY_EXECUTION
4,AUDUSD,SELL,2025.01.06 10:05:00,2025.02.03 10:05:00,0.03,28.25,-0.52,0.39,6.0,0.18,-1.969,28,-1.6539599999999999,0.18,27.14604,STATIC_SNAPSHOT_CANDIDATE_NOT_HISTORICAL_FXIFY_EXECUTION
5,NZDUSD,SELL,2025.01.06 10:05:00,2025.02.03 10:05:00,0.03,22.67,0.32,0.48,3.0,0.09,0.792,28,0.66528,0.18,23.22528,STATIC_SNAPSHOT_CANDIDATE_NOT_HISTORICAL_FXIFY_EXECUTION
6,USDCAD,BUY,2025.01.06 10:05:00,2025.02.03 10:05:00,0.02,45.44,1.4,0.16680219344884387,11.0,0.15646002090884,4.086,28,1.6272980065580516,0.12,45.55764017909806,STATIC_SNAPSHOT_CANDIDATE_NOT_HISTORICAL_FXIFY_EXECUTION
7,USDCHF,BUY,2025.01.06 10:05:00,2025.02.03 10:05:00,0.02,29.05,3.66,0.3085399449035813,7.0,0.17300824260692,4.602,28,3.1847357299081835,0.12,28.590267432204847,STATIC_SNAPSHOT_CANDIDATE_NOT_HISTORICAL_FXIFY_EXECUTION
8,USDJPY,BUY,2025.01.06 10:05:00,2025.02.03 10:05:00,0.01,-11.05,1.68,0.08246585596386727,6.0,0.038055129197160004,7.332,28,1.3020943006100267,0.06,-11.443494972623267,STATIC_SNAPSHOT_CANDIDATE_NOT_HISTORICAL_FXIFY_EXECUTION
20,USDCAD,BUY,2025.02.03 10:05:01,2025.02.04 16:16:49,0.02,-48.0,0.05,0.19031694568490312,11.0,0.15646002090884,4.086,1,0.058117785948501845,0.12,-48.07802528927542,STATIC_SNAPSHOT_CANDIDATE_NOT_HISTORICAL_FXIFY_EXECUTION
21,USDCHF,BUY,2025.02.03 10:05:01,2025.02.05 12:38:24,0.02,-40.72,0.26,0.34807957969390757,7.0,0.17300824260692,4.602,2,0.22748112356487027,0.12,-40.69744753934813,STATIC_SNAPSHOT_CANDIDATE_NOT_HISTORICAL_FXIFY_EXECUTION
22,USDJPY,BUY,2025.02.03 10:05:01,2025.02.06 21:33:05,0.01,-28.970000000000002,0.31,0.10277756365785351,6.0,0.038055129197160004,7.332,5,0.23251683939464762,0.06,-29.04276072614466,STATIC_SNAPSHOT_CANDIDATE_NOT_HISTORICAL_FXIFY_EXECUTION
18,AUDUSD,SELL,2025.02.03 10:05:01,2025.02.07 15:30:05,0.03,-50.63,-0.11,0.42,6.0,0.18,-1.969,6,-0.35441999999999996,0.18,-50.81442,STATIC_SNAPSHOT_CANDIDATE_NOT_HISTORICAL_FXIFY_EXECUTION
16,EURUSD,SELL,2025.02.03 10:05:01,2025.02.14 00:24:50,0.02,-49.17,1.17,0.22,6.0,0.12,4.185,13,1.0880999999999998,0.12,-49.2719,STATIC_SNAPSHOT_CANDIDATE_NOT_HISTORICAL_FXIFY_EXECUTION
17,GBPUSD,SELL,2025.02.03 10:05:01,2025.02.14 10:39:04,0.01,-31.619999999999997,-0.24,0.16,10.0,0.1,-1.144,13,-0.14872,0.06,-31.52872,STATIC_SNAPSHOT_CANDIDATE_NOT_HISTORICAL_FXIFY_EXECUTION
19,NZDUSD,SELL,2025.02.03 10:05:01,2025.02.14 11:31:17,0.03,-47.76,0.15,0.48,3.0,0.09,0.792,13,0.30888,0.18,-47.39112,STATIC_SNAPSHOT_CANDIDATE_NOT_HISTORICAL_FXIFY_EXECUTION
32,AUDUSD,BUY,2025.03.03 10:05:00,2025.04.04 14:32:01,0.03,-50.95,-1.75,0.42,6.0,0.18,0.369,34,0.37638,0.18,-48.76362,STATIC_SNAPSHOT_CANDIDATE_NOT_HISTORICAL_FXIFY_EXECUTION
30,EURUSD,BUY,2025.03.03 10:05:00,2025.04.07 10:05:00,0.02,116.06,-6.7,0.24,6.0,0.12,-6.985,35,-4.889500000000001,0.12,117.87049999999999,STATIC_SNAPSHOT_CANDIDATE_NOT_HISTORICAL_FXIFY_EXECUTION
31,GBPUSD,BUY,2025.03.03 10:05:00,2025.04.07 10:05:00,0.01,30.05,-1.0,0.14,10.0,0.1,-1.034,35,-0.3619,0.06,30.668100000000003,STATIC_SNAPSHOT_CANDIDATE_NOT_HISTORICAL_FXIFY_EXECUTION
33,NZDUSD,BUY,2025.03.03 10:05:00,2025.04.07 10:05:00,0.03,-11.67,-2.85,0.48,3.0,0.09,-2.552,35,-2.6796,0.18,-11.2896,STATIC_SNAPSHOT_CANDIDATE_NOT_HISTORICAL_FXIFY_EXECUTION
34,USDCAD,SELL,2025.03.03 10:05:00,2025.04.07 10:05:00,0.03,34.45,-6.66,0.3324076703069923,11.0,0.23469003136326,-7.546,35,-5.634907653031873,0.18,35.39280998591186,STATIC_SNAPSHOT_CANDIDATE_NOT_HISTORICAL_FXIFY_EXECUTION
35,USDCHF,SELL,2025.03.03 10:05:00,2025.04.07 10:05:00,0.02,116.72,-9.16,0.35502302102401956,7.0,0.17300824260692,-10.043,35,-8.687608902506488,0.12,117.2544058759106,STATIC_SNAPSHOT_CANDIDATE_NOT_HISTORICAL_FXIFY_EXECUTION
36,USDJPY,SELL,2025.03.03 10:05:00,2025.04.07 10:05:00,0.01,29.240000000000002,-4.5,0.08661989192502716,6.0,0.038055129197160004,-15.818,35,-3.5114101962372826,0.06,30.217154566490585,STATIC_SNAPSHOT_CANDIDATE_NOT_HISTORICAL_FXIFY_EXECUTION
44,EURUSD,BUY,2025.04.07 10:05:01,2025.05.05 10:05:00,0.01,27.58,-2.76,0.11,6.0,0.06,-6.985,28,-1.9558000000000002,0.06,28.3742,STATIC_SNAPSHOT_CANDIDATE_NOT_HISTORICAL_FXIFY_EXECUTION
45,GBPUSD,BUY,2025.04.07 10:05:01,2025.05.05 10:05:00,0.01,35.550000000000004,-0.8,0.17,10.0,0.1,-1.034,28,-0.28952,0.06,36.070479999999996,STATIC_SNAPSHOT_CANDIDATE_NOT_HISTORICAL_FXIFY_EXECUTION
46,AUDUSD,BUY,2025.04.07 10:05:01,2025.05.05 10:05:00,0.01,44.129999999999995,-0.52,0.14,6.0,0.06,0.369,28,0.10332000000000001,0.06,44.77331999999999,STATIC_SNAPSHOT_CANDIDATE_NOT_HISTORICAL_FXIFY_EXECUTION
47,NZDUSD,BUY,2025.04.07 10:05:01,2025.05.05 10:05:00,0.02,77.1,-1.64,0.32,3.0,0.06,-2.552,28,-1.4291200000000002,0.12,77.45087999999998,STATIC_SNAPSHOT_CANDIDATE_NOT_HISTORICAL_FXIFY_EXECUTION
48,USDCAD,SELL,2025.04.07 10:05:01,2025.05.05 10:05:00,0.02,57.940000000000005,-3.65,0.21062238915996773,11.0,0.15646002090884,-7.546,28,-3.005284081616999,0.12,58.518878286634134,STATIC_SNAPSHOT_CANDIDATE_NOT_HISTORICAL_FXIFY_EXECUTION
49,USDCHF,SELL,2025.04.07 10:05:01,2025.05.05 10:05:00,0.01,21.55,-3.91,0.18872598166998902,7.0,0.08650412130346,-10.043,28,-3.4750435610025954,0.06,22.027178299363936,STATIC_SNAPSHOT_CANDIDATE_NOT_HISTORICAL_FXIFY_EXECUTION
50,USDJPY,SELL,2025.04.07 10:05:01,2025.05.05 10:05:00,0.01,1.8099999999999996,-3.66,0.11023231460302588,6.0,0.038055129197160004,-15.818,28,-2.809128156989826,0.06,2.6730490284160404,STATIC_SNAPSHOT_CANDIDATE_NOT_HISTORICAL_FXIFY_EXECUTION
58,EURUSD,BUY,2025.05.05 10:05:01,2025.06.02 10:05:00,0.01,5.58,-2.76,0.13,6.0,0.06,-6.985,28,-1.9558000000000002,0.06,6.3942000000000005,STATIC_SNAPSHOT_CANDIDATE_NOT_HISTORICAL_FXIFY_EXECUTION
59,GBPUSD,BUY,2025.05.05 10:05:01,2025.06.02 10:05:00,0.01,24.88,-0.8,0.14,10.0,0.1,-1.034,28,-0.28952,0.06,25.37048,STATIC_SNAPSHOT_CANDIDATE_NOT_HISTORICAL_FXIFY_EXECUTION
60,AUDUSD,BUY,2025.05.05 10:05:01,2025.06.02 10:05:00,0.02,-0.3800000000000001,-1.08,0.28,6.0,0.12,0.369,28,0.20664000000000002,0.12,0.94664,STATIC_SNAPSHOT_CANDIDATE_NOT_HISTORICAL_FXIFY_EXECUTION
61,NZDUSD,BUY,2025.05.05 10:05:01,2025.06.02 10:05:00,0.02,6.140000000000001,-1.64,0.32,3.0,0.06,-2.552,28,-1.4291200000000002,0.12,6.490879999999999,STATIC_SNAPSHOT_CANDIDATE_NOT_HISTORICAL_FXIFY_EXECUTION
62,USDCAD,SELL,2025.05.05 10:05:01,2025.06.02 10:05:00,0.03,20.810000000000002,-5.56,0.36912921693941214,11.0,0.23469003136326,-7.546,28,-4.5079261224254985,0.18,21.816513063150655,STATIC_SNAPSHOT_CANDIDATE_NOT_HISTORICAL_FXIFY_EXECUTION
63,USDCHF,SELL,2025.05.05 10:05:01,2025.06.02 10:05:00,0.01,4.529999999999999,-3.91,0.21776740022018704,7.0,0.08650412130346,-10.043,28,-3.4750435610025954,0.06,5.0362197179141335,STATIC_SNAPSHOT_CANDIDATE_NOT_HISTORICAL_FXIFY_EXECUTION
64,USDJPY,SELL,2025.05.05 10:05:01,2025.06.02 10:05:00,0.01,4.17,-3.66,0.09699052264035915,6.0,0.038055129197160004,-15.818,28,-2.809128156989826,0.06,5.019807236453374,STATIC_SNAPSHOT_CANDIDATE_NOT_HISTORICAL_FXIFY_EXECUTION
78,USDJPY,SELL,2025.06.02 10:05:01,2025.06.23 11:52:55,0.01,-32.25,-2.74,0.09775921904349588,6.0,0.038055129197160004,-15.818,21,-2.1068461177423696,0.06,-31.617142027896033,STATIC_SNAPSHOT_CANDIDATE_NOT_HISTORICAL_FXIFY_EXECUTION
72,EURUSD,BUY,2025.06.02 10:05:01,2025.07.07 10:05:00,0.01,31.250000000000004,-3.45,0.12,6.0,0.06,-6.985,35,-2.4447500000000004,0.06,32.25525,STATIC_SNAPSHOT_CANDIDATE_NOT_HISTORICAL_FXIFY_EXECUTION
73,GBPUSD,BUY,2025.06.02 10:05:01,2025.07.07 10:05:00,0.01,7.0,-1.0,0.14,10.0,0.1,-1.034,35,-0.3619,0.06,7.618100000000001,STATIC_SNAPSHOT_CANDIDATE_NOT_HISTORICAL_FXIFY_EXECUTION
74,AUDUSD,BUY,2025.06.02 10:05:01,2025.07.07 10:05:00,0.02,5.869999999999999,-1.35,0.28,6.0,0.12,0.369,35,0.25830000000000003,0.12,7.518299999999999,STATIC_SNAPSHOT_CANDIDATE_NOT_HISTORICAL_FXIFY_EXECUTION
75,NZDUSD,BUY,2025.06.02 10:05:01,2025.07.07 10:05:00,0.02,-1.67,-2.05,0.32,3.0,0.06,-2.552,35,-1.7864,0.12,-1.2664,STATIC_SNAPSHOT_CANDIDATE_NOT_HISTORICAL_FXIFY_EXECUTION
76,USDCAD,SELL,2025.06.02 10:05:01,2025.07.07 10:05:00,0.03,3.130000000000001,-7.0,0.37242044077054515,11.0,0.23469003136326,-7.546,35,-5.634907653031873,0.18,4.452822756375414,STATIC_SNAPSHOT_CANDIDATE_NOT_HISTORICAL_FXIFY_EXECUTION
77,USDCHF,SELL,2025.06.02 10:05:01,2025.07.07 10:05:00,0.01,25.349999999999998,-4.98,0.21965416671751253,7.0,0.08650412130346,-10.043,35,-4.343804451253244,0.06,26.059345594160806,STATIC_SNAPSHOT_CANDIDATE_NOT_HISTORICAL_FXIFY_EXECUTION
92,USDJPY,SELL,2025.07.07 10:05:01,2025.07.15 17:01:07,0.02,-52.379999999999995,-2.08,0.1930834741233666,6.0,0.07611025839432001,-15.818,8,-1.605216089708472,0.12,-51.90824287397942,STATIC_SNAPSHOT_CANDIDATE_NOT_HISTORICAL_FXIFY_EXECUTION
86,EURUSD,BUY,2025.07.07 10:05:01,2025.07.29 10:10:28,0.02,-50.09,-4.21,0.24,6.0,0.12,-6.985,22,-3.0734000000000004,0.12,-48.953399999999995,STATIC_SNAPSHOT_CANDIDATE_NOT_HISTORICAL_FXIFY_EXECUTION
87,GBPUSD,BUY,2025.07.07 10:05:01,2025.07.29 16:14:22,0.01,-31.619999999999997,-0.63,0.14,10.0,0.1,-1.034,22,-0.22748000000000002,0.06,-31.237479999999998,STATIC_SNAPSHOT_CANDIDATE_NOT_HISTORICAL_FXIFY_EXECUTION
91,USDCHF,SELL,2025.07.07 10:05:01,2025.07.30 22:20:33,0.02,-53.39,-6.69,0.40241954752952125,7.0,0.17300824260692,-10.043,23,-5.709000135932835,0.12,-52.29958883101023,STATIC_SNAPSHOT_CANDIDATE_NOT_HISTORICAL_FXIFY_EXECUTION
88,AUDUSD,BUY,2025.07.07 10:05:01,2025.08.04 10:05:00,0.03,-12.84,-1.44,0.42,6.0,0.18,0.369,28,0.30996,0.18,-11.03004,STATIC_SNAPSHOT_CANDIDATE_NOT_HISTORICAL_FXIFY_EXECUTION
89,NZDUSD,BUY,2025.07.07 10:05:01,2025.08.04 10:05:00,0.02,-23.28,-1.64,0.32,3.0,0.06,-2.552,28,-1.4291200000000002,0.12,-22.92912,STATIC_SNAPSHOT_CANDIDATE_NOT_HISTORICAL_FXIFY_EXECUTION
90,USDCAD,SELL,2025.07.07 10:05:01,2025.08.04 10:05:00,0.02,-23.72,-3.67,0.24914995896353617,11.0,0.15646002090884,-7.546,28,-3.005284081616999,0.12,-23.0825941435623,STATIC_SNAPSHOT_CANDIDATE_NOT_HISTORICAL_FXIFY_EXECUTION
104,USDCAD,SELL,2025.09.01 10:05:00,2025.09.25 15:52:27,0.04,-54.61,-6.8,0.4946317902761209,11.0,0.31292004181768,-7.546,24,-5.151915568486284,0.24,-53.02020382002784,STATIC_SNAPSHOT_CANDIDATE_NOT_HISTORICAL_FXIFY_EXECUTION
106,USDJPY,SELL,2025.09.01 10:05:00,2025.10.06 07:37:36,0.02,-52.89,-9.02,0.19052025638583073,6.0,0.07611025839432001,-15.818,35,-7.022820392474565,0.12,-50.89841039448306,STATIC_SNAPSHOT_CANDIDATE_NOT_HISTORICAL_FXIFY_EXECUTION
100,EURUSD,BUY,2025.09.01 10:05:00,2025.10.06 10:05:00,0.02,-12.219999999999999,-6.7,0.24,6.0,0.12,-6.985,35,-4.889500000000001,0.12,-10.4095,STATIC_SNAPSHOT_CANDIDATE_NOT_HISTORICAL_FXIFY_EXECUTION
101,GBPUSD,BUY,2025.09.01 10:05:00,2025.10.06 10:05:00,0.02,-19.14,-1.8,0.3,10.0,0.2,-1.034,35,-0.7238,0.12,-18.0838,STATIC_SNAPSHOT_CANDIDATE_NOT_HISTORICAL_FXIFY_EXECUTION
102,AUDUSD,BUY,2025.09.01 10:05:00,2025.10.06 10:05:00,0.03,18.54,-1.8,0.42,6.0,0.18,0.369,35,0.38745,0.18,20.787450000000003,STATIC_SNAPSHOT_CANDIDATE_NOT_HISTORICAL_FXIFY_EXECUTION
103,NZDUSD,BUY,2025.09.01 10:05:00,2025.10.06 10:05:00,0.03,-21.630000000000003,-2.85,0.42,3.0,0.09,-2.552,35,-2.6796,0.18,-21.3096,STATIC_SNAPSHOT_CANDIDATE_NOT_HISTORICAL_FXIFY_EXECUTION
105,USDCHF,SELL,2025.09.01 10:05:00,2025.10.06 10:05:00,0.02,-6.17,-10.16,0.40039539044806743,7.0,0.17300824260692,-10.043,35,-8.687608902506488,0.12,-4.5902217546653405,STATIC_SNAPSHOT_CANDIDATE_NOT_HISTORICAL_FXIFY_EXECUTION
114,EURUSD,SELL,2025.10.06 10:05:01,2025.11.03 10:05:00,0.02,35.28,2.52,0.26,6.0,0.12,4.185,28,2.3436,0.12,35.1236,STATIC_SNAPSHOT_CANDIDATE_NOT_HISTORICAL_FXIFY_EXECUTION
115,GBPUSD,SELL,2025.10.06 10:05:01,2025.11.03 10:05:00,0.01,30.85,-0.52,0.14,10.0,0.1,-1.144,28,-0.32031999999999994,0.06,31.029680000000003,STATIC_SNAPSHOT_CANDIDATE_NOT_HISTORICAL_FXIFY_EXECUTION
116,AUDUSD,SELL,2025.10.06 10:05:01,2025.11.03 10:05:00,0.03,17.66,-0.52,0.44999999999999996,6.0,0.18,-1.969,28,-1.6539599999999999,0.18,16.616039999999998,STATIC_SNAPSHOT_CANDIDATE_NOT_HISTORICAL_FXIFY_EXECUTION
117,NZDUSD,SELL,2025.10.06 10:05:01,2025.11.03 10:05:00,0.03,34.22,0.32,0.42,3.0,0.09,0.792,28,0.66528,0.18,34.71528,STATIC_SNAPSHOT_CANDIDATE_NOT_HISTORICAL_FXIFY_EXECUTION
118,USDCAD,BUY,2025.10.06 10:05:01,2025.11.03 10:05:00,0.04,23.51,2.8,0.48753557934283065,11.0,0.31292004181768,4.086,28,3.254596013116103,0.24,23.899211550641255,STATIC_SNAPSHOT_CANDIDATE_NOT_HISTORICAL_FXIFY_EXECUTION
119,USDCHF,BUY,2025.10.06 10:05:01,2025.11.03 10:05:00,0.02,22.73,4.2,0.4012086410311062,7.0,0.17300824260692,4.602,28,3.1847357299081835,0.12,21.822936128332373,STATIC_SNAPSHOT_CANDIDATE_NOT_HISTORICAL_FXIFY_EXECUTION
120,USDJPY,BUY,2025.10.06 10:05:01,2025.11.03 10:05:00,0.02,57.36,3.53,0.18665173452790446,6.0,0.07611025839432001,7.332,28,2.6041886012200535,0.12,56.42473007735364,STATIC_SNAPSHOT_CANDIDATE_NOT_HISTORICAL_FXIFY_EXECUTION
133,USDCHF,BUY,2025.11.03 10:05:01,2025.11.14 14:20:32,0.02,-37.190000000000005,1.94,0.39741185529240824,7.0,0.17300824260692,4.602,13,1.4786273031716568,0.12,-37.54696908414285,STATIC_SNAPSHOT_CANDIDATE_NOT_HISTORICAL_FXIFY_EXECUTION
128,EURUSD,SELL,2025.11.03 10:05:01,2025.12.01 10:05:00,0.03,-18.11,3.88,0.39,6.0,0.18,4.185,28,3.5153999999999996,0.18,-18.444599999999998,STATIC_SNAPSHOT_CANDIDATE_NOT_HISTORICAL_FXIFY_EXECUTION
129,GBPUSD,SELL,2025.11.03 10:05:01,2025.12.01 10:05:00,0.02,-17.6,-0.84,0.28,10.0,0.2,-1.144,28,-0.6406399999999999,0.12,-17.440640000000002,STATIC_SNAPSHOT_CANDIDATE_NOT_HISTORICAL_FXIFY_EXECUTION
130,AUDUSD,SELL,2025.11.03 10:05:01,2025.12.01 10:05:00,0.03,0.10999999999999999,-0.52,0.42,6.0,0.18,-1.969,28,-1.6539599999999999,0.18,-0.9639599999999997,STATIC_SNAPSHOT_CANDIDATE_NOT_HISTORICAL_FXIFY_EXECUTION
131,NZDUSD,SELL,2025.11.03 10:05:01,2025.12.01 10:05:00,0.04,-5.199999999999999,0.56,0.56,3.0,0.12,0.792,28,0.88704,0.24,-4.67296,STATIC_SNAPSHOT_CANDIDATE_NOT_HISTORICAL_FXIFY_EXECUTION
132,USDCAD,BUY,2025.11.03 10:05:01,2025.12.01 10:05:00,0.04,-8.18,2.8,0.48495221794323207,11.0,0.31292004181768,4.086,28,3.254596013116103,0.24,-7.793371810758346,STATIC_SNAPSHOT_CANDIDATE_NOT_HISTORICAL_FXIFY_EXECUTION
134,USDJPY,BUY,2025.11.03 10:05:01,2025.12.01 10:05:00,0.02,19.24,3.39,0.18160827095954027,6.0,0.07611025839432001,7.332,28,2.6041886012200535,0.12,18.43968661378527,STATIC_SNAPSHOT_CANDIDATE_NOT_HISTORICAL_FXIFY_EXECUTION
142,EURUSD,BUY,2025.12.01 10:05:02,2026.01.05 10:05:00,0.03,13.639999999999999,-10.15,0.36,6.0,0.18,-6.985,35,-7.334250000000001,0.18,16.45575,STATIC_SNAPSHOT_CANDIDATE_NOT_HISTORICAL_FXIFY_EXECUTION
143,GBPUSD,BUY,2025.12.01 10:05:02,2026.01.05 10:05:00,0.02,39.4,-1.82,0.3,10.0,0.2,-1.034,35,-0.7238,0.12,40.4762,STATIC_SNAPSHOT_CANDIDATE_NOT_HISTORICAL_FXIFY_EXECUTION
144,AUDUSD,BUY,2025.12.01 10:05:02,2026.01.05 10:05:00,0.03,35.2,-1.82,0.42,6.0,0.18,0.369,35,0.38745,0.18,37.46745000000001,STATIC_SNAPSHOT_CANDIDATE_NOT_HISTORICAL_FXIFY_EXECUTION
145,NZDUSD,BUY,2025.12.01 10:05:02,2026.01.05 10:05:00,0.03,0.5499999999999998,-2.87,0.42,3.0,0.09,-2.552,35,-2.6796,0.18,0.8903999999999999,STATIC_SNAPSHOT_CANDIDATE_NOT_HISTORICAL_FXIFY_EXECUTION
146,USDCAD,SELL,2025.12.01 10:05:02,2026.01.05 10:05:00,0.04,50.66,-9.21,0.4862839326067679,11.0,0.31292004181768,-7.546,35,-7.513210204042497,0.24,52.29015368674659,STATIC_SNAPSHOT_CANDIDATE_NOT_HISTORICAL_FXIFY_EXECUTION
147,USDCHF,SELL,2025.12.01 10:05:02,2026.01.05 10:05:00,0.02,11.94,-10.19,0.39835181934744995,7.0,0.17300824260692,-10.043,35,-8.687608902506488,0.12,13.547734674234043,STATIC_SNAPSHOT_CANDIDATE_NOT_HISTORICAL_FXIFY_EXECUTION
148,USDJPY,SELL,2025.12.01 10:05:02,2026.01.05 10:05:00,0.02,-28.48,-8.46,0.1801674270161057,6.0,0.07611025839432001,-15.818,35,-7.022820392474565,0.12,-27.05876322385278,STATIC_SNAPSHOT_CANDIDATE_NOT_HISTORICAL_FXIFY_EXECUTION
160,USDCAD,SELL,2026.01.05 10:05:03,2026.01.09 23:12:18,0.05,-51.99,-1.97,0.6170509321098786,11.0,0.39115005227210004,-7.546,6,-1.6099736151519637,0.30000000000000004,-51.70407273531419,STATIC_SNAPSHOT_CANDIDATE_NOT_HISTORICAL_FXIFY_EXECUTION
156,EURUSD,BUY,2026.01.05 10:05:03,2026.02.02 10:05:00,0.03,42.61,-8.12,0.36,6.0,0.18,-6.985,28,-5.8674,0.18,44.86259999999999,STATIC_SNAPSHOT_CANDIDATE_NOT_HISTORICAL_FXIFY_EXECUTION
157,GBPUSD,BUY,2026.01.05 10:05:03,2026.02.02 10:05:00,0.02,50.84,-1.44,0.28,10.0,0.2,-1.034,28,-0.57904,0.12,51.66096,STATIC_SNAPSHOT_CANDIDATE_NOT_HISTORICAL_FXIFY_EXECUTION
158,AUDUSD,BUY,2026.01.05 10:05:03,2026.02.02 10:05:00,0.04,105.72,-2.0,0.6,6.0,0.24,0.369,28,0.41328000000000004,0.24,108.25328,STATIC_SNAPSHOT_CANDIDATE_NOT_HISTORICAL_FXIFY_EXECUTION
159,NZDUSD,BUY,2026.01.05 10:05:03,2026.02.02 10:05:00,0.04,100.64,-3.08,0.56,3.0,0.12,-2.552,28,-2.8582400000000003,0.24,101.06176,STATIC_SNAPSHOT_CANDIDATE_NOT_HISTORICAL_FXIFY_EXECUTION
161,USDCHF,SELL,2026.01.05 10:05:03,2026.02.02 10:05:00,0.03,69.81,-12.34,0.6042980700230388,7.0,0.25951236391038,-10.043,28,-10.425130683007785,0.18,71.88965502310488,STATIC_SNAPSHOT_CANDIDATE_NOT_HISTORICAL_FXIFY_EXECUTION
162,USDJPY,SELL,2026.01.05 10:05:03,2026.02.02 10:05:00,0.02,18.990000000000002,-6.79,0.24215543830134334,6.0,0.07611025839432001,-15.818,28,-5.618256313979652,0.12,20.207788865927373,STATIC_SNAPSHOT_CANDIDATE_NOT_HISTORICAL_FXIFY_EXECUTION
171,GBPUSD,BUY,2026.02.02 10:05:01,2026.03.02 08:23:32,0.01,-30.2,-0.8,0.15,10.0,0.1,-1.034,28,-0.28952,0.06,-29.69952,STATIC_SNAPSHOT_CANDIDATE_NOT_HISTORICAL_FXIFY_EXECUTION
170,EURUSD,BUY,2026.02.02 10:05:01,2026.03.02 10:05:00,0.01,-16.93,-2.76,0.12,6.0,0.06,-6.985,28,-1.9558000000000002,0.06,-16.1258,STATIC_SNAPSHOT_CANDIDATE_NOT_HISTORICAL_FXIFY_EXECUTION
172,AUDUSD,BUY,2026.02.02 10:05:01,2026.03.02 10:05:00,0.02,21.6,-1.08,0.3,6.0,0.12,0.369,28,0.20664000000000002,0.12,22.94664,STATIC_SNAPSHOT_CANDIDATE_NOT_HISTORICAL_FXIFY_EXECUTION
173,NZDUSD,BUY,2026.02.02 10:05:01,2026.03.02 10:05:00,0.03,-22.23,-2.28,0.42,3.0,0.09,-2.552,28,-2.1436800000000003,0.18,-21.943679999999997,STATIC_SNAPSHOT_CANDIDATE_NOT_HISTORICAL_FXIFY_EXECUTION
174,USDCAD,SELL,2026.02.02 10:05:01,2026.03.02 10:05:00,0.03,-7.619999999999999,-5.6,0.3736400600754606,11.0,0.23469003136326,-7.546,28,-4.5079261224254985,0.18,-6.568976093713298,STATIC_SNAPSHOT_CANDIDATE_NOT_HISTORICAL_FXIFY_EXECUTION
175,USDCHF,SELL,2026.02.02 10:05:01,2026.03.02 10:05:00,0.01,-3.89,-4.2,0.21992522542335607,7.0,0.08650412130346,-10.043,28,-3.4750435610025954,0.06,-3.0916224568826993,STATIC_SNAPSHOT_CANDIDATE_NOT_HISTORICAL_FXIFY_EXECUTION
176,USDJPY,SELL,2026.02.02 10:05:01,2026.03.02 10:05:00,0.01,-16.95,-3.38,0.09036805618311149,6.0,0.038055129197160004,-15.818,28,-2.809128156989826,0.06,-16.386815230003872,STATIC_SNAPSHOT_CANDIDATE_NOT_HISTORICAL_FXIFY_EXECUTION
184,EURUSD,SELL,2026.04.06 10:05:00,2026.04.14 10:06:09,0.01,-26.33,0.39,0.12,6.0,0.06,4.185,8,0.3348,0.06,-26.385199999999994,STATIC_SNAPSHOT_CANDIDATE_NOT_HISTORICAL_FXIFY_EXECUTION
188,USDCAD,BUY,2026.04.06 10:05:00,2026.04.14 11:44:33,0.04,-50.290000000000006,0.8,0.5165548660185816,11.0,0.31292004181768,4.086,8,0.9298845751760295,0.24,-50.19648060062307,STATIC_SNAPSHOT_CANDIDATE_NOT_HISTORICAL_FXIFY_EXECUTION
187,NZDUSD,SELL,2026.04.06 10:05:00,2026.04.14 15:30:01,0.02,-40.120000000000005,0.08,0.28,3.0,0.06,0.792,8,0.12672,0.12,-39.97328,STATIC_SNAPSHOT_CANDIDATE_NOT_HISTORICAL_FXIFY_EXECUTION
185,GBPUSD,SELL,2026.04.06 10:05:00,2026.04.14 15:30:01,0.01,-37.61,-0.15,0.15,10.0,0.1,-1.144,8,-0.09151999999999999,0.06,-37.56152000000001,STATIC_SNAPSHOT_CANDIDATE_NOT_HISTORICAL_FXIFY_EXECUTION
186,AUDUSD,SELL,2026.04.06 10:05:00,2026.04.14 17:37:58,0.02,-47.58,-0.08,0.28,6.0,0.12,-1.969,8,-0.31504000000000004,0.12,-47.77504,STATIC_SNAPSHOT_CANDIDATE_NOT_HISTORICAL_FXIFY_EXECUTION
189,USDCHF,BUY,2026.04.06 10:05:00,2026.04.17 16:06:36,0.01,-27.14,1.0,0.1999425165264986,7.0,0.08650412130346,4.602,13,0.7393136515858284,0.06,-27.347247953191133,STATIC_SNAPSHOT_CANDIDATE_NOT_HISTORICAL_FXIFY_EXECUTION
190,USDJPY,BUY,2026.04.06 10:05:00,2026.04.30 14:36:10,0.02,-41.38,3.12,0.17538035614739467,6.0,0.07611025839432001,7.332,26,2.418175129704335,0.12,-42.10255477254259,STATIC_SNAPSHOT_CANDIDATE_NOT_HISTORICAL_FXIFY_EXECUTION
199,GBPUSD,BUY,2026.05.04 10:05:00,2026.05.15 12:08:49,0.02,-49.25,-0.67,0.34,10.0,0.2,-1.034,13,-0.26884,0.12,-48.82883999999999,STATIC_SNAPSHOT_CANDIDATE_NOT_HISTORICAL_FXIFY_EXECUTION
202,USDCAD,SELL,2026.05.04 10:05:00,2026.05.21 16:08:04,0.03,-44.279999999999994,-3.8,0.33094562195713884,11.0,0.23469003136326,-7.546,17,-2.7369551457583383,0.18,-43.30069955516445,STATIC_SNAPSHOT_CANDIDATE_NOT_HISTORICAL_FXIFY_EXECUTION
198,EURUSD,BUY,2026.05.04 10:05:00,2026.06.01 10:05:00,0.02,-18.52,-5.36,0.24,6.0,0.12,-6.985,28,-3.9116000000000004,0.12,-17.0716,STATIC_SNAPSHOT_CANDIDATE_NOT_HISTORICAL_FXIFY_EXECUTION
200,AUDUSD,BUY,2026.05.04 10:05:00,2026.06.01 10:05:00,0.02,-3.6,-1.08,0.28,6.0,0.12,0.369,28,0.20664000000000002,0.12,-2.2733600000000003,STATIC_SNAPSHOT_CANDIDATE_NOT_HISTORICAL_FXIFY_EXECUTION
201,NZDUSD,BUY,2026.05.04 10:05:00,2026.06.01 10:05:00,0.02,11.66,-1.64,0.32,3.0,0.06,-2.552,28,-1.4291200000000002,0.12,12.010880000000002,STATIC_SNAPSHOT_CANDIDATE_NOT_HISTORICAL_FXIFY_EXECUTION
203,USDCHF,SELL,2026.05.04 10:05:00,2026.06.01 10:05:00,0.02,-10.23,-8.31,0.43503851370371316,7.0,0.17300824260692,-10.043,28,-6.950087122005191,0.12,-8.728056850908397,STATIC_SNAPSHOT_CANDIDATE_NOT_HISTORICAL_FXIFY_EXECUTION
204,USDJPY,SELL,2026.05.04 10:05:00,2026.06.01 10:05:00,0.02,-38.4,-6.72,0.2421384649695734,6.0,0.07611025839432001,-15.818,28,-5.618256313979652,0.12,-37.25222810740439,STATIC_SNAPSHOT_CANDIDATE_NOT_HISTORICAL_FXIFY_EXECUTION
212,EURUSD,SELL,2026.06.01 10:05:01,2026.07.06 10:05:00,0.03,76.58,4.85,0.39,6.0,0.18,4.185,35,4.3942499999999995,0.18,76.15424999999999,STATIC_SNAPSHOT_CANDIDATE_NOT_HISTORICAL_FXIFY_EXECUTION
213,GBPUSD,SELL,2026.06.01 10:05:01,2026.07.06 10:05:00,0.02,25.75,-1.05,0.36,10.0,0.2,-1.144,35,-0.8008,0.12,26.0392,STATIC_SNAPSHOT_CANDIDATE_NOT_HISTORICAL_FXIFY_EXECUTION
214,AUDUSD,SELL,2026.06.01 10:05:01,2026.07.06 10:05:00,0.02,49.89,-0.35,0.26,6.0,0.12,-1.969,35,-1.3783,0.12,48.8817,STATIC_SNAPSHOT_CANDIDATE_NOT_HISTORICAL_FXIFY_EXECUTION
215,NZDUSD,SELL,2026.06.01 10:05:01,2026.07.06 10:05:00,0.02,57.190000000000005,0.35,0.32,3.0,0.06,0.792,35,0.5544,0.12,57.534400000000005,STATIC_SNAPSHOT_CANDIDATE_NOT_HISTORICAL_FXIFY_EXECUTION
216,USDCAD,BUY,2026.06.01 10:05:01,2026.07.06 10:05:00,0.04,118.62,3.48,0.4925038024190628,11.0,0.31292004181768,4.086,35,4.068245016395129,0.24,119.14782877699652,STATIC_SNAPSHOT_CANDIDATE_NOT_HISTORICAL_FXIFY_EXECUTION
217,USDCHF,BUY,2026.06.01 10:05:01,2026.07.06 10:05:00,0.02,62.86,5.23,0.40903977911851924,7.0,0.17300824260692,4.602,35,3.98091966238523,0.12,61.726951198896835,STATIC_SNAPSHOT_CANDIDATE_NOT_HISTORICAL_FXIFY_EXECUTION
218,USDJPY,BUY,2026.06.01 10:05:01,2026.07.06 10:05:00,0.04,76.93,8.34,0.40134702093902663,6.0,0.15222051678864001,7.332,35,6.510471503050133,0.24,75.10959800720052,STATIC_SNAPSHOT_CANDIDATE_NOT_HISTORICAL_FXIFY_EXECUTION
229,NZDUSD,SELL,2026.07.06 10:05:03,2026.07.14 15:30:01,0.03,-45.3,0.09,0.48,3.0,0.09,0.792,8,0.19008,0.18,-44.989920000000005,STATIC_SNAPSHOT_CANDIDATE_NOT_HISTORICAL_FXIFY_EXECUTION
230,USDCAD,BUY,2026.07.06 10:05:03,2026.07.15 21:20:34,0.03,-39.95,0.64,0.316504663168704,11.0,0.23469003136326,4.086,9,0.784590110304775,0.18,-39.90359525788978,STATIC_SNAPSHOT_CANDIDATE_NOT_HISTORICAL_FXIFY_EXECUTION
232,USDJPY,BUY,2026.07.06 10:05:03,2026.07.30 16:55:09,0.04,-48.06,6.11,0.41909856828533215,6.0,0.15222051678864001,7.332,26,4.83635025940867,0.24,-49.30677168909464,STATIC_SNAPSHOT_CANDIDATE_NOT_HISTORICAL_FXIFY_EXECUTION
