id,formal_dataset,classification,segment,cost_profile,execution_layer,initial_synthetic_equity,final_synthetic_equity,adjusted_net_profit,gross_profit,gross_loss,profit_factor,expectancy_usd,expectancy_R,normalized_expectancy_R,expected_payoff,naturally_closed_trades,right_censored_positions,winning_trades,losing_trades,breakeven_trades,win_rate_percent,average_win,average_loss,payoff_ratio,largest_win,largest_loss,maximum_drawdown_money,relative_drawdown_percent,annualized_return_percent,recovery_factor,maximum_consecutive_wins,maximum_consecutive_losses,buy_net_profit,sell_net_profit,buy_trades,sell_trades,stop_loss_exits,donchian_10_exits,average_holding_seconds,median_holding_seconds,spread_blocks,execution_blocks,risk_engine_blocks,daily_limit_pauses,weekly_limit_pauses,emergency_stops,consecutive_loss_pauses,best_trade_contribution_percent,best_day_contribution_percent,best_week_contribution_percent,best_month_contribution_percent,best_registered_subperiod_contribution_percent,clean_segment_contribution_percent,retest_1,retest_2,retest_3,retest_4,retest_5,retest_6
001-2025-s1-normal-native,V31_2025_DEVELOPMENT_REUSE,DEVELOPMENT_REUSE_DATA,2025_S1,NORMAL,NATIVE_NORMAL_EXECUTION,10000.0,9958.068817528576,-41.931182471423384,11.889068159082282,-53.82025063050566,0.22090324775157183,-13.977060823807795,-0.5591936355404971,-0.5591936355404971,-13.977060823807795,3,True,1,2,0,33.33333333333333,11.889068159082282,-26.91012531525283,0.44180649550314366,11.889068159082282,-27.69722814498934,41.93118247142411,0.41931182471424105,-7.381871917050953,-0.9999999999999827,1,1,-41.931182471423384,0,3,0,2,1,101901.33333333333,36908.0,0,0,0,0,0,0,0,,,,,,,1,1,1,0,0,0
002-2025-s1-high-native,V31_2025_DEVELOPMENT_REUSE,DEVELOPMENT_REUSE_DATA,2025_S1,HIGH,NATIVE_NORMAL_EXECUTION,10000.0,9953.621571485553,-46.37842851444621,10.70158083497021,-57.08000934941643,0.18748386618965437,-15.459476171482072,-0.6186463110085588,-0.6186463110085588,-15.459476171482072,3,True,1,2,0,33.33333333333333,10.70158083497021,-28.540004674708214,0.37496773237930875,10.70158083497021,-30.351812366737807,46.37842851444657,0.4637842851444657,-8.133845991788347,-0.9999999999999923,1,1,-46.37842851444621,0,3,0,2,1,101901.33333333333,36908.0,0,0,0,0,0,0,0,,,,,,,1,1,1,0,0,0
003-2025-s1-stress-native,V31_2025_DEVELOPMENT_REUSE,DEVELOPMENT_REUSE_DATA,2025_S1,STRESS,NATIVE_NORMAL_EXECUTION,10000.0,9949.175428085693,-50.824571914307384,9.514724201886851,-60.339296116194234,0.15768702676883284,-16.941523971435796,-0.6780989864766207,-0.6780989864766207,-16.941523971435796,3,True,1,2,0,33.33333333333333,9.514724201886851,-30.169648058097117,0.3153740535376657,9.514724201886851,-33.00639658848628,50.824571914306944,0.5082457191430695,-8.879862397229477,-1.0000000000000087,1,1,-50.824571914307384,0,3,0,2,1,101901.33333333333,36908.0,0,0,0,0,0,0,0,,,,,,,1,1,1,0,0,0
004-2025-s2-normal-native,V31_2025_DEVELOPMENT_REUSE,DEVELOPMENT_REUSE_DATA,2025_S2,NORMAL,NATIVE_NORMAL_EXECUTION,10000.0,10000.0,0,0,0,,,,,,0,True,0,0,0,,,,,,,0.0,0.0,0.0,,0,0,0,0,0,0,0,0,,,0,0,0,0,0,0,0,,,,,,,0,0,0,0,0,0
005-2025-s2-high-native,V31_2025_DEVELOPMENT_REUSE,DEVELOPMENT_REUSE_DATA,2025_S2,HIGH,NATIVE_NORMAL_EXECUTION,10000.0,10000.0,0,0,0,,,,,,0,True,0,0,0,,,,,,,0.0,0.0,0.0,,0,0,0,0,0,0,0,0,,,0,0,0,0,0,0,0,,,,,,,0,0,0,0,0,0
006-2025-s2-stress-native,V31_2025_DEVELOPMENT_REUSE,DEVELOPMENT_REUSE_DATA,2025_S2,STRESS,NATIVE_NORMAL_EXECUTION,10000.0,10000.0,0,0,0,,,,,,0,True,0,0,0,,,,,,,0.0,0.0,0.0,,0,0,0,0,0,0,0,0,,,0,0,0,0,0,0,0,,,,,,,0,0,0,0,0,0
007-2025-s3-normal-native,V31_2025_DEVELOPMENT_REUSE,DEVELOPMENT_REUSE_DATA,2025_S3,NORMAL,NATIVE_NORMAL_EXECUTION,10000.0,9933.956007045717,-66.04399295428468,332.4645458285133,-398.508538782798,0.8342720756849802,-2.540153575164795,-0.09927050283878519,-0.09927050283878519,-2.540153575164795,26,False,8,18,0,30.76923076923077,41.55806822856416,-22.139363265710998,1.8771121702912055,105.78825971886131,-35.13709797225777,237.92391583028984,2.340581194657148,-1.7208593533478922,-0.2775845073153284,2,5,15.160810593260122,-81.2048035475448,14,12,12,14,71282.38461538461,43200.0,3,0,0,0,0,0,0,,,,,,,12,5,3,3,2,1
008-2025-s3-high-native,V31_2025_DEVELOPMENT_REUSE,DEVELOPMENT_REUSE_DATA,2025_S3,HIGH,NATIVE_NORMAL_EXECUTION,10000.0,9910.04690707528,-89.95309292472493,324.44519047899337,-414.3982834037183,0.7829308263878831,-3.459734343258651,-0.13635141677945278,-0.13635141677945278,-3.459734343258651,26,False,7,19,0,26.923076923076923,46.34931292557048,-21.810435968616755,2.12509795733854,105.04148120419728,-36.51311501087711,255.037940762777,2.510052330095129,-2.3392932943267386,-0.35270474916669203,2,10,0.5162378254328879,-90.46933075015782,14,12,12,14,71282.38461538461,43200.0,3,0,0,0,0,0,0,,,,,,,12,5,3,3,2,1
009-2025-s3-stress-native,V31_2025_DEVELOPMENT_REUSE,DEVELOPMENT_REUSE_DATA,2025_S3,STRESS,NATIVE_NORMAL_EXECUTION,10000.0,9886.192741391058,-113.80725860894127,316.4597095238133,-430.2669681327545,0.7354961755422806,-4.377202254190049,-0.1734323307201204,-0.1734323307201204,-4.377202254190049,26,False,7,19,0,26.923076923076923,45.208529931973324,-22.64562990172392,1.9963467621861901,104.29474790021499,-37.88493963635338,272.1086677924286,2.679247025732695,-2.953902784480056,-0.41824194551478355,2,10,-14.098054417153067,-99.7092041917882,14,12,12,14,71282.38461538461,43200.0,3,0,0,0,0,0,0,,,,,,,12,5,3,3,2,1
010-2025-s4-normal-native,V31_2025_DEVELOPMENT_REUSE,DEVELOPMENT_REUSE_DATA,2025_S4,NORMAL,NATIVE_NORMAL_EXECUTION,10000.0,10032.284972075146,32.28497207514658,335.43128363034003,-303.14631155519345,1.1064996367909576,1.2913988830058631,0.05343171120829959,0.05343171120829959,1.2913988830058631,25,True,11,14,0,44.0,30.49375305730364,-21.653307968228102,1.4082722650066735,76.10993657505286,-26.558416152673527,122.40355688826276,1.2053895748662389,0.9312986853803995,0.26375844702469076,2,4,92.2063312007372,-59.92135912559062,14,11,9,16,107800.24,75603.0,0,0,0,0,0,0,0,235.7441610849134,235.7441610849134,235.7441610849134,436.1784363178435,235.7441610849134,100.00000000000009,11,10,1,1,1,1
011-2025-s4-high-native,V31_2025_DEVELOPMENT_REUSE,DEVELOPMENT_REUSE_DATA,2025_S4,HIGH,NATIVE_NORMAL_EXECUTION,10000.0,9994.005155879388,-5.994844120612007,311.8410057095473,-317.8358498301593,0.9811385527346413,-0.23979376482448028,-0.007786427464143002,-0.007786427464143002,-0.23979376482448028,25,True,11,14,0,44.0,28.34918233723157,-22.702560702154237,1.2487217943895434,73.93234672304439,-27.691599239066825,148.2273571617934,1.4614864821053777,-0.1723089666550215,-0.040443574218681534,2,4,66.70363832742156,-72.69848244803356,14,11,9,16,107800.24,75603.0,0,0,0,0,0,0,0,,,,,,,11,10,1,1,1,1
012-2025-s4-stress-native,V31_2025_DEVELOPMENT_REUSE,DEVELOPMENT_REUSE_DATA,2025_S4,STRESS,NATIVE_NORMAL_EXECUTION,10000.0,9955.864104409766,-44.13589559023562,288.32840800098575,-332.4643035912214,0.8672462122595196,-1.7654358236094247,-0.06900456613658558,-0.06900456613658558,-1.7654358236094247,25,True,11,14,0,44.0,26.21167345463507,-23.747450256515812,1.103767906512116,71.75475687103594,-28.82157730677961,182.48830619782711,1.7999799060732253,-1.2640576543514137,-0.24185602085861843,2,4,41.30615762063108,-85.4420532108667,14,11,9,16,107800.24,75603.0,0,0,0,0,0,0,0,,,,,,,11,10,1,1,1,1
013-2026-p1-normal-native,V31_2026_PRESEAL_DEVELOPMENT,DESIGN_AND_OPERATIONAL_FEASIBILITY_DATA,2026_P1,NORMAL,NATIVE_NORMAL_EXECUTION,10000.0,10118.919999303864,118.91999930386484,321.609417535941,-202.68941823207618,1.5867104476450928,6.995294076697932,0.2814904094531972,0.2814904094531972,6.995294076697932,17,False,6,11,0,35.294117647058826,53.6015695893235,-18.42631074837056,2.9089691540160034,115.53334452271217,-28.849433389410436,119.58063044428127,1.1958063044428127,5.336271744927212,0.9944754335383418,2,6,-5.864564302076442,124.78456360594129,7,10,3,14,98542.0,72071.0,2,0,0,0,0,0,0,97.15215707956818,97.15215707956818,75.7306549948188,171.04980741389653,76.69159194837361,100.0,8,4,2,1,0,2
014-2026-p1-high-native,V31_2026_PRESEAL_DEVELOPMENT,DESIGN_AND_OPERATIONAL_FEASIBILITY_DATA,2026_P1,HIGH,NATIVE_NORMAL_EXECUTION,10000.0,10093.766764760197,93.76676476020106,313.3781681573777,-219.61140339717662,1.4269667390204681,5.515692044717709,0.22292780276266624,0.22292780276266624,5.515692044717709,17,False,6,11,0,35.294117647058826,52.22969469289628,-19.964673036106966,2.6161056882041915,114.3525734103941,-34.37257154966055,133.27664222980638,1.332766422298064,4.189655141950399,0.7035498733418029,2,6,-14.869792956207121,108.63655771640818,7,10,3,14,98542.0,72071.0,2,0,0,0,0,0,0,121.9542699407825,121.9542699407825,94.12651370095087,209.7293360669211,90.73608894939963,100.00000000000003,8,4,2,1,0,2
015-2026-p1-stress-native,V31_2026_PRESEAL_DEVELOPMENT,DESIGN_AND_OPERATIONAL_FEASIBILITY_DATA,2026_P1,STRESS,NATIVE_NORMAL_EXECUTION,10000.0,10068.670342540818,68.67034254081351,305.1694569542792,-236.49911441346572,1.2903619436847396,4.0394319141655,0.1643651960721352,0.1643651960721352,4.0394319141655,17,False,6,11,0,35.294117647058826,50.861576159046535,-21.499919492133248,2.3656635634220224,113.17480583745521,-39.889813899135355,146.95784613528485,1.4695784613528484,3.0552626723839182,0.4672791847915198,2,6,-23.851095457848608,92.52143799866212,7,10,3,14,98542.0,72071.0,2,0,0,0,0,0,0,164.80885583203687,164.80885583203687,125.91285996437259,276.57076837850076,115.01969651353951,100.00000000000003,8,4,2,1,0,2
016-2026-p2-normal-native,V31_2026_PRESEAL_DEVELOPMENT,DESIGN_AND_OPERATIONAL_FEASIBILITY_DATA,2026_P2,NORMAL,NATIVE_NORMAL_EXECUTION,10000.0,9846.804506598815,-153.19549340118797,176.32219363028278,-329.51768703147076,0.5350917433862755,-8.062920705325682,-0.322519686441748,-0.322519686441748,-8.062920705325682,19,False,4,15,0,21.052631578947366,44.080548407570696,-21.96784580209805,2.006594037698533,106.96171614961264,-38.35030131307075,185.19202078482886,1.8519202078482886,-6.563718773997385,-0.8272251296354877,2,9,-120.97393742656902,-32.22155597461897,6,13,11,8,87983.63157894737,46800.0,0,0,0,0,0,0,0,,,,,,,10,5,2,0,0,2
017-2026-p2-high-native,V31_2026_PRESEAL_DEVELOPMENT,DESIGN_AND_OPERATIONAL_FEASIBILITY_DATA,2026_P2,HIGH,NATIVE_NORMAL_EXECUTION,10000.0,9819.000072971487,-180.99992702851446,167.94075141568857,-348.940678444203,0.48128739866178416,-9.526311948869182,-0.3820422746580279,-0.3820422746580279,-9.526311948869182,19,False,4,15,0,21.052631578947366,41.98518785392214,-23.2627118962802,1.8048277449816905,104.33733275012497,-39.80093527108372,209.67829538739716,2.0967829538739715,-7.718409022726225,-0.8632268146500469,2,9,-129.90494957345638,-51.09497745505807,6,13,11,8,87983.63157894737,46800.0,0,0,0,0,0,0,0,,,,,,,10,5,2,0,0,2
018-2026-p2-stress-native,V31_2026_PRESEAL_DEVELOPMENT,DESIGN_AND_OPERATIONAL_FEASIBILITY_DATA,2026_P2,STRESS,NATIVE_NORMAL_EXECUTION,10000.0,9791.26952906075,-208.73047093925072,159.66604172266713,-368.3965126619179,0.4334081247647278,-10.985814259960565,-0.44156486287430785,-0.44156486287430785,-10.985814259960565,19,False,3,16,0,15.789473684210526,53.22201390755571,-23.024782041369868,2.311509998745215,101.71828908981482,-41.24894250527963,234.10752467998827,2.3410752467998828,-8.859018738407665,-0.8916008625719034,1,9,-138.81764177440277,-69.91282916484798,6,13,11,8,87983.63157894737,46800.0,0,0,0,0,0,0,0,,,,,,,10,5,2,0,0,2
019-2026-p3-normal-native,V31_2026_PRESEAL_DEVELOPMENT,DESIGN_AND_OPERATIONAL_FEASIBILITY_DATA,2026_P3,NORMAL,NATIVE_NORMAL_EXECUTION,10000.0,9874.779767760265,-125.22023223973616,0,-125.22023223973616,0.0,-25.04404644794723,-1.00681182265444,-1.00681182265444,-25.04404644794723,5,True,0,5,0,0.0,,-25.04404644794723,,-21.869658119658123,-26.153487295998247,125.2202322397352,1.252202322397352,-13.788586275513403,-1.0000000000000078,0,5,-26.153487295998247,-99.06674494373792,1,4,4,1,61973.2,12372.0,0,0,2,0,0,0,2,,,,,,,4,0,0,0,1,0
020-2026-p3-high-native,V31_2026_PRESEAL_DEVELOPMENT,DESIGN_AND_OPERATIONAL_FEASIBILITY_DATA,2026_P3,HIGH,NATIVE_NORMAL_EXECUTION,10000.0,9867.218746442924,-132.78125355707704,0,-132.78125355707704,0.0,-26.55625071141541,-1.0679316153050884,-1.0679316153050884,-26.55625071141541,5,True,0,5,0,0.0,,-26.55625071141541,,-23.434829059829063,-27.870285061072195,132.78125355707562,1.3278125355707562,-14.56261728222592,-1.0000000000000107,0,5,-27.870285061072195,-104.91096849600484,1,4,4,1,61973.2,12372.0,0,0,2,0,0,0,2,,,,,,,4,0,0,0,1,0
021-2026-p3-stress-native,V31_2026_PRESEAL_DEVELOPMENT,DESIGN_AND_OPERATIONAL_FEASIBILITY_DATA,2026_P3,STRESS,NATIVE_NORMAL_EXECUTION,10000.0,9859.662345982591,-140.33765401740777,0,-140.33765401740777,0.0,-28.067530803481553,-1.129051407955737,-1.129051407955737,-28.067530803481553,5,True,0,5,0,0.0,,-28.067530803481553,,-25.000000000000007,-29.586019009742177,140.33765401740857,1.4033765401740856,-15.329816967583154,-0.9999999999999943,0,5,-29.586019009742177,-110.75163500766558,1,4,4,1,61973.2,12372.0,0,0,2,0,0,0,2,,,,,,,4,0,0,0,1,0
022-2025-s1-normal-delay200,V31_2025_DEVELOPMENT_REUSE,DEVELOPMENT_REUSE_DATA,2025_S1,NORMAL,FIXED_DELAY_200_MS,10000.0,9957.994297181473,-42.00570281852838,11.888979188268543,-53.89468200679691,0.2205965179786972,-14.00190093950946,-0.560188660416119,-0.560188660416119,-14.00190093950946,3,True,1,2,0,33.33333333333333,11.888979188268543,-26.947341003398456,0.4411930359573944,11.888979188268543,-27.771855010660985,42.005702818527425,0.42005702818527424,-7.394520171176577,-1.0000000000000226,1,1,-42.00570281852838,0,3,0,2,1,101901.33333333333,36908.0,0,0,0,0,0,0,0,,,,,,,1,1,1,0,0,0
023-2025-s1-high-delay200,V31_2025_DEVELOPMENT_REUSE,DEVELOPMENT_REUSE_DATA,2025_S1,HIGH,FIXED_DELAY_200_MS,10000.0,9953.509811135642,-46.49018886435776,10.701460676452012,-57.19164954080977,0.18711578984648553,-15.496729621452587,-0.620138848321995,-0.620138848321995,-15.496729621452587,3,True,1,2,0,33.33333333333333,10.701460676452012,-28.595824770404885,0.37423157969297105,10.701460676452012,-30.46375266524552,46.49018886435806,0.4649018886435806,-8.152668737441193,-0.9999999999999936,1,1,-46.49018886435776,0,3,0,2,1,101901.33333333333,36908.0,0,0,0,0,0,0,0,,,,,,,1,1,1,0,0,0
024-2025-s1-stress-delay200,V31_2025_DEVELOPMENT_REUSE,DEVELOPMENT_REUSE_DATA,2025_S1,STRESS,FIXED_DELAY_200_MS,10000.0,9949.026441177954,-50.97355882204727,9.514581720799137,-60.48814054284641,0.15729664749835617,-16.991186274015757,-0.680089036227871,-0.680089036227871,-16.991186274015757,3,True,1,2,0,33.33333333333333,9.514581720799137,-30.244070271423205,0.31459329499671235,9.514581720799137,-33.15565031983005,50.97355882204647,0.5097355882204647,-8.904761411948547,-1.0000000000000158,1,1,-50.97355882204727,0,3,0,2,1,101901.33333333333,36908.0,0,0,0,0,0,0,0,,,,,,,1,1,1,0,0,0
025-2025-s2-normal-delay200,V31_2025_DEVELOPMENT_REUSE,DEVELOPMENT_REUSE_DATA,2025_S2,NORMAL,FIXED_DELAY_200_MS,10000.0,10000.0,0,0,0,,,,,,0,True,0,0,0,,,,,,,0.0,0.0,0.0,,0,0,0,0,0,0,0,0,,,0,0,0,0,0,0,0,,,,,,,0,0,0,0,0,0
026-2025-s2-high-delay200,V31_2025_DEVELOPMENT_REUSE,DEVELOPMENT_REUSE_DATA,2025_S2,HIGH,FIXED_DELAY_200_MS,10000.0,10000.0,0,0,0,,,,,,0,True,0,0,0,,,,,,,0.0,0.0,0.0,,0,0,0,0,0,0,0,0,,,0,0,0,0,0,0,0,,,,,,,0,0,0,0,0,0
027-2025-s2-stress-delay200,V31_2025_DEVELOPMENT_REUSE,DEVELOPMENT_REUSE_DATA,2025_S2,STRESS,FIXED_DELAY_200_MS,10000.0,10000.0,0,0,0,,,,,,0,True,0,0,0,,,,,,,0.0,0.0,0.0,,0,0,0,0,0,0,0,0,,,0,0,0,0,0,0,0,,,,,,,0,0,0,0,0,0
028-2025-s3-normal-delay200,V31_2025_DEVELOPMENT_REUSE,DEVELOPMENT_REUSE_DATA,2025_S3,NORMAL,FIXED_DELAY_200_MS,10000.0,9933.99497004469,-66.0050299553109,332.46506008924507,-398.47009004455595,0.8343538659377663,-2.5386549982811886,-0.09921031368433582,-0.09921031368433582,-2.5386549982811886,26,False,8,18,0,30.76923076923077,41.558132511155634,-22.137227224697554,1.8772961983599739,105.78825971886131,-35.137235787113326,237.88497917272798,2.3401981545236916,-1.719849564170306,-0.27746615269636143,2,5,15.160222250390456,-81.16525220570136,14,12,12,14,71282.38461538461,43200.0,3,0,0,0,0,0,0,,,,,,,12,5,3,3,2,1
029-2025-s3-high-delay200,V31_2025_DEVELOPMENT_REUSE,DEVELOPMENT_REUSE_DATA,2025_S3,HIGH,FIXED_DELAY_200_MS,10000.0,9910.04280604983,-89.95719395016846,324.4451384102668,-414.40233236043525,0.7829230510413095,-3.459892075006479,-0.1363577700790888,-0.1363577700790888,-3.459892075006479,26,False,7,19,0,26.923076923076923,46.34930548718097,-21.810649071601855,2.1250768528264117,105.04148120419728,-36.51309990083623,255.04203995806347,2.5100926738755467,-2.3393991646669887,-0.3527151600769822,2,10,0.5163040978808296,-90.4734980480493,14,12,12,14,71282.38461538461,43200.0,3,0,0,0,0,0,0,,,,,,,12,5,3,3,2,1
030-2025-s3-stress-delay200,V31_2025_DEVELOPMENT_REUSE,DEVELOPMENT_REUSE_DATA,2025_S3,STRESS,FIXED_DELAY_200_MS,10000.0,9886.14577988961,-113.85422011038911,316.4591368208511,-430.3133569312402,0.735415556416061,-4.379008465784197,-0.1735052264738418,-0.1735052264738418,-4.379008465784197,26,False,7,19,0,26.923076923076923,45.20844811726444,-22.648071417433695,1.9961279388435942,104.29474790021499,-37.884759674896614,272.15561913113925,2.6797093198434085,-2.9551103957066727,-0.4183423457280447,2,10,-14.097245646063136,-99.75697446432596,14,12,12,14,71282.38461538461,43200.0,3,0,0,0,0,0,0,,,,,,,12,5,3,3,2,1
031-2025-s4-normal-delay200,V31_2025_DEVELOPMENT_REUSE,DEVELOPMENT_REUSE_DATA,2025_S4,NORMAL,FIXED_DELAY_200_MS,10000.0,10032.284972075146,32.28497207514658,335.43128363034003,-303.14631155519345,1.1064996367909576,1.2913988830058631,0.05343171120829959,0.05343171120829959,1.2913988830058631,25,True,11,14,0,44.0,30.49375305730364,-21.653307968228102,1.4082722650066735,76.10993657505286,-26.558416152673527,122.40355688826276,1.2053895748662389,0.9312986853803995,0.26375844702469076,2,4,92.2063312007372,-59.92135912559062,14,11,9,16,107800.24,75603.0,0,0,0,0,0,0,0,235.7441610849134,235.7441610849134,235.7441610849134,436.1784363178435,235.7441610849134,100.00000000000009,11,10,1,1,1,1
032-2025-s4-high-delay200,V31_2025_DEVELOPMENT_REUSE,DEVELOPMENT_REUSE_DATA,2025_S4,HIGH,FIXED_DELAY_200_MS,10000.0,9994.005155879388,-5.994844120612007,311.8410057095473,-317.8358498301593,0.9811385527346413,-0.23979376482448028,-0.007786427464143002,-0.007786427464143002,-0.23979376482448028,25,True,11,14,0,44.0,28.34918233723157,-22.702560702154237,1.2487217943895434,73.93234672304439,-27.691599239066825,148.2273571617934,1.4614864821053777,-0.1723089666550215,-0.040443574218681534,2,4,66.70363832742156,-72.69848244803356,14,11,9,16,107800.24,75603.0,0,0,0,0,0,0,0,,,,,,,11,10,1,1,1,1
033-2025-s4-stress-delay200,V31_2025_DEVELOPMENT_REUSE,DEVELOPMENT_REUSE_DATA,2025_S4,STRESS,FIXED_DELAY_200_MS,10000.0,9955.864104409766,-44.13589559023562,288.32840800098575,-332.4643035912214,0.8672462122595196,-1.7654358236094247,-0.06900456613658558,-0.06900456613658558,-1.7654358236094247,25,True,11,14,0,44.0,26.21167345463507,-23.747450256515812,1.103767906512116,71.75475687103594,-28.82157730677961,182.48830619782711,1.7999799060732253,-1.2640576543514137,-0.24185602085861843,2,4,41.30615762063108,-85.4420532108667,14,11,9,16,107800.24,75603.0,0,0,0,0,0,0,0,,,,,,,11,10,1,1,1,1
034-2026-p1-normal-delay200,V31_2026_PRESEAL_DEVELOPMENT,DESIGN_AND_OPERATIONAL_FEASIBILITY_DATA,2026_P1,NORMAL,FIXED_DELAY_200_MS,10000.0,10118.919999303864,118.91999930386484,321.609417535941,-202.68941823207618,1.5867104476450928,6.995294076697932,0.2814904094531972,0.2814904094531972,6.995294076697932,17,False,6,11,0,35.294117647058826,53.6015695893235,-18.42631074837056,2.9089691540160034,115.53334452271217,-28.849433389410436,119.58063044428127,1.1958063044428127,5.336271744927212,0.9944754335383418,2,6,-5.864564302076442,124.78456360594129,7,10,3,14,98542.05882352941,72071.0,2,0,0,0,0,0,0,97.15215707956818,97.15215707956818,75.7306549948188,171.04980741389653,76.69159194837361,100.0,8,4,2,1,0,2
035-2026-p1-high-delay200,V31_2026_PRESEAL_DEVELOPMENT,DESIGN_AND_OPERATIONAL_FEASIBILITY_DATA,2026_P1,HIGH,FIXED_DELAY_200_MS,10000.0,10093.766764760197,93.76676476020106,313.3781681573777,-219.61140339717662,1.4269667390204681,5.515692044717709,0.22292780276266624,0.22292780276266624,5.515692044717709,17,False,6,11,0,35.294117647058826,52.22969469289628,-19.964673036106966,2.6161056882041915,114.3525734103941,-34.37257154966055,133.27664222980638,1.332766422298064,4.189655141950399,0.7035498733418029,2,6,-14.869792956207121,108.63655771640818,7,10,3,14,98542.05882352941,72071.0,2,0,0,0,0,0,0,121.9542699407825,121.9542699407825,94.12651370095087,209.7293360669211,90.73608894939963,100.00000000000003,8,4,2,1,0,2
036-2026-p1-stress-delay200,V31_2026_PRESEAL_DEVELOPMENT,DESIGN_AND_OPERATIONAL_FEASIBILITY_DATA,2026_P1,STRESS,FIXED_DELAY_200_MS,10000.0,10068.670342540818,68.67034254081351,305.1694569542792,-236.49911441346572,1.2903619436847396,4.0394319141655,0.1643651960721352,0.1643651960721352,4.0394319141655,17,False,6,11,0,35.294117647058826,50.861576159046535,-21.499919492133248,2.3656635634220224,113.17480583745521,-39.889813899135355,146.95784613528485,1.4695784613528484,3.0552626723839182,0.4672791847915198,2,6,-23.851095457848608,92.52143799866212,7,10,3,14,98542.05882352941,72071.0,2,0,0,0,0,0,0,164.80885583203687,164.80885583203687,125.91285996437259,276.57076837850076,115.01969651353951,100.00000000000003,8,4,2,1,0,2
037-2026-p2-normal-delay200,V31_2026_PRESEAL_DEVELOPMENT,DESIGN_AND_OPERATIONAL_FEASIBILITY_DATA,2026_P2,NORMAL,FIXED_DELAY_200_MS,10000.0,9846.804506598815,-153.19549340118797,176.32219363028278,-329.51768703147076,0.5350917433862755,-8.062920705325682,-0.322519686441748,-0.322519686441748,-8.062920705325682,19,False,4,15,0,21.052631578947366,44.080548407570696,-21.96784580209805,2.006594037698533,106.96171614961264,-38.35030131307075,185.19202078482886,1.8519202078482886,-6.563718773997385,-0.8272251296354877,2,9,-120.97393742656902,-32.22155597461897,6,13,11,8,87983.63157894737,46800.0,0,0,0,0,0,0,0,,,,,,,10,5,2,0,0,2
038-2026-p2-high-delay200,V31_2026_PRESEAL_DEVELOPMENT,DESIGN_AND_OPERATIONAL_FEASIBILITY_DATA,2026_P2,HIGH,FIXED_DELAY_200_MS,10000.0,9819.000072971487,-180.99992702851446,167.94075141568857,-348.940678444203,0.48128739866178416,-9.526311948869182,-0.3820422746580279,-0.3820422746580279,-9.526311948869182,19,False,4,15,0,21.052631578947366,41.98518785392214,-23.2627118962802,1.8048277449816905,104.33733275012497,-39.80093527108372,209.67829538739716,2.0967829538739715,-7.718409022726225,-0.8632268146500469,2,9,-129.90494957345638,-51.09497745505807,6,13,11,8,87983.63157894737,46800.0,0,0,0,0,0,0,0,,,,,,,10,5,2,0,0,2
039-2026-p2-stress-delay200,V31_2026_PRESEAL_DEVELOPMENT,DESIGN_AND_OPERATIONAL_FEASIBILITY_DATA,2026_P2,STRESS,FIXED_DELAY_200_MS,10000.0,9791.26952906075,-208.73047093925072,159.66604172266713,-368.3965126619179,0.4334081247647278,-10.985814259960565,-0.44156486287430785,-0.44156486287430785,-10.985814259960565,19,False,3,16,0,15.789473684210526,53.22201390755571,-23.024782041369868,2.311509998745215,101.71828908981482,-41.24894250527963,234.10752467998827,2.3410752467998828,-8.859018738407665,-0.8916008625719034,1,9,-138.81764177440277,-69.91282916484798,6,13,11,8,87983.63157894737,46800.0,0,0,0,0,0,0,0,,,,,,,10,5,2,0,0,2
040-2026-p3-normal-delay200,V31_2026_PRESEAL_DEVELOPMENT,DESIGN_AND_OPERATIONAL_FEASIBILITY_DATA,2026_P3,NORMAL,FIXED_DELAY_200_MS,10000.0,9874.779767760265,-125.22023223973616,0,-125.22023223973616,0.0,-25.04404644794723,-1.00681182265444,-1.00681182265444,-25.04404644794723,5,True,0,5,0,0.0,,-25.04404644794723,,-21.869658119658123,-26.153487295998247,125.2202322397352,1.252202322397352,-13.788586275513403,-1.0000000000000078,0,5,-26.153487295998247,-99.06674494373792,1,4,4,1,61973.2,12372.0,0,0,2,0,0,0,2,,,,,,,4,0,0,0,1,0
041-2026-p3-high-delay200,V31_2026_PRESEAL_DEVELOPMENT,DESIGN_AND_OPERATIONAL_FEASIBILITY_DATA,2026_P3,HIGH,FIXED_DELAY_200_MS,10000.0,9867.218746442924,-132.78125355707704,0,-132.78125355707704,0.0,-26.55625071141541,-1.0679316153050884,-1.0679316153050884,-26.55625071141541,5,True,0,5,0,0.0,,-26.55625071141541,,-23.434829059829063,-27.870285061072195,132.78125355707562,1.3278125355707562,-14.56261728222592,-1.0000000000000107,0,5,-27.870285061072195,-104.91096849600484,1,4,4,1,61973.2,12372.0,0,0,2,0,0,0,2,,,,,,,4,0,0,0,1,0
042-2026-p3-stress-delay200,V31_2026_PRESEAL_DEVELOPMENT,DESIGN_AND_OPERATIONAL_FEASIBILITY_DATA,2026_P3,STRESS,FIXED_DELAY_200_MS,10000.0,9859.662345982591,-140.33765401740777,0,-140.33765401740777,0.0,-28.067530803481553,-1.129051407955737,-1.129051407955737,-28.067530803481553,5,True,0,5,0,0.0,,-28.067530803481553,,-25.000000000000007,-29.586019009742177,140.33765401740857,1.4033765401740856,-15.329816967583154,-0.9999999999999943,0,5,-29.586019009742177,-110.75163500766558,1,4,4,1,61973.2,12372.0,0,0,2,0,0,0,2,,,,,,,4,0,0,0,1,0
