schema,time,segment_id,record_type,signal_bar_time,position_identifier,direction,requested_price,actual_price,spread_points,slippage_points,volume,initial_risk_amount,stop_loss,order_ticket,deal_ticket,broker_retcode,exit_reason,fill_confirmed,retest_candle_number,confirmation_timestamp,confirmation_atr
SOLTRADE_PHASE6_V23_TRANSACTION_V1,2025.09.05 12:00:00,2025_S4,ENTRY_ATTEMPT,2025.09.05 11:00:00,0,BUY,1.1684000000,0.0000000000,12,0.0000,0.11000000,23.65000000,1.1662500000,2,2,10009,NONE,NO,1,2025.09.05 11:00:00,0.001074880382
SOLTRADE_PHASE6_V23_TRANSACTION_V1,2025.09.09 11:00:00,2025_S4,EXIT_ATTEMPT,2025.09.09 10:00:00,2,BUY,1.1752000000,0.0000000000,0,0.0000,0.11000000,0,0,3,3,10009,DONCHIAN_10_EXIT,NO,0,NONE,0
SOLTRADE_PHASE6_V23_TRANSACTION_V1,2025.09.09 11:00:00,2025_S4,EXIT_TRANSACTION,NONE,2,BUY,1.1752000000,1.1752000000,0,0.0000,0.11000000,0,0,3,3,10009,DONCHIAN_10_EXIT,YES,0,NONE,0
SOLTRADE_PHASE6_V23_TRANSACTION_V1,2025.09.16 07:00:00,2025_S4,ENTRY_ATTEMPT,2025.09.16 06:00:00,0,BUY,1.1780800000,0.0000000000,12,0.0000,0.12000000,24.84000000,1.1760100000,4,4,10009,NONE,NO,1,2025.09.16 06:00:00,0.001030946522
SOLTRADE_PHASE6_V23_TRANSACTION_V1,2025.09.17 11:00:00,2025_S4,EXIT_ATTEMPT,2025.09.17 10:00:00,4,BUY,1.1839900000,0.0000000000,0,0.0000,0.12000000,0,0,5,5,10009,DONCHIAN_10_EXIT,NO,0,NONE,0
SOLTRADE_PHASE6_V23_TRANSACTION_V1,2025.09.17 11:00:00,2025_S4,EXIT_TRANSACTION,NONE,4,BUY,1.1839900000,1.1839900000,0,0.0000,0.12000000,0,0,5,5,10009,DONCHIAN_10_EXIT,YES,0,NONE,0
SOLTRADE_PHASE6_V23_TRANSACTION_V1,2025.09.19 21:00:00,2025_S4,ENTRY_ATTEMPT,2025.09.19 20:00:00,0,SELL,1.1750200000,0.0000000000,13,0.0000,0.08000000,24.48000000,1.1780800000,6,6,10009,NONE,NO,6,2025.09.19 20:00:00,0.001525287360
SOLTRADE_PHASE6_V23_TRANSACTION_V1,2025.09.22 12:00:00,2025_S4,EXIT_ATTEMPT,2025.09.22 11:00:00,6,SELL,1.1762900000,0.0000000000,0,0.0000,0.08000000,0,0,7,7,10009,DONCHIAN_10_EXIT,NO,0,NONE,0
SOLTRADE_PHASE6_V23_TRANSACTION_V1,2025.09.22 12:00:00,2025_S4,EXIT_TRANSACTION,NONE,6,SELL,1.1762900000,1.1762900000,0,0.0000,0.08000000,0,0,7,7,10009,DONCHIAN_10_EXIT,YES,0,NONE,0
SOLTRADE_PHASE6_V23_TRANSACTION_V1,2025.09.22 15:00:00,2025_S4,ENTRY_ATTEMPT,2025.09.22 14:00:00,0,BUY,1.1779100000,0.0000000000,13,0.0000,0.10000000,24.40000000,1.1754700000,8,8,10009,NONE,NO,2,2025.09.22 14:00:00,0.001217681703
SOLTRADE_PHASE6_V23_TRANSACTION_V1,2025.09.24 10:00:00,2025_S4,EXIT_ATTEMPT,2025.09.24 09:00:00,8,BUY,1.1786800000,0.0000000000,0,0.0000,0.10000000,0,0,9,9,10009,DONCHIAN_10_EXIT,NO,0,NONE,0
SOLTRADE_PHASE6_V23_TRANSACTION_V1,2025.09.24 10:00:00,2025_S4,EXIT_TRANSACTION,NONE,8,BUY,1.1786800000,1.1786800000,0,0.0000,0.10000000,0,0,9,9,10009,DONCHIAN_10_EXIT,YES,0,NONE,0
SOLTRADE_PHASE6_V23_TRANSACTION_V1,2025.10.06 11:00:00,2025_S4,ENTRY_ATTEMPT,2025.10.06 10:00:00,0,SELL,1.1662100000,0.0000000000,12,0.0000,0.08000000,24.00000000,1.1692100000,10,10,10009,NONE,NO,1,2025.10.06 10:00:00,0.001496115753
SOLTRADE_PHASE6_V23_TRANSACTION_V1,2025.10.06 16:03:00,2025_S4,EXIT_TRANSACTION,NONE,10,SELL,0.0000000000,1.1692100000,0,0.0000,0.08000000,0,0,11,11,0,STOP_LOSS_EXIT,YES,0,NONE,0
SOLTRADE_PHASE6_V23_TRANSACTION_V1,2025.10.07 13:00:00,2025_S4,ENTRY_ATTEMPT,2025.10.07 12:00:00,0,SELL,1.1665900000,0.0000000000,12,0.0000,0.10000000,24.70000000,1.1690600000,12,12,10009,NONE,NO,1,2025.10.07 12:00:00,0.001230939058
SOLTRADE_PHASE6_V23_TRANSACTION_V1,2025.10.09 04:00:00,2025_S4,EXIT_ATTEMPT,2025.10.09 03:00:00,12,SELL,1.1637100000,0.0000000000,0,0.0000,0.10000000,0,0,13,13,10009,DONCHIAN_10_EXIT,NO,0,NONE,0
SOLTRADE_PHASE6_V23_TRANSACTION_V1,2025.10.09 04:00:00,2025_S4,EXIT_TRANSACTION,NONE,12,SELL,1.1637100000,1.1637100000,0,0.0000,0.10000000,0,0,13,13,10009,DONCHIAN_10_EXIT,YES,0,NONE,0
SOLTRADE_PHASE6_V23_TRANSACTION_V1,2025.10.13 20:00:00,2025_S4,ENTRY_ATTEMPT,2025.10.13 19:00:00,0,SELL,1.1574800000,0.0000000000,12,0.0000,0.08000000,24.40000000,1.1605300000,14,14,10009,NONE,NO,5,2025.10.13 19:00:00,0.001524257652
SOLTRADE_PHASE6_V23_TRANSACTION_V1,2025.10.14 07:00:00,2025_S4,EXIT_ATTEMPT,2025.10.14 06:00:00,14,SELL,1.1579400000,0.0000000000,0,0.0000,0.08000000,0,0,15,15,10009,DONCHIAN_10_EXIT,NO,0,NONE,0
SOLTRADE_PHASE6_V23_TRANSACTION_V1,2025.10.14 07:00:00,2025_S4,EXIT_TRANSACTION,NONE,14,SELL,1.1579400000,1.1579400000,0,0.0000,0.08000000,0,0,15,15,10009,DONCHIAN_10_EXIT,YES,0,NONE,0
SOLTRADE_PHASE6_V23_TRANSACTION_V1,2025.10.14 13:00:00,2025_S4,ENTRY_ATTEMPT,2025.10.14 12:00:00,0,SELL,1.1554200000,0.0000000000,12,0.0000,0.08000000,22.56000000,1.1582400000,16,16,10009,NONE,NO,2,2025.10.14 12:00:00,0.001408413490
SOLTRADE_PHASE6_V23_TRANSACTION_V1,2025.10.14 16:39:43,2025_S4,EXIT_TRANSACTION,NONE,16,SELL,0.0000000000,1.1583000000,0,0.0000,0.08000000,0,0,17,17,0,STOP_LOSS_EXIT,YES,0,NONE,0
SOLTRADE_PHASE6_V23_TRANSACTION_V1,2025.10.16 20:00:00,2025_S4,ENTRY_ATTEMPT,2025.10.16 19:00:00,0,BUY,1.1677600000,0.0000000000,12,0.0000,0.09000000,23.58000000,1.1651400000,18,18,10009,NONE,NO,2,2025.10.16 19:00:00,0.001306952864
SOLTRADE_PHASE6_V23_TRANSACTION_V1,2025.10.17 14:00:00,2025_S4,EXIT_ATTEMPT,2025.10.17 13:00:00,18,BUY,1.1689100000,0.0000000000,0,0.0000,0.09000000,0,0,19,19,10009,DONCHIAN_10_EXIT,NO,0,NONE,0
SOLTRADE_PHASE6_V23_TRANSACTION_V1,2025.10.17 14:00:00,2025_S4,EXIT_TRANSACTION,NONE,18,BUY,1.1689100000,1.1689100000,0,0.0000,0.09000000,0,0,19,19,10009,DONCHIAN_10_EXIT,YES,0,NONE,0
SOLTRADE_PHASE6_V23_TRANSACTION_V1,2025.10.20 23:00:00,2025_S4,ENTRY_ATTEMPT,2025.10.20 22:00:00,0,SELL,1.1640300000,0.0000000000,12,0.0000,0.11000000,24.20000000,1.1662300000,20,20,10009,NONE,NO,2,2025.10.20 22:00:00,0.001097012147
SOLTRADE_PHASE6_V23_TRANSACTION_V1,2025.10.22 09:00:00,2025_S4,EXIT_ATTEMPT,2025.10.22 08:00:00,20,SELL,1.1614700000,0.0000000000,0,0.0000,0.11000000,0,0,21,21,10009,DONCHIAN_10_EXIT,NO,0,NONE,0
SOLTRADE_PHASE6_V23_TRANSACTION_V1,2025.10.22 09:00:00,2025_S4,EXIT_TRANSACTION,NONE,20,SELL,1.1614700000,1.1614700000,0,0.0000,0.11000000,0,0,21,21,10009,DONCHIAN_10_EXIT,YES,0,NONE,0
SOLTRADE_PHASE6_V23_TRANSACTION_V1,2025.10.22 16:00:00,2025_S4,ENTRY_ATTEMPT,2025.10.22 15:00:00,0,SELL,1.1582500000,0.0000000000,12,0.0000,0.13000000,25.35000000,1.1602000000,22,22,10009,NONE,NO,2,2025.10.22 15:00:00,0.000970219987
SOLTRADE_PHASE6_V23_TRANSACTION_V1,2025.10.22 17:28:58,2025_S4,EXIT_TRANSACTION,NONE,22,SELL,0.0000000000,1.1602300000,0,0.0000,0.13000000,0,0,23,23,0,STOP_LOSS_EXIT,YES,0,NONE,0
SOLTRADE_PHASE6_V23_TRANSACTION_V1,2025.10.23 15:00:00,2025_S4,ENTRY_ATTEMPT,2025.10.23 14:00:00,0,SELL,1.1586600000,0.0000000000,13,0.0000,0.14000000,24.92000000,1.1604400000,24,24,10009,NONE,NO,1,2025.10.23 14:00:00,0.000888195288
SOLTRADE_PHASE6_V23_TRANSACTION_V1,2025.10.23 15:49:59,2025_S4,EXIT_TRANSACTION,NONE,24,SELL,0.0000000000,1.1604400000,0,0.0000,0.14000000,0,0,25,25,0,STOP_LOSS_EXIT,YES,0,NONE,0
SOLTRADE_PHASE6_V23_TRANSACTION_V1,2025.10.28 07:00:02,2025_S4,ENTRY_ATTEMPT,2025.10.28 06:00:00,0,BUY,1.1660700000,0.0000000000,12,0.0000,0.13000000,24.31000000,1.1642000000,26,26,10009,NONE,NO,3,2025.10.28 06:00:00,0.000930178469
SOLTRADE_PHASE6_V23_TRANSACTION_V1,2025.10.28 15:48:15,2025_S4,EXIT_TRANSACTION,NONE,26,BUY,0.0000000000,1.1641900000,0,0.0000,0.13000000,0,0,27,27,0,STOP_LOSS_EXIT,YES,0,NONE,0
SOLTRADE_PHASE6_V23_TRANSACTION_V1,2025.10.30 18:00:00,2025_S4,ENTRY_ATTEMPT,2025.10.30 17:00:00,0,SELL,1.1572600000,0.0000000000,12,0.0000,0.07000000,24.57000000,1.1607700000,28,28,10009,NONE,NO,2,2025.10.30 17:00:00,0.001751519803
SOLTRADE_PHASE6_V23_TRANSACTION_V1,2025.11.04 09:00:00,2025_S4,EXIT_ATTEMPT,2025.11.04 08:00:00,28,SELL,1.1524100000,0.0000000000,0,0.0000,0.07000000,0,0,29,29,10009,DONCHIAN_10_EXIT,NO,0,NONE,0
SOLTRADE_PHASE6_V23_TRANSACTION_V1,2025.11.04 09:00:00,2025_S4,EXIT_TRANSACTION,NONE,28,SELL,1.1524100000,1.1524100000,0,0.0000,0.07000000,0,0,29,29,10009,DONCHIAN_10_EXIT,YES,0,NONE,0
SOLTRADE_PHASE6_V23_TRANSACTION_V1,2025.11.12 20:00:00,2025_S4,ENTRY_ATTEMPT,2025.11.12 19:00:00,0,BUY,1.1593700000,0.0000000000,12,0.0000,0.12000000,24.60000000,1.1573200000,30,30,10009,NONE,NO,2,2025.11.12 19:00:00,0.001021815324
SOLTRADE_PHASE6_V23_TRANSACTION_V1,2025.11.14 13:00:00,2025_S4,EXIT_ATTEMPT,2025.11.14 12:00:00,30,BUY,1.1612700000,0.0000000000,0,0.0000,0.12000000,0,0,31,31,10009,DONCHIAN_10_EXIT,NO,0,NONE,0
SOLTRADE_PHASE6_V23_TRANSACTION_V1,2025.11.14 13:00:00,2025_S4,EXIT_TRANSACTION,NONE,30,BUY,1.1612700000,1.1612700000,0,0.0000,0.12000000,0,0,31,31,10009,DONCHIAN_10_EXIT,YES,0,NONE,0
SOLTRADE_PHASE6_V23_TRANSACTION_V1,2025.11.18 20:00:00,2025_S4,ENTRY_ATTEMPT,2025.11.18 19:00:00,0,SELL,1.1575000000,0.0000000000,12,0.0000,0.11000000,23.43000000,1.1596300000,32,32,10009,NONE,NO,1,2025.11.18 19:00:00,0.001062322316
SOLTRADE_PHASE6_V23_TRANSACTION_V1,2025.11.19 08:00:00,2025_S4,EXIT_ATTEMPT,2025.11.19 07:00:00,32,SELL,1.1589600000,0.0000000000,0,0.0000,0.11000000,0,0,33,33,10009,DONCHIAN_10_EXIT,NO,0,NONE,0
SOLTRADE_PHASE6_V23_TRANSACTION_V1,2025.11.19 08:00:00,2025_S4,EXIT_TRANSACTION,NONE,32,SELL,1.1589600000,1.1589600000,0,0.0000,0.11000000,0,0,33,33,10009,DONCHIAN_10_EXIT,YES,0,NONE,0
SOLTRADE_PHASE6_V23_TRANSACTION_V1,2025.11.21 18:00:00,2025_S4,ENTRY_ATTEMPT,2025.11.21 17:00:00,0,SELL,1.1502200000,0.0000000000,12,0.0000,0.08000000,22.72000000,1.1530600000,34,34,10009,NONE,NO,4,2025.11.21 17:00:00,0.001416375641
SOLTRADE_PHASE6_V23_TRANSACTION_V1,2025.11.24 08:00:00,2025_S4,EXIT_ATTEMPT,2025.11.24 07:00:00,34,SELL,1.1523000000,0.0000000000,0,0.0000,0.08000000,0,0,35,35,10009,DONCHIAN_10_EXIT,NO,0,NONE,0
SOLTRADE_PHASE6_V23_TRANSACTION_V1,2025.11.24 08:00:00,2025_S4,EXIT_TRANSACTION,NONE,34,SELL,1.1523000000,1.1523000000,0,0.0000,0.08000000,0,0,35,35,10009,DONCHIAN_10_EXIT,YES,0,NONE,0
SOLTRADE_PHASE6_V23_TRANSACTION_V1,2025.11.25 17:00:00,2025_S4,ENTRY_ATTEMPT,2025.11.25 16:00:00,0,BUY,1.1567100000,0.0000000000,13,0.0000,0.10000000,24.80000000,1.1542300000,36,36,10009,NONE,NO,1,2025.11.25 16:00:00,0.001236477370
SOLTRADE_PHASE6_V23_TRANSACTION_V1,2025.11.26 16:00:00,2025_S4,EXIT_ATTEMPT,2025.11.26 15:00:00,36,BUY,1.1551600000,0.0000000000,0,0.0000,0.10000000,0,0,37,37,10009,DONCHIAN_10_EXIT,NO,0,NONE,0
SOLTRADE_PHASE6_V23_TRANSACTION_V1,2025.11.26 16:00:00,2025_S4,EXIT_TRANSACTION,NONE,36,BUY,1.1551600000,1.1551600000,0,0.0000,0.10000000,0,0,37,37,10009,DONCHIAN_10_EXIT,YES,0,NONE,0
SOLTRADE_PHASE6_V23_TRANSACTION_V1,2025.11.27 03:00:00,2025_S4,ENTRY_ATTEMPT,2025.11.27 02:00:00,0,BUY,1.1602800000,0.0000000000,12,0.0000,0.10000000,23.50000000,1.1579300000,38,38,10009,NONE,NO,1,2025.11.27 02:00:00,0.001173429721
SOLTRADE_PHASE6_V23_TRANSACTION_V1,2025.11.27 11:18:12,2025_S4,EXIT_TRANSACTION,NONE,38,BUY,0.0000000000,1.1579300000,0,0.0000,0.10000000,0,0,39,39,0,STOP_LOSS_EXIT,YES,0,NONE,0
SOLTRADE_PHASE6_V23_TRANSACTION_V1,2025.11.28 20:00:00,2025_S4,ENTRY_ATTEMPT,2025.11.28 19:00:00,0,BUY,1.1603400000,0.0000000000,12,0.0000,0.09000000,23.04000000,1.1577800000,40,40,10009,NONE,NO,2,2025.11.28 19:00:00,0.001279093637
SOLTRADE_PHASE6_V23_TRANSACTION_V1,2025.12.01 22:00:01,2025_S4,EXIT_ATTEMPT,2025.12.01 21:00:00,40,BUY,1.1608000000,0.0000000000,0,0.0000,0.09000000,0,0,41,41,10009,DONCHIAN_10_EXIT,NO,0,NONE,0
SOLTRADE_PHASE6_V23_TRANSACTION_V1,2025.12.01 22:00:01,2025_S4,EXIT_TRANSACTION,NONE,40,BUY,1.1608000000,1.1608000000,0,0.0000,0.09000000,0,0,41,41,10009,DONCHIAN_10_EXIT,YES,0,NONE,0
SOLTRADE_PHASE6_V23_TRANSACTION_V1,2025.12.03 09:00:00,2025_S4,ENTRY_ATTEMPT,2025.12.03 08:00:00,0,BUY,1.1643700000,0.0000000000,12,0.0000,0.16000000,24.64000000,1.1628300000,42,42,10009,NONE,NO,1,2025.12.03 08:00:00,0.000768273116
SOLTRADE_PHASE6_V23_TRANSACTION_V1,2025.12.04 06:00:03,2025_S4,EXIT_ATTEMPT,2025.12.04 05:00:00,42,BUY,1.1655200000,0.0000000000,0,0.0000,0.16000000,0,0,43,43,10009,DONCHIAN_10_EXIT,NO,0,NONE,0
SOLTRADE_PHASE6_V23_TRANSACTION_V1,2025.12.04 06:00:03,2025_S4,EXIT_TRANSACTION,NONE,42,BUY,1.1655200000,1.1655200000,0,0.0000,0.16000000,0,0,43,43,10009,DONCHIAN_10_EXIT,YES,0,NONE,0
SOLTRADE_PHASE6_V23_TRANSACTION_V1,2025.12.10 11:00:00,2025_S4,ENTRY_ATTEMPT,2025.12.10 10:00:00,0,BUY,1.1653300000,0.0000000000,12,0.0000,0.14000000,24.08000000,1.1636100000,44,44,10009,NONE,NO,1,2025.12.10 10:00:00,0.000859506275
SOLTRADE_PHASE6_V23_TRANSACTION_V1,2025.12.10 11:53:10,2025_S4,EXIT_TRANSACTION,NONE,44,BUY,0.0000000000,1.1636100000,0,0.0000,0.14000000,0,0,45,45,0,STOP_LOSS_EXIT,YES,0,NONE,0
SOLTRADE_PHASE6_V23_TRANSACTION_V1,2025.12.10 22:00:00,2025_S4,ENTRY_ATTEMPT,2025.12.10 21:00:00,0,BUY,1.1677800000,0.0000000000,12,0.0000,0.09000000,22.86000000,1.1652400000,46,46,10009,NONE,NO,2,2025.12.10 21:00:00,0.001268613277
SOLTRADE_PHASE6_V23_TRANSACTION_V1,2025.12.12 11:00:00,2025_S4,EXIT_ATTEMPT,2025.12.12 10:00:00,46,BUY,1.1727400000,0.0000000000,0,0.0000,0.09000000,0,0,47,47,10009,DONCHIAN_10_EXIT,NO,0,NONE,0
SOLTRADE_PHASE6_V23_TRANSACTION_V1,2025.12.12 11:00:00,2025_S4,EXIT_TRANSACTION,NONE,46,BUY,1.1727400000,1.1727400000,0,0.0000,0.09000000,0,0,47,47,10009,DONCHIAN_10_EXIT,YES,0,NONE,0
SOLTRADE_PHASE6_V23_TRANSACTION_V1,2025.12.15 17:00:00,2025_S4,ENTRY_ATTEMPT,2025.12.15 16:00:00,0,BUY,1.1764300000,0.0000000000,12,0.0000,0.11000000,23.32000000,1.1743100000,48,48,10009,NONE,NO,2,2025.12.15 16:00:00,0.001055622597
SOLTRADE_PHASE6_V23_TRANSACTION_V1,2025.12.15 20:16:03,2025_S4,EXIT_TRANSACTION,NONE,48,BUY,0.0000000000,1.1743100000,0,0.0000,0.11000000,0,0,49,49,0,STOP_LOSS_EXIT,YES,0,NONE,0
SOLTRADE_PHASE6_V23_TRANSACTION_V1,2025.12.16 16:00:00,2025_S4,ENTRY_ATTEMPT,2025.12.16 15:00:00,0,BUY,1.1776300000,0.0000000000,13,0.0000,0.10000000,24.20000000,1.1752100000,50,50,10009,NONE,NO,1,2025.12.16 15:00:00,0.001205251298
SOLTRADE_PHASE6_V23_TRANSACTION_V1,2025.12.16 20:19:24,2025_S4,EXIT_TRANSACTION,NONE,50,BUY,0.0000000000,1.1751900000,0,0.0000,0.10000000,0,0,51,51,0,STOP_LOSS_EXIT,YES,0,NONE,0
SOLTRADE_PHASE6_V23_TRANSACTION_V1,2025.12.23 09:00:00,2025_S4,ENTRY_ATTEMPT,2025.12.23 08:00:00,0,BUY,1.1771700000,0.0000000000,12,0.0000,0.14000000,25.06000000,1.1753800000,52,52,10009,NONE,NO,5,2025.12.23 08:00:00,0.000890929462
