sequence,event,timestamp,period,direction,setup_timestamp,frozen_boundary,retest_candle_number,confirmation_timestamp,entry_timestamp,stop_level,exit_timestamp,exit_type,cancellation_reason,setup_to_confirmation_hours,holding_hours
1,SETUP,2026-01-20 12:00:00.000,VALIDATION,BUY,2026-01-20 11:00:00.000,1.1721200000,,,,,,,,,
2,CONFIRMATION,2026-01-20 13:00:00.346,VALIDATION,BUY,2026-01-20 11:00:00.000,1.1721200000,1,2026-01-20 12:00:00.000,,,,,,1.0,
3,ENTRY,2026-01-20 13:00:00.346,VALIDATION,BUY,2026-01-20 11:00:00.000,1.1721200000,1,2026-01-20 12:00:00.000,2026-01-20 13:00:00.346,1.1706103485,,,,,
4,EXIT,2026-01-20 22:00:00.055,VALIDATION,BUY,,,,,2026-01-20 13:00:00.346,1.1706103485,2026-01-20 22:00:00.055,DONCHIAN_10,,,8.999919166666666
5,SETUP,2026-01-22 16:00:00.000,VALIDATION,BUY,2026-01-22 15:00:00.000,1.1710900000,,,,,,,,,
6,CONFIRMATION,2026-01-22 17:00:00.111,VALIDATION,BUY,2026-01-22 15:00:00.000,1.1710900000,1,2026-01-22 16:00:00.000,,,,,,1.0,
7,ENTRY_BLOCK,2026-01-22 17:00:00.111,VALIDATION,BUY,2026-01-22 15:00:00.000,,1,,,,,,SPREAD,,
8,SETUP,2026-01-22 18:00:00.000,VALIDATION,BUY,2026-01-22 17:00:00.000,1.1724800000,,,,,,,,,
9,CANCEL,2026-01-23 00:00:00.329,VALIDATION,BUY,2026-01-22 17:00:00.000,1.1724800000,6,,,,,,EXPIRED_SIX_CANDLES,,
10,SETUP,2026-01-23 00:00:00.000,VALIDATION,BUY,2026-01-22 23:00:00.000,1.1752100000,,,,,,,,,
11,CONFIRMATION,2026-01-23 01:00:00.494,VALIDATION,BUY,2026-01-22 23:00:00.000,1.1752100000,1,2026-01-23 00:00:00.000,,,,,,1.0,
12,ENTRY_BLOCK,2026-01-23 01:00:00.494,VALIDATION,BUY,2026-01-22 23:00:00.000,,1,,,,,,SPREAD,,
13,SETUP,2026-01-23 19:00:00.000,VALIDATION,BUY,2026-01-23 18:00:00.000,1.1760500000,,,,,,,,,
14,CANCEL,2026-01-26 02:00:00.902,VALIDATION,BUY,2026-01-23 18:00:00.000,1.1760500000,6,,,,,,EXPIRED_SIX_CANDLES,,
15,SETUP,2026-01-27 15:00:00.000,VALIDATION,BUY,2026-01-27 14:00:00.000,1.1906200000,,,,,,,,,
16,CANCEL,2026-01-27 21:00:00.618,VALIDATION,BUY,2026-01-27 14:00:00.000,1.1906200000,6,,,,,,EXPIRED_SIX_CANDLES,,
17,SETUP,2026-01-27 23:00:00.000,VALIDATION,BUY,2026-01-27 22:00:00.000,1.1989500000,,,,,,,,,
18,CONFIRMATION,2026-01-28 05:00:00.635,VALIDATION,BUY,2026-01-27 22:00:00.000,1.1989500000,6,2026-01-28 04:00:00.000,,,,,,6.0,
19,ENTRY,2026-01-28 05:00:00.635,VALIDATION,BUY,2026-01-27 22:00:00.000,1.1989500000,6,2026-01-28 04:00:00.000,2026-01-28 05:00:00.635,1.1950605182,,,,,
20,EXIT,2026-01-28 14:00:00.117,VALIDATION,BUY,,,,,2026-01-28 05:00:00.635,1.1950605182,2026-01-28 14:00:00.117,DONCHIAN_10,,,8.99985611111111
21,SETUP,2026-01-30 23:00:00.000,VALIDATION,SELL,2026-01-30 22:00:00.000,1.1854000000,,,,,,,,,
22,CONFIRMATION,2026-02-02 02:00:00.040,VALIDATION,SELL,2026-01-30 22:00:00.000,1.1854000000,2,2026-02-02 01:00:00.000,,,,,,51.0,
23,ENTRY,2026-02-02 02:00:00.040,VALIDATION,SELL,2026-01-30 22:00:00.000,1.1854000000,2,2026-02-02 01:00:00.000,2026-02-02 02:00:00.040,1.1887180145,,,,,
24,EXIT,2026-02-04 07:00:00.328,VALIDATION,SELL,,,,,2026-02-02 02:00:00.040,1.1887180145,2026-02-04 07:00:00.328,DONCHIAN_10,,,53.00008
25,SETUP,2026-02-04 18:00:00.000,VALIDATION,SELL,2026-02-04 17:00:00.000,1.1801900000,,,,,,,,,
26,CONFIRMATION,2026-02-04 19:00:00.187,VALIDATION,SELL,2026-02-04 17:00:00.000,1.1801900000,1,2026-02-04 18:00:00.000,,,,,,1.0,
27,ENTRY,2026-02-04 19:00:00.187,VALIDATION,SELL,2026-02-04 17:00:00.000,1.1801900000,1,2026-02-04 18:00:00.000,2026-02-04 19:00:00.187,1.1831595950,,,,,
28,EXIT,2026-02-05 16:00:00.083,VALIDATION,SELL,,,,,2026-02-04 19:00:00.187,1.1831595950,2026-02-05 16:00:00.083,DONCHIAN_10,,,20.99997111111111
29,SETUP,2026-02-06 00:00:00.000,VALIDATION,SELL,2026-02-05 23:00:00.000,1.1779100000,,,,,,,,,
30,CONFIRMATION,2026-02-06 02:00:00.176,VALIDATION,SELL,2026-02-05 23:00:00.000,1.1779100000,2,2026-02-06 01:00:00.000,,,,,,2.0,
31,ENTRY,2026-02-06 02:00:00.176,VALIDATION,SELL,2026-02-05 23:00:00.000,1.1779100000,2,2026-02-06 01:00:00.000,2026-02-06 02:00:00.176,1.1801500387,,,,,
32,EXIT,2026-02-06 07:16:58.465,VALIDATION,SELL,,,,,2026-02-06 02:00:00.176,1.1801500387,2026-02-06 07:16:58.465,INITIAL_STOP,,,5.282858055555556
33,SETUP,2026-02-09 03:00:00.000,VALIDATION,BUY,2026-02-09 02:00:00.000,1.1825500000,,,,,,,,,
34,CANCEL,2026-02-09 05:00:40.591,VALIDATION,BUY,2026-02-09 02:00:00.000,1.1825500000,2,,,,,,WRONG_EMA_SIDE,,
35,SETUP,2026-02-09 08:00:00.000,VALIDATION,BUY,2026-02-09 07:00:00.000,1.1832400000,,,,,,,,,
36,CANCEL,2026-02-09 14:00:00.194,VALIDATION,BUY,2026-02-09 07:00:00.000,1.1832400000,6,,,,,,EXPIRED_SIX_CANDLES,,
37,SETUP,2026-02-09 15:00:00.000,VALIDATION,BUY,2026-02-09 14:00:00.000,1.1871400000,,,,,,,,,
38,CANCEL,2026-02-09 21:00:00.369,VALIDATION,BUY,2026-02-09 14:00:00.000,1.1871400000,6,,,,,,EXPIRED_SIX_CANDLES,,
39,SETUP,2026-02-13 09:00:00.000,VALIDATION,SELL,2026-02-13 08:00:00.000,1.1855700000,,,,,,,,,
40,CANCEL,2026-02-13 11:00:00.167,VALIDATION,SELL,2026-02-13 08:00:00.000,1.1855700000,2,,,,,,WRONG_EMA_SIDE,,
41,SETUP,2026-02-17 03:00:00.000,VALIDATION,SELL,2026-02-17 02:00:00.000,1.1844000000,,,,,,,,,
42,CONFIRMATION,2026-02-17 04:00:00.156,VALIDATION,SELL,2026-02-17 02:00:00.000,1.1844000000,1,2026-02-17 03:00:00.000,,,,,,1.0,
43,ENTRY_BLOCK,2026-02-17 04:00:00.156,VALIDATION,SELL,2026-02-17 02:00:00.000,,1,,,,,,SPREAD,,
44,SETUP,2026-02-17 10:00:00.000,VALIDATION,SELL,2026-02-17 09:00:00.000,1.1835100000,,,,,,,,,
45,CONFIRMATION,2026-02-17 14:00:00.176,VALIDATION,SELL,2026-02-17 09:00:00.000,1.1835100000,4,2026-02-17 13:00:00.000,,,,,,4.0,
46,ENTRY_BLOCK,2026-02-17 14:00:00.176,VALIDATION,SELL,2026-02-17 09:00:00.000,,4,,,,,,SPREAD,,
47,SETUP,2026-02-17 16:00:00.000,VALIDATION,SELL,2026-02-17 15:00:00.000,1.1823500000,,,,,,,,,
48,CONFIRMATION,2026-02-17 17:00:00.099,VALIDATION,SELL,2026-02-17 15:00:00.000,1.1823500000,1,2026-02-17 16:00:00.000,,,,,,1.0,
49,ENTRY_BLOCK,2026-02-17 17:00:00.099,VALIDATION,SELL,2026-02-17 15:00:00.000,,1,,,,,,SPREAD,,
50,SETUP,2026-02-17 18:00:00.000,VALIDATION,SELL,2026-02-17 17:00:00.000,1.1815300000,,,,,,,,,
51,CANCEL,2026-02-18 00:00:00.202,VALIDATION,SELL,2026-02-17 17:00:00.000,1.1815300000,6,,,,,,EXPIRED_SIX_CANDLES,,
52,SETUP,2026-02-18 16:00:00.000,VALIDATION,SELL,2026-02-18 15:00:00.000,1.1827800000,,,,,,,,,
53,CANCEL,2026-02-18 22:00:00.130,VALIDATION,SELL,2026-02-18 15:00:00.000,1.1827800000,6,,,,,,EXPIRED_SIX_CANDLES,,
54,SETUP,2026-02-18 22:00:00.000,VALIDATION,SELL,2026-02-18 21:00:00.000,1.1786900000,,,,,,,,,
55,CONFIRMATION,2026-02-18 23:00:00.221,VALIDATION,SELL,2026-02-18 21:00:00.000,1.1786900000,1,2026-02-18 22:00:00.000,,,,,,1.0,
56,ENTRY_BLOCK,2026-02-18 23:00:00.221,VALIDATION,SELL,2026-02-18 21:00:00.000,,1,,,,,,SPREAD,,
57,SETUP,2026-02-19 15:00:00.000,VALIDATION,SELL,2026-02-19 14:00:00.000,1.1776000000,,,,,,,,,
58,CANCEL,2026-02-19 21:00:00.344,VALIDATION,SELL,2026-02-19 14:00:00.000,1.1776000000,6,,,,,,EXPIRED_SIX_CANDLES,,
59,SETUP,2026-02-23 02:00:00.000,VALIDATION,BUY,2026-02-23 01:00:00.000,1.1806900000,,,,,,,,,
60,CANCEL,2026-02-23 07:00:06.120,VALIDATION,BUY,2026-02-23 01:00:00.000,1.1806900000,5,,,,,,WRONG_EMA_SIDE,,
61,SETUP,2026-02-24 07:00:00.000,VALIDATION,SELL,2026-02-24 06:00:00.000,1.1770900000,,,,,,,,,
62,CANCEL,2026-02-24 13:00:00.147,VALIDATION,SELL,2026-02-24 06:00:00.000,1.1770900000,6,,,,,,EXPIRED_SIX_CANDLES,,
63,SETUP,2026-02-26 02:00:00.000,VALIDATION,BUY,2026-02-26 01:00:00.000,1.1813600000,,,,,,,,,
64,CONFIRMATION,2026-02-26 03:00:00.153,VALIDATION,BUY,2026-02-26 01:00:00.000,1.1813600000,1,2026-02-26 02:00:00.000,,,,,,1.0,
65,ENTRY_BLOCK,2026-02-26 03:00:00.153,VALIDATION,BUY,2026-02-26 01:00:00.000,,1,,,,,,SPREAD,,
66,SETUP,2026-02-26 04:00:00.000,VALIDATION,BUY,2026-02-26 03:00:00.000,1.1818500000,,,,,,,,,
67,CONFIRMATION,2026-02-26 08:00:00.185,VALIDATION,BUY,2026-02-26 03:00:00.000,1.1818500000,4,2026-02-26 07:00:00.000,,,,,,4.0,
68,ENTRY_BLOCK,2026-02-26 08:00:00.185,VALIDATION,BUY,2026-02-26 03:00:00.000,,4,,,,,,SPREAD,,
69,SETUP,2026-02-26 20:00:00.000,VALIDATION,SELL,2026-02-26 19:00:00.000,1.1780300000,,,,,,,,,
70,CANCEL,2026-02-27 02:00:00.439,VALIDATION,SELL,2026-02-26 19:00:00.000,1.1780300000,6,,,,,,EXPIRED_SIX_CANDLES,,
71,SETUP,2026-02-27 19:00:00.000,VALIDATION,BUY,2026-02-27 18:00:00.000,1.1821000000,,,,,,,,,
72,CANCEL,2026-03-02 01:00:00.108,VALIDATION,BUY,2026-02-27 18:00:00.000,1.1821000000,5,,,,,,WRONG_EMA_SIDE,,
73,SETUP,2026-03-02 01:00:00.000,VALIDATION,SELL,2026-03-02 00:00:00.000,1.1789400000,,,,,,,,,
74,CONFIRMATION,2026-03-02 05:00:00.076,VALIDATION,SELL,2026-03-02 00:00:00.000,1.1789400000,4,2026-03-02 04:00:00.000,,,,,,4.0,
75,ENTRY,2026-03-02 05:00:00.076,VALIDATION,SELL,2026-03-02 00:00:00.000,1.1789400000,4,2026-03-02 04:00:00.000,2026-03-02 05:00:00.076,1.1820842472,,,,,
76,EXIT,2026-03-04 13:00:00.175,VALIDATION,SELL,,,,,2026-03-02 05:00:00.076,1.1820842472,2026-03-04 13:00:00.175,DONCHIAN_10,,,56.000027499999995
77,SETUP,2026-03-06 15:00:00.000,VALIDATION,SELL,2026-03-06 14:00:00.000,1.1558200000,,,,,,,,,
78,CONFIRMATION,2026-03-06 16:00:00.166,VALIDATION,SELL,2026-03-06 14:00:00.000,1.1558200000,1,2026-03-06 15:00:00.000,,,,,,1.0,
79,ENTRY,2026-03-06 16:00:00.166,VALIDATION,SELL,2026-03-06 14:00:00.000,1.1558200000,1,2026-03-06 15:00:00.000,2026-03-06 16:00:00.166,1.1590377440,,,,,
80,EXIT,2026-03-06 17:02:05.887,VALIDATION,SELL,,,,,2026-03-06 16:00:00.166,1.1590377440,2026-03-06 17:02:05.887,INITIAL_STOP,,,1.0349225
81,SETUP,2026-03-09 02:00:00.000,VALIDATION,SELL,2026-03-09 01:00:00.000,1.1541700000,,,,,,,,,
82,CANCEL,2026-03-09 08:00:00.139,VALIDATION,SELL,2026-03-09 01:00:00.000,1.1541700000,6,,,,,,EXPIRED_SIX_CANDLES,,
83,SETUP,2026-03-10 11:00:00.000,VALIDATION,BUY,2026-03-10 10:00:00.000,1.1644900000,,,,,,,,,
84,CANCEL,2026-03-10 12:00:00.210,VALIDATION,BUY,2026-03-10 10:00:00.000,1.1644900000,1,,,,,,WRONG_EMA_SIDE,,
85,SETUP,2026-03-11 13:00:00.000,VALIDATION,SELL,2026-03-11 12:00:00.000,1.1602300000,,,,,,,,,
86,CONFIRMATION,2026-03-11 15:00:00.403,VALIDATION,SELL,2026-03-11 12:00:00.000,1.1602300000,2,2026-03-11 14:00:00.000,,,,,,2.0,
87,ENTRY,2026-03-11 15:00:00.403,VALIDATION,SELL,2026-03-11 12:00:00.000,1.1602300000,2,2026-03-11 14:00:00.000,2026-03-11 15:00:00.403,1.1627453486,,,,,
88,EXIT,2026-03-12 13:00:00.355,VALIDATION,SELL,,,,,2026-03-11 15:00:00.403,1.1627453486,2026-03-12 13:00:00.355,DONCHIAN_10,,,21.99998666666667
89,SETUP,2026-03-12 17:00:00.000,VALIDATION,SELL,2026-03-12 16:00:00.000,1.1531400000,,,,,,,,,
90,CONFIRMATION,2026-03-12 18:00:00.274,VALIDATION,SELL,2026-03-12 16:00:00.000,1.1531400000,1,2026-03-12 17:00:00.000,,,,,,1.0,
91,ENTRY,2026-03-12 18:00:00.274,VALIDATION,SELL,2026-03-12 16:00:00.000,1.1531400000,1,2026-03-12 17:00:00.000,2026-03-12 18:00:00.274,1.1552032767,,,,,
92,EXIT,2026-03-16 14:00:00.132,VALIDATION,SELL,,,,,2026-03-12 18:00:00.274,1.1552032767,2026-03-16 14:00:00.132,DONCHIAN_10,,,91.99996055555556
93,SETUP,2026-03-18 16:00:00.000,VALIDATION,SELL,2026-03-18 15:00:00.000,1.1517400000,,,,,,,,,
94,CONFIRMATION,2026-03-18 18:00:00.309,VALIDATION,SELL,2026-03-18 15:00:00.000,1.1517400000,2,2026-03-18 17:00:00.000,,,,,,2.0,
95,ENTRY,2026-03-18 18:00:00.309,VALIDATION,SELL,2026-03-18 15:00:00.000,1.1517400000,2,2026-03-18 17:00:00.000,2026-03-18 18:00:00.309,1.1548310662,,,,,
96,EXIT,2026-03-19 17:00:00.274,VALIDATION,SELL,,,,,2026-03-18 18:00:00.309,1.1548310662,2026-03-19 17:00:00.274,DONCHIAN_10,,,22.999990277777776
97,SETUP,2026-03-19 21:00:00.000,VALIDATION,BUY,2026-03-19 20:00:00.000,1.1538200000,,,,,,,,,
98,CANCEL,2026-03-20 03:00:00.208,VALIDATION,BUY,2026-03-19 20:00:00.000,1.1538200000,6,,,,,,EXPIRED_SIX_CANDLES,,
99,SETUP,2026-03-20 18:00:00.000,VALIDATION,SELL,2026-03-20 17:00:00.000,1.1534500000,,,,,,,,,
100,CANCEL,2026-03-20 19:00:00.348,VALIDATION,SELL,2026-03-20 17:00:00.000,1.1534500000,1,,,,,,WRONG_EMA_SIDE,,
101,SETUP,2026-03-23 13:00:00.000,VALIDATION,SELL,2026-03-23 12:00:00.000,1.1519800000,,,,,,,,,
102,CANCEL,2026-03-23 15:00:00.206,VALIDATION,SELL,2026-03-23 12:00:00.000,1.1519800000,2,,,,,,WRONG_EMA_SIDE,,
103,SETUP,2026-03-26 15:00:00.000,VALIDATION,SELL,2026-03-26 14:00:00.000,1.1546900000,,,,,,,,,
104,CONFIRMATION,2026-03-26 17:00:00.239,VALIDATION,SELL,2026-03-26 14:00:00.000,1.1546900000,2,2026-03-26 16:00:00.000,,,,,,2.0,
105,ENTRY,2026-03-26 17:00:00.239,VALIDATION,SELL,2026-03-26 14:00:00.000,1.1546900000,2,2026-03-26 16:00:00.000,2026-03-26 17:00:00.239,1.1571643411,,,,,
106,EXIT,2026-03-31 04:00:00.803,VALIDATION,SELL,,,,,2026-03-26 17:00:00.239,1.1571643411,2026-03-31 04:00:00.803,DONCHIAN_10,,,107.00015666666667
107,SETUP,2026-03-31 17:00:00.000,VALIDATION,BUY,2026-03-31 16:00:00.000,1.1509200000,,,,,,,,,
108,CANCEL,2026-03-31 18:00:00.175,VALIDATION,BUY,2026-03-31 16:00:00.000,1.1509200000,1,,,,,,WRONG_EMA_SIDE,,
109,SETUP,2026-04-01 03:00:00.000,VALIDATION,BUY,2026-04-01 02:00:00.000,1.1562900000,,,,,,,,,
110,CONFIRMATION,2026-04-01 06:00:00.245,VALIDATION,BUY,2026-04-01 02:00:00.000,1.1562900000,3,2026-04-01 05:00:00.000,,,,,,3.0,
111,ENTRY,2026-04-01 06:00:00.245,VALIDATION,BUY,2026-04-01 02:00:00.000,1.1562900000,3,2026-04-01 05:00:00.000,2026-04-01 06:00:00.245,1.1537238005,,,,,
112,EXIT,2026-04-02 05:00:00.170,VALIDATION,BUY,,,,,2026-04-01 06:00:00.245,1.1537238005,2026-04-02 05:00:00.170,DONCHIAN_10,,,22.999979166666666
113,SETUP,2026-04-02 07:00:00.000,VALIDATION,SELL,2026-04-02 06:00:00.000,1.1543300000,,,,,,,,,
114,CANCEL,2026-04-02 13:00:00.142,VALIDATION,SELL,2026-04-02 06:00:00.000,1.1543300000,6,,,,,,EXPIRED_SIX_CANDLES,,
115,SETUP,2026-04-02 14:00:00.000,VALIDATION,SELL,2026-04-02 13:00:00.000,1.1514600000,,,,,,,,,
116,CANCEL,2026-04-02 18:00:00.575,VALIDATION,SELL,2026-04-02 13:00:00.000,1.1514600000,4,,,,,,WRONG_EMA_SIDE,,
117,SETUP,2026-04-03 22:00:00.000,VALIDATION,SELL,2026-04-03 21:00:00.000,1.1516200000,,,,,,,,,
118,CONFIRMATION,2026-04-06 02:00:00.163,VALIDATION,SELL,2026-04-03 21:00:00.000,1.1516200000,3,2026-04-06 01:00:00.000,,,,,,52.0,
119,ENTRY_BLOCK,2026-04-06 02:00:00.163,VALIDATION,SELL,2026-04-03 21:00:00.000,,3,,,,,,SPREAD,,
120,SETUP,2026-04-06 11:00:00.000,VALIDATION,BUY,2026-04-06 10:00:00.000,1.1546200000,,,,,,,,,
121,CONFIRMATION,2026-04-06 14:00:00.394,VALIDATION,BUY,2026-04-06 10:00:00.000,1.1546200000,3,2026-04-06 13:00:00.000,,,,,,3.0,
122,ENTRY,2026-04-06 14:00:00.394,VALIDATION,BUY,2026-04-06 10:00:00.000,1.1546200000,3,2026-04-06 13:00:00.000,2026-04-06 14:00:00.394,1.1522768396,,,,,
123,EXIT,2026-04-07 05:00:00.192,VALIDATION,BUY,,,,,2026-04-06 14:00:00.394,1.1522768396,2026-04-07 05:00:00.192,DONCHIAN_10,,,14.99994388888889
124,SETUP,2026-04-07 12:00:00.000,VALIDATION,BUY,2026-04-07 11:00:00.000,1.1571000000,,,,,,,,,
125,CONFIRMATION,2026-04-07 18:00:00.351,VALIDATION,BUY,2026-04-07 11:00:00.000,1.1571000000,6,2026-04-07 17:00:00.000,,,,,,6.0,
126,ENTRY,2026-04-07 18:00:00.351,VALIDATION,BUY,2026-04-07 11:00:00.000,1.1571000000,6,2026-04-07 17:00:00.000,2026-04-07 18:00:00.351,1.1546031677,,,,,
127,EXIT,2026-04-08 22:00:00.097,VALIDATION,BUY,,,,,2026-04-07 18:00:00.351,1.1546031677,2026-04-08 22:00:00.097,DONCHIAN_10,,,27.999929444444444
128,SETUP,2026-04-09 19:00:00.000,PROPOSED_OOS,BUY,2026-04-09 18:00:00.000,1.1694600000,,,,,,,,,
129,CONFIRMATION,2026-04-10 01:00:00.352,PROPOSED_OOS,BUY,2026-04-09 18:00:00.000,1.1694600000,6,2026-04-10 00:00:00.000,,,,,,6.0,
130,ENTRY_BLOCK,2026-04-10 01:00:00.352,PROPOSED_OOS,BUY,2026-04-09 18:00:00.000,,6,,,,,,SPREAD,,
131,SETUP,2026-04-10 17:00:00.000,PROPOSED_OOS,BUY,2026-04-10 16:00:00.000,1.1725100000,,,,,,,,,
132,CONFIRMATION,2026-04-10 18:00:00.109,PROPOSED_OOS,BUY,2026-04-10 16:00:00.000,1.1725100000,1,2026-04-10 17:00:00.000,,,,,,1.0,
133,ENTRY,2026-04-10 18:00:00.109,PROPOSED_OOS,BUY,2026-04-10 16:00:00.000,1.1725100000,1,2026-04-10 17:00:00.000,2026-04-10 18:00:00.109,1.1703597978,,,,,
134,EXIT,2026-04-13 00:00:05.184,PROPOSED_OOS,BUY,,,,,2026-04-10 18:00:00.109,1.1703597978,2026-04-13 00:00:05.184,INITIAL_STOP,,,54.00140972222223
135,SETUP,2026-04-13 21:00:00.000,PROPOSED_OOS,BUY,2026-04-13 20:00:00.000,1.1730700000,,,,,,,,,
136,CANCEL,2026-04-14 03:00:00.192,PROPOSED_OOS,BUY,2026-04-13 20:00:00.000,1.1730700000,6,,,,,,EXPIRED_SIX_CANDLES,,
137,SETUP,2026-04-14 03:00:00.000,PROPOSED_OOS,BUY,2026-04-14 02:00:00.000,1.1764800000,,,,,,,,,
138,CONFIRMATION,2026-04-14 04:00:00.168,PROPOSED_OOS,BUY,2026-04-14 02:00:00.000,1.1764800000,1,2026-04-14 03:00:00.000,,,,,,1.0,
139,ENTRY_BLOCK,2026-04-14 04:00:00.168,PROPOSED_OOS,BUY,2026-04-14 02:00:00.000,,1,,,,,,SPREAD,,
140,SETUP,2026-04-14 10:00:00.000,PROPOSED_OOS,BUY,2026-04-14 09:00:00.000,1.1769300000,,,,,,,,,
141,CANCEL,2026-04-14 16:00:00.010,PROPOSED_OOS,BUY,2026-04-14 09:00:00.000,1.1769300000,6,,,,,,EXPIRED_SIX_CANDLES,,
142,SETUP,2026-04-14 18:00:00.000,PROPOSED_OOS,BUY,2026-04-14 17:00:00.000,1.1807100000,,,,,,,,,
143,CANCEL,2026-04-15 00:00:00.040,PROPOSED_OOS,BUY,2026-04-14 17:00:00.000,1.1807100000,6,,,,,,EXPIRED_SIX_CANDLES,,
144,SETUP,2026-04-16 06:00:00.000,PROPOSED_OOS,BUY,2026-04-16 05:00:00.000,1.1808500000,,,,,,,,,
145,CONFIRMATION,2026-04-16 08:00:00.121,PROPOSED_OOS,BUY,2026-04-16 05:00:00.000,1.1808500000,2,2026-04-16 07:00:00.000,,,,,,2.0,
146,ENTRY_BLOCK,2026-04-16 08:00:00.121,PROPOSED_OOS,BUY,2026-04-16 05:00:00.000,,2,,,,,,SPREAD,,
147,SETUP,2026-04-17 12:00:00.000,PROPOSED_OOS,BUY,2026-04-17 11:00:00.000,1.1786700000,,,,,,,,,
148,CANCEL,2026-04-17 18:00:00.598,PROPOSED_OOS,BUY,2026-04-17 11:00:00.000,1.1786700000,6,,,,,,EXPIRED_SIX_CANDLES,,
149,SETUP,2026-04-20 01:00:00.000,PROPOSED_OOS,SELL,2026-04-20 00:00:00.000,1.1759500000,,,,,,,,,
150,CANCEL,2026-04-20 02:00:00.043,PROPOSED_OOS,SELL,2026-04-20 00:00:00.000,1.1759500000,1,,,,,,WRONG_EMA_SIDE,,
151,SETUP,2026-04-20 19:00:00.000,PROPOSED_OOS,BUY,2026-04-20 18:00:00.000,1.1781900000,,,,,,,,,
152,CONFIRMATION,2026-04-20 20:00:00.141,PROPOSED_OOS,BUY,2026-04-20 18:00:00.000,1.1781900000,1,2026-04-20 19:00:00.000,,,,,,1.0,
153,ENTRY,2026-04-20 20:00:00.141,PROPOSED_OOS,BUY,2026-04-20 18:00:00.000,1.1781900000,1,2026-04-20 19:00:00.000,2026-04-20 20:00:00.141,1.1759550745,,,,,
154,EXIT,2026-04-21 07:00:05.175,PROPOSED_OOS,BUY,,,,,2026-04-20 20:00:00.141,1.1759550745,2026-04-21 07:00:05.175,DONCHIAN_10,,,11.001398333333333
155,SETUP,2026-04-22 19:00:00.000,PROPOSED_OOS,SELL,2026-04-22 18:00:00.000,1.1715600000,,,,,,,,,
156,CONFIRMATION,2026-04-22 21:00:00.358,PROPOSED_OOS,SELL,2026-04-22 18:00:00.000,1.1715600000,2,2026-04-22 20:00:00.000,,,,,,2.0,
157,ENTRY,2026-04-22 21:00:00.358,PROPOSED_OOS,SELL,2026-04-22 18:00:00.000,1.1715600000,2,2026-04-22 20:00:00.000,2026-04-22 21:00:00.358,1.1735743535,,,,,
158,EXIT,2026-04-24 11:00:00.148,PROPOSED_OOS,SELL,,,,,2026-04-22 21:00:00.358,1.1735743535,2026-04-24 11:00:00.148,DONCHIAN_10,,,37.99994166666667
159,SETUP,2026-04-27 05:00:00.000,PROPOSED_OOS,BUY,2026-04-27 04:00:00.000,1.1722200000,,,,,,,,,
160,CONFIRMATION,2026-04-27 06:00:00.217,PROPOSED_OOS,BUY,2026-04-27 04:00:00.000,1.1722200000,1,2026-04-27 05:00:00.000,,,,,,1.0,
161,ENTRY_BLOCK,2026-04-27 06:00:00.217,PROPOSED_OOS,BUY,2026-04-27 04:00:00.000,,1,,,,,,SPREAD,,
162,SETUP,2026-04-27 07:00:00.000,PROPOSED_OOS,BUY,2026-04-27 06:00:00.000,1.1727600000,,,,,,,,,
163,CANCEL,2026-04-27 09:00:00.004,PROPOSED_OOS,BUY,2026-04-27 06:00:00.000,1.1727600000,2,,,,,,WRONG_EMA_SIDE,,
164,SETUP,2026-04-27 11:00:00.000,PROPOSED_OOS,BUY,2026-04-27 10:00:00.000,1.1731800000,,,,,,,,,
165,CANCEL,2026-04-27 17:00:00.167,PROPOSED_OOS,BUY,2026-04-27 10:00:00.000,1.1731800000,6,,,,,,EXPIRED_SIX_CANDLES,,
166,SETUP,2026-04-28 05:00:00.000,PROPOSED_OOS,SELL,2026-04-28 04:00:00.000,1.1712800000,,,,,,,,,
167,CONFIRMATION,2026-04-28 06:00:00.320,PROPOSED_OOS,SELL,2026-04-28 04:00:00.000,1.1712800000,1,2026-04-28 05:00:00.000,,,,,,1.0,
168,ENTRY_BLOCK,2026-04-28 06:00:00.320,PROPOSED_OOS,SELL,2026-04-28 04:00:00.000,,1,,,,,,SPREAD,,
169,SETUP,2026-04-28 09:00:00.000,PROPOSED_OOS,SELL,2026-04-28 08:00:00.000,1.1707300000,,,,,,,,,
170,CONFIRMATION,2026-04-28 10:00:00.186,PROPOSED_OOS,SELL,2026-04-28 08:00:00.000,1.1707300000,1,2026-04-28 09:00:00.000,,,,,,1.0,
171,ENTRY_BLOCK,2026-04-28 10:00:00.186,PROPOSED_OOS,SELL,2026-04-28 08:00:00.000,,1,,,,,,SPREAD,,
172,SETUP,2026-04-28 15:00:00.000,PROPOSED_OOS,SELL,2026-04-28 14:00:00.000,1.1685500000,,,,,,,,,
173,CANCEL,2026-04-28 21:00:00.121,PROPOSED_OOS,SELL,2026-04-28 14:00:00.000,1.1685500000,6,,,,,,EXPIRED_SIX_CANDLES,,
174,SETUP,2026-04-29 17:00:00.000,PROPOSED_OOS,SELL,2026-04-29 16:00:00.000,1.1692800000,,,,,,,,,
175,CONFIRMATION,2026-04-29 20:00:00.486,PROPOSED_OOS,SELL,2026-04-29 16:00:00.000,1.1692800000,3,2026-04-29 19:00:00.000,,,,,,3.0,
176,ENTRY_BLOCK,2026-04-29 20:00:00.486,PROPOSED_OOS,SELL,2026-04-29 16:00:00.000,,3,,,,,,SPREAD,,
177,SETUP,2026-04-29 22:00:00.000,PROPOSED_OOS,SELL,2026-04-29 21:00:00.000,1.1679100000,,,,,,,,,
178,CONFIRMATION,2026-04-29 23:00:00.107,PROPOSED_OOS,SELL,2026-04-29 21:00:00.000,1.1679100000,1,2026-04-29 22:00:00.000,,,,,,1.0,
179,ENTRY_BLOCK,2026-04-29 23:00:00.107,PROPOSED_OOS,SELL,2026-04-29 21:00:00.000,,1,,,,,,SPREAD,,
180,SETUP,2026-04-30 08:00:00.000,PROPOSED_OOS,SELL,2026-04-30 07:00:00.000,1.1660600000,,,,,,,,,
181,CONFIRMATION,2026-04-30 09:00:00.137,PROPOSED_OOS,SELL,2026-04-30 07:00:00.000,1.1660600000,1,2026-04-30 08:00:00.000,,,,,,1.0,
182,ENTRY_BLOCK,2026-04-30 09:00:00.137,PROPOSED_OOS,SELL,2026-04-30 07:00:00.000,,1,,,,,,SPREAD,,
183,SETUP,2026-04-30 14:00:00.000,PROPOSED_OOS,BUY,2026-04-30 13:00:00.000,1.1703400000,,,,,,,,,
184,CANCEL,2026-04-30 15:00:00.320,PROPOSED_OOS,BUY,2026-04-30 13:00:00.000,1.1703400000,1,,,,,,WRONG_EMA_SIDE,,
185,SETUP,2026-04-30 18:00:00.000,PROPOSED_OOS,BUY,2026-04-30 17:00:00.000,1.1718900000,,,,,,,,,
186,CANCEL,2026-05-01 00:00:00.148,PROPOSED_OOS,BUY,2026-04-30 17:00:00.000,1.1718900000,6,,,,,,EXPIRED_SIX_CANDLES,,
187,SETUP,2026-05-01 15:00:00.000,PROPOSED_OOS,BUY,2026-05-01 14:00:00.000,1.1747400000,,,,,,,,,
188,CONFIRMATION,2026-05-01 17:00:00.105,PROPOSED_OOS,BUY,2026-05-01 14:00:00.000,1.1747400000,2,2026-05-01 16:00:00.000,,,,,,2.0,
189,ENTRY_BLOCK,2026-05-01 17:00:00.105,PROPOSED_OOS,BUY,2026-05-01 14:00:00.000,,2,,,,,,SPREAD,,
190,SETUP,2026-05-04 14:00:00.000,PROPOSED_OOS,SELL,2026-05-04 13:00:00.000,1.1710700000,,,,,,,,,
191,CONFIRMATION,2026-05-04 16:00:00.100,PROPOSED_OOS,SELL,2026-05-04 13:00:00.000,1.1710700000,2,2026-05-04 15:00:00.000,,,,,,2.0,
192,ENTRY,2026-05-04 16:00:00.100,PROPOSED_OOS,SELL,2026-05-04 13:00:00.000,1.1710700000,2,2026-05-04 15:00:00.000,2026-05-04 16:00:00.100,1.1737146062,,,,,
193,EXIT,2026-05-05 18:00:00.143,PROPOSED_OOS,SELL,,,,,2026-05-04 16:00:00.100,1.1737146062,2026-05-05 18:00:00.143,DONCHIAN_10,,,26.000011944444445
194,SETUP,2026-05-06 03:00:00.000,PROPOSED_OOS,BUY,2026-05-06 02:00:00.000,1.1712900000,,,,,,,,,
195,CONFIRMATION,2026-05-06 04:00:00.161,PROPOSED_OOS,BUY,2026-05-06 02:00:00.000,1.1712900000,1,2026-05-06 03:00:00.000,,,,,,1.0,
196,ENTRY_BLOCK,2026-05-06 04:00:00.161,PROPOSED_OOS,BUY,2026-05-06 02:00:00.000,,1,,,,,,SPREAD,,
197,SETUP,2026-05-06 08:00:00.000,PROPOSED_OOS,BUY,2026-05-06 07:00:00.000,1.1725300000,,,,,,,,,
198,CONFIRMATION,2026-05-06 11:00:00.240,PROPOSED_OOS,BUY,2026-05-06 07:00:00.000,1.1725300000,3,2026-05-06 10:00:00.000,,,,,,3.0,
199,ENTRY_BLOCK,2026-05-06 11:00:00.240,PROPOSED_OOS,BUY,2026-05-06 07:00:00.000,,3,,,,,,SPREAD,,
200,SETUP,2026-05-06 12:00:00.000,PROPOSED_OOS,BUY,2026-05-06 11:00:00.000,1.1742200000,,,,,,,,,
201,CANCEL,2026-05-06 18:00:00.153,PROPOSED_OOS,BUY,2026-05-06 11:00:00.000,1.1742200000,6,,,,,,EXPIRED_SIX_CANDLES,,
202,SETUP,2026-05-07 12:00:00.000,PROPOSED_OOS,BUY,2026-05-07 11:00:00.000,1.1769500000,,,,,,,,,
203,CONFIRMATION,2026-05-07 13:00:00.327,PROPOSED_OOS,BUY,2026-05-07 11:00:00.000,1.1769500000,1,2026-05-07 12:00:00.000,,,,,,1.0,
204,ENTRY_BLOCK,2026-05-07 13:00:00.327,PROPOSED_OOS,BUY,2026-05-07 11:00:00.000,,1,,,,,,SPREAD,,
205,SETUP,2026-05-08 00:00:00.000,PROPOSED_OOS,SELL,2026-05-07 23:00:00.000,1.1732900000,,,,,,,,,
206,CANCEL,2026-05-08 01:00:00.128,PROPOSED_OOS,SELL,2026-05-07 23:00:00.000,1.1732900000,1,,,,,,WRONG_EMA_SIDE,,
207,SETUP,2026-05-08 16:00:00.000,PROPOSED_OOS,BUY,2026-05-08 15:00:00.000,1.1772900000,,,,,,,,,
208,CONFIRMATION,2026-05-08 17:00:00.345,PROPOSED_OOS,BUY,2026-05-08 15:00:00.000,1.1772900000,1,2026-05-08 16:00:00.000,,,,,,1.0,
209,ENTRY_BLOCK,2026-05-08 17:00:00.345,PROPOSED_OOS,BUY,2026-05-08 15:00:00.000,,1,,,,,,SPREAD,,
210,SETUP,2026-05-12 17:00:00.000,PROPOSED_OOS,SELL,2026-05-12 16:00:00.000,1.1734300000,,,,,,,,,
211,CONFIRMATION,2026-05-12 19:00:00.053,PROPOSED_OOS,SELL,2026-05-12 16:00:00.000,1.1734300000,2,2026-05-12 18:00:00.000,,,,,,2.0,
212,ENTRY_BLOCK,2026-05-12 19:00:00.053,PROPOSED_OOS,SELL,2026-05-12 16:00:00.000,,2,,,,,,SPREAD,,
213,SETUP,2026-05-13 10:00:00.000,PROPOSED_OOS,SELL,2026-05-13 09:00:00.000,1.1721200000,,,,,,,,,
214,CONFIRMATION,2026-05-13 11:00:00.298,PROPOSED_OOS,SELL,2026-05-13 09:00:00.000,1.1721200000,1,2026-05-13 10:00:00.000,,,,,,1.0,
215,ENTRY_BLOCK,2026-05-13 11:00:00.298,PROPOSED_OOS,SELL,2026-05-13 09:00:00.000,,1,,,,,,SPREAD,,
216,SETUP,2026-05-13 12:00:00.000,PROPOSED_OOS,SELL,2026-05-13 11:00:00.000,1.1706400000,,,,,,,,,
217,CONFIRMATION,2026-05-13 16:00:00.082,PROPOSED_OOS,SELL,2026-05-13 11:00:00.000,1.1706400000,4,2026-05-13 15:00:00.000,,,,,,4.0,
218,ENTRY_BLOCK,2026-05-13 16:00:00.082,PROPOSED_OOS,SELL,2026-05-13 11:00:00.000,,4,,,,,,SPREAD,,
219,SETUP,2026-05-14 15:00:00.000,PROPOSED_OOS,SELL,2026-05-14 14:00:00.000,1.1702500000,,,,,,,,,
220,CONFIRMATION,2026-05-14 16:00:00.319,PROPOSED_OOS,SELL,2026-05-14 14:00:00.000,1.1702500000,1,2026-05-14 15:00:00.000,,,,,,1.0,
221,ENTRY_BLOCK,2026-05-14 16:00:00.319,PROPOSED_OOS,SELL,2026-05-14 14:00:00.000,,1,,,,,,SPREAD,,
222,SETUP,2026-05-14 17:00:00.000,PROPOSED_OOS,SELL,2026-05-14 16:00:00.000,1.1695600000,,,,,,,,,
223,CONFIRMATION,2026-05-14 18:00:00.292,PROPOSED_OOS,SELL,2026-05-14 16:00:00.000,1.1695600000,1,2026-05-14 17:00:00.000,,,,,,1.0,
224,ENTRY_BLOCK,2026-05-14 18:00:00.292,PROPOSED_OOS,SELL,2026-05-14 16:00:00.000,,1,,,,,,SPREAD,,
225,SETUP,2026-05-14 19:00:00.000,PROPOSED_OOS,SELL,2026-05-14 18:00:00.000,1.1677900000,,,,,,,,,
226,CONFIRMATION,2026-05-14 20:00:00.165,PROPOSED_OOS,SELL,2026-05-14 18:00:00.000,1.1677900000,1,2026-05-14 19:00:00.000,,,,,,1.0,
227,ENTRY_BLOCK,2026-05-14 20:00:00.165,PROPOSED_OOS,SELL,2026-05-14 18:00:00.000,,1,,,,,,SPREAD,,
228,SETUP,2026-05-15 00:00:00.000,PROPOSED_OOS,SELL,2026-05-14 23:00:00.000,1.1667800000,,,,,,,,,
229,CONFIRMATION,2026-05-15 01:00:00.084,PROPOSED_OOS,SELL,2026-05-14 23:00:00.000,1.1667800000,1,2026-05-15 00:00:00.000,,,,,,1.0,
230,ENTRY_BLOCK,2026-05-15 01:00:00.084,PROPOSED_OOS,SELL,2026-05-14 23:00:00.000,,1,,,,,,SPREAD,,
231,SETUP,2026-05-15 05:00:00.000,PROPOSED_OOS,SELL,2026-05-15 04:00:00.000,1.1648500000,,,,,,,,,
232,CONFIRMATION,2026-05-15 08:00:00.040,PROPOSED_OOS,SELL,2026-05-15 04:00:00.000,1.1648500000,3,2026-05-15 07:00:00.000,,,,,,3.0,
233,ENTRY_BLOCK,2026-05-15 08:00:00.040,PROPOSED_OOS,SELL,2026-05-15 04:00:00.000,,3,,,,,,SPREAD,,
234,SETUP,2026-05-15 09:00:00.000,PROPOSED_OOS,SELL,2026-05-15 08:00:00.000,1.1645100000,,,,,,,,,
235,CONFIRMATION,2026-05-15 11:00:00.267,PROPOSED_OOS,SELL,2026-05-15 08:00:00.000,1.1645100000,2,2026-05-15 10:00:00.000,,,,,,2.0,
236,ENTRY_BLOCK,2026-05-15 11:00:00.267,PROPOSED_OOS,SELL,2026-05-15 08:00:00.000,,2,,,,,,SPREAD,,
237,SETUP,2026-05-15 13:00:00.000,PROPOSED_OOS,SELL,2026-05-15 12:00:00.000,1.1629800000,,,,,,,,,
238,CONFIRMATION,2026-05-15 16:00:00.025,PROPOSED_OOS,SELL,2026-05-15 12:00:00.000,1.1629800000,3,2026-05-15 15:00:00.000,,,,,,3.0,
239,ENTRY,2026-05-15 16:00:00.025,PROPOSED_OOS,SELL,2026-05-15 12:00:00.000,1.1629800000,3,2026-05-15 15:00:00.000,2026-05-15 16:00:00.025,1.1650932443,,,,,
240,EXIT,2026-05-18 10:00:00.057,PROPOSED_OOS,SELL,,,,,2026-05-15 16:00:00.025,1.1650932443,2026-05-18 10:00:00.057,DONCHIAN_10,,,66.00000888888889
241,SETUP,2026-05-19 12:00:00.000,PROPOSED_OOS,SELL,2026-05-19 11:00:00.000,1.1628100000,,,,,,,,,
242,CANCEL,2026-05-19 18:00:00.013,PROPOSED_OOS,SELL,2026-05-19 11:00:00.000,1.1628100000,6,,,,,,EXPIRED_SIX_CANDLES,,
243,SETUP,2026-05-19 18:00:00.000,PROPOSED_OOS,SELL,2026-05-19 17:00:00.000,1.1600900000,,,,,,,,,
244,CANCEL,2026-05-20 00:00:00.112,PROPOSED_OOS,SELL,2026-05-19 17:00:00.000,1.1600900000,6,,,,,,EXPIRED_SIX_CANDLES,,
245,SETUP,2026-05-20 12:00:00.000,PROPOSED_OOS,SELL,2026-05-20 11:00:00.000,1.1591200000,,,,,,,,,
246,CONFIRMATION,2026-05-20 13:00:00.178,PROPOSED_OOS,SELL,2026-05-20 11:00:00.000,1.1591200000,1,2026-05-20 12:00:00.000,,,,,,1.0,
247,ENTRY_BLOCK,2026-05-20 13:00:00.178,PROPOSED_OOS,SELL,2026-05-20 11:00:00.000,,1,,,,,,SPREAD,,
248,SETUP,2026-05-26 08:00:00.000,PROPOSED_OOS,SELL,2026-05-26 07:00:00.000,1.1629800000,,,,,,,,,
249,CONFIRMATION,2026-05-26 09:00:00.118,PROPOSED_OOS,SELL,2026-05-26 07:00:00.000,1.1629800000,1,2026-05-26 08:00:00.000,,,,,,1.0,
250,ENTRY_BLOCK,2026-05-26 09:00:00.118,PROPOSED_OOS,SELL,2026-05-26 07:00:00.000,,1,,,,,,SPREAD,,
251,SETUP,2026-05-27 10:00:00.000,PROPOSED_OOS,BUY,2026-05-27 09:00:00.000,1.1644300000,,,,,,,,,
252,CANCEL,2026-05-27 14:00:00.235,PROPOSED_OOS,BUY,2026-05-27 09:00:00.000,1.1644300000,4,,,,,,WRONG_EMA_SIDE,,
253,SETUP,2026-05-28 03:00:00.000,PROPOSED_OOS,SELL,2026-05-28 02:00:00.000,1.1621100000,,,,,,,,,
254,CONFIRMATION,2026-05-28 04:00:00.126,PROPOSED_OOS,SELL,2026-05-28 02:00:00.000,1.1621100000,1,2026-05-28 03:00:00.000,,,,,,1.0,
255,ENTRY_BLOCK,2026-05-28 04:00:00.126,PROPOSED_OOS,SELL,2026-05-28 02:00:00.000,,1,,,,,,SPREAD,,
256,SETUP,2026-05-28 05:00:00.000,PROPOSED_OOS,SELL,2026-05-28 04:00:00.000,1.1615200000,,,,,,,,,
257,CONFIRMATION,2026-05-28 11:00:00.243,PROPOSED_OOS,SELL,2026-05-28 04:00:00.000,1.1615200000,6,2026-05-28 10:00:00.000,,,,,,6.0,
258,ENTRY_BLOCK,2026-05-28 11:00:00.243,PROPOSED_OOS,SELL,2026-05-28 04:00:00.000,,6,,,,,,SPREAD,,
259,SETUP,2026-05-28 16:00:00.000,PROPOSED_OOS,BUY,2026-05-28 15:00:00.000,1.1632400000,,,,,,,,,
260,CANCEL,2026-05-28 17:00:00.005,PROPOSED_OOS,BUY,2026-05-28 15:00:00.000,1.1632400000,1,,,,,,WRONG_EMA_SIDE,,
261,SETUP,2026-05-28 18:00:00.000,PROPOSED_OOS,BUY,2026-05-28 17:00:00.000,1.1642500000,,,,,,,,,
262,CANCEL,2026-05-29 00:00:00.282,PROPOSED_OOS,BUY,2026-05-28 17:00:00.000,1.1642500000,6,,,,,,EXPIRED_SIX_CANDLES,,
263,SETUP,2026-05-29 18:00:00.000,PROPOSED_OOS,BUY,2026-05-29 17:00:00.000,1.1655800000,,,,,,,,,
264,CONFIRMATION,2026-06-01 01:00:00.048,PROPOSED_OOS,BUY,2026-05-29 17:00:00.000,1.1655800000,6,2026-06-01 00:00:00.000,,,,,,55.0,
265,ENTRY_BLOCK,2026-06-01 01:00:00.048,PROPOSED_OOS,BUY,2026-05-29 17:00:00.000,,6,,,,,,SPREAD,,
266,SETUP,2026-06-01 17:00:00.000,PROPOSED_OOS,SELL,2026-06-01 16:00:00.000,1.1641000000,,,,,,,,,
267,CANCEL,2026-06-01 23:00:00.312,PROPOSED_OOS,SELL,2026-06-01 16:00:00.000,1.1641000000,6,,,,,,EXPIRED_SIX_CANDLES,,
268,SETUP,2026-06-02 21:00:00.000,PROPOSED_OOS,SELL,2026-06-02 20:00:00.000,1.1623500000,,,,,,,,,
269,CONFIRMATION,2026-06-03 03:00:00.121,PROPOSED_OOS,SELL,2026-06-02 20:00:00.000,1.1623500000,6,2026-06-03 02:00:00.000,,,,,,6.0,
270,ENTRY_BLOCK,2026-06-03 03:00:00.121,PROPOSED_OOS,SELL,2026-06-02 20:00:00.000,,6,,,,,,SPREAD,,
271,SETUP,2026-06-03 12:00:00.000,PROPOSED_OOS,SELL,2026-06-03 11:00:00.000,1.1611600000,,,,,,,,,
272,CONFIRMATION,2026-06-03 16:00:00.208,PROPOSED_OOS,SELL,2026-06-03 11:00:00.000,1.1611600000,4,2026-06-03 15:00:00.000,,,,,,4.0,
273,ENTRY_BLOCK,2026-06-03 16:00:00.208,PROPOSED_OOS,SELL,2026-06-03 11:00:00.000,,4,,,,,,SPREAD,,
274,SETUP,2026-06-04 15:00:00.000,PROPOSED_OOS,BUY,2026-06-04 14:00:00.000,1.1633500000,,,,,,,,,
275,CONFIRMATION,2026-06-04 17:00:00.218,PROPOSED_OOS,BUY,2026-06-04 14:00:00.000,1.1633500000,2,2026-06-04 16:00:00.000,,,,,,2.0,
276,ENTRY_BLOCK,2026-06-04 17:00:00.218,PROPOSED_OOS,BUY,2026-06-04 14:00:00.000,,2,,,,,,SPREAD,,
277,SETUP,2026-06-05 16:00:00.000,PROPOSED_OOS,SELL,2026-06-05 15:00:00.000,1.1604900000,,,,,,,,,
278,CANCEL,2026-06-05 22:00:00.071,PROPOSED_OOS,SELL,2026-06-05 15:00:00.000,1.1604900000,6,,,,,,EXPIRED_SIX_CANDLES,,
279,SETUP,2026-06-08 01:00:00.000,PROPOSED_OOS,SELL,2026-06-08 00:00:00.000,1.1516800000,,,,,,,,,
280,CONFIRMATION,2026-06-08 02:00:00.090,PROPOSED_OOS,SELL,2026-06-08 00:00:00.000,1.1516800000,1,2026-06-08 01:00:00.000,,,,,,1.0,
281,ENTRY_BLOCK,2026-06-08 02:00:00.090,PROPOSED_OOS,SELL,2026-06-08 00:00:00.000,,1,,,,,,SPREAD,,
282,SETUP,2026-06-11 02:00:00.000,PROPOSED_OOS,SELL,2026-06-11 01:00:00.000,1.1533100000,,,,,,,,,
283,CANCEL,2026-06-11 08:00:00.140,PROPOSED_OOS,SELL,2026-06-11 01:00:00.000,1.1533100000,6,,,,,,EXPIRED_SIX_CANDLES,,
284,SETUP,2026-06-11 19:00:00.000,PROPOSED_OOS,SELL,2026-06-11 18:00:00.000,1.1514000000,,,,,,,,,
285,CONFIRMATION,2026-06-11 20:00:00.294,PROPOSED_OOS,SELL,2026-06-11 18:00:00.000,1.1514000000,1,2026-06-11 19:00:00.000,,,,,,1.0,
286,ENTRY,2026-06-11 20:00:00.294,PROPOSED_OOS,SELL,2026-06-11 18:00:00.000,1.1514000000,1,2026-06-11 19:00:00.000,2026-06-11 20:00:00.294,1.1532697561,,,,,
287,EXIT,2026-06-11 20:31:40.474,PROPOSED_OOS,SELL,,,,,2026-06-11 20:00:00.294,1.1532697561,2026-06-11 20:31:40.474,INITIAL_STOP,,,0.5278277777777778
288,SETUP,2026-06-11 23:00:00.000,PROPOSED_OOS,BUY,2026-06-11 22:00:00.000,1.1566000000,,,,,,,,,
289,CANCEL,2026-06-12 04:00:00.086,PROPOSED_OOS,BUY,2026-06-11 22:00:00.000,1.1566000000,5,,,,,,WRONG_EMA_SIDE,,
290,SETUP,2026-06-15 01:00:00.000,PROPOSED_OOS,BUY,2026-06-15 00:00:00.000,1.1588800000,,,,,,,,,
291,CANCEL,2026-06-15 07:00:00.301,PROPOSED_OOS,BUY,2026-06-15 00:00:00.000,1.1588800000,6,,,,,,EXPIRED_SIX_CANDLES,,
292,SETUP,2026-06-16 08:00:00.000,PROPOSED_OOS,SELL,2026-06-16 07:00:00.000,1.1581000000,,,,,,,,,
293,CANCEL,2026-06-16 10:00:00.321,PROPOSED_OOS,SELL,2026-06-16 07:00:00.000,1.1581000000,2,,,,,,WRONG_EMA_SIDE,,
294,SETUP,2026-06-16 19:00:00.000,PROPOSED_OOS,BUY,2026-06-16 18:00:00.000,1.1612300000,,,,,,,,,
295,CONFIRMATION,2026-06-16 20:00:01.317,PROPOSED_OOS,BUY,2026-06-16 18:00:00.000,1.1612300000,1,2026-06-16 19:00:00.000,,,,,,1.0,
296,ENTRY_BLOCK,2026-06-16 20:00:01.317,PROPOSED_OOS,BUY,2026-06-16 18:00:00.000,,1,,,,,,SPREAD,,
297,SETUP,2026-06-17 22:00:00.000,PROPOSED_OOS,SELL,2026-06-17 21:00:00.000,1.1580300000,,,,,,,,,
298,CANCEL,2026-06-18 04:00:00.070,PROPOSED_OOS,SELL,2026-06-17 21:00:00.000,1.1580300000,6,,,,,,EXPIRED_SIX_CANDLES,,
299,SETUP,2026-06-18 13:00:00.000,PROPOSED_OOS,SELL,2026-06-18 12:00:00.000,1.1477300000,,,,,,,,,
300,CONFIRMATION,2026-06-18 16:00:00.219,PROPOSED_OOS,SELL,2026-06-18 12:00:00.000,1.1477300000,3,2026-06-18 15:00:00.000,,,,,,3.0,
301,ENTRY,2026-06-18 16:00:00.219,PROPOSED_OOS,SELL,2026-06-18 12:00:00.000,1.1477300000,3,2026-06-18 15:00:00.000,2026-06-18 16:00:00.219,1.1498955859,,,,,
302,EXIT,2026-06-19 16:00:00.131,PROPOSED_OOS,SELL,,,,,2026-06-18 16:00:00.219,1.1498955859,2026-06-19 16:00:00.131,DONCHIAN_10,,,23.999975555555555
303,SETUP,2026-06-22 11:00:00.000,PROPOSED_OOS,SELL,2026-06-22 10:00:00.000,1.1447300000,,,,,,,,,
304,CONFIRMATION,2026-06-22 17:00:00.353,PROPOSED_OOS,SELL,2026-06-22 10:00:00.000,1.1447300000,6,2026-06-22 16:00:00.000,,,,,,6.0,
305,ENTRY_BLOCK,2026-06-22 17:00:00.353,PROPOSED_OOS,SELL,2026-06-22 10:00:00.000,,6,,,,,,SPREAD,,
306,SETUP,2026-06-22 22:00:00.000,PROPOSED_OOS,SELL,2026-06-22 21:00:00.000,1.1424800000,,,,,,,,,
307,CONFIRMATION,2026-06-22 23:00:00.797,PROPOSED_OOS,SELL,2026-06-22 21:00:00.000,1.1424800000,1,2026-06-22 22:00:00.000,,,,,,1.0,
308,ENTRY_BLOCK,2026-06-22 23:00:00.797,PROPOSED_OOS,SELL,2026-06-22 21:00:00.000,,1,,,,,,SPREAD,,
309,SETUP,2026-06-23 11:00:00.000,PROPOSED_OOS,SELL,2026-06-23 10:00:00.000,1.1417500000,,,,,,,,,
310,CANCEL,2026-06-23 17:00:00.046,PROPOSED_OOS,SELL,2026-06-23 10:00:00.000,1.1417500000,6,,,,,,EXPIRED_SIX_CANDLES,,
311,SETUP,2026-06-23 18:00:00.000,PROPOSED_OOS,SELL,2026-06-23 17:00:00.000,1.1382100000,,,,,,,,,
312,CONFIRMATION,2026-06-23 20:00:00.375,PROPOSED_OOS,SELL,2026-06-23 17:00:00.000,1.1382100000,2,2026-06-23 19:00:00.000,,,,,,2.0,
313,ENTRY_BLOCK,2026-06-23 20:00:00.375,PROPOSED_OOS,SELL,2026-06-23 17:00:00.000,,2,,,,,,SPREAD,,
314,SETUP,2026-06-24 06:00:00.000,PROPOSED_OOS,SELL,2026-06-24 05:00:00.000,1.1370200000,,,,,,,,,
315,CONFIRMATION,2026-06-24 10:00:00.022,PROPOSED_OOS,SELL,2026-06-24 05:00:00.000,1.1370200000,4,2026-06-24 09:00:00.000,,,,,,4.0,
316,ENTRY_BLOCK,2026-06-24 10:00:00.022,PROPOSED_OOS,SELL,2026-06-24 05:00:00.000,,4,,,,,,SPREAD,,
317,SETUP,2026-06-24 11:00:00.000,PROPOSED_OOS,SELL,2026-06-24 10:00:00.000,1.1356800000,,,,,,,,,
318,CANCEL,2026-06-24 17:00:00.175,PROPOSED_OOS,SELL,2026-06-24 10:00:00.000,1.1356800000,6,,,,,,EXPIRED_SIX_CANDLES,,
319,SETUP,2026-06-25 15:00:00.000,PROPOSED_OOS,SELL,2026-06-25 14:00:00.000,1.1339500000,,,,,,,,,
320,CANCEL,2026-06-25 21:00:00.128,PROPOSED_OOS,SELL,2026-06-25 14:00:00.000,1.1339500000,6,,,,,,EXPIRED_SIX_CANDLES,,
321,SETUP,2026-06-30 08:00:00.000,PROPOSED_OOS,SELL,2026-06-30 07:00:00.000,1.1391900000,,,,,,,,,
322,CONFIRMATION,2026-06-30 09:00:00.104,PROPOSED_OOS,SELL,2026-06-30 07:00:00.000,1.1391900000,1,2026-06-30 08:00:00.000,,,,,,1.0,
323,ENTRY_BLOCK,2026-06-30 09:00:00.104,PROPOSED_OOS,SELL,2026-06-30 07:00:00.000,,1,,,,,,SPREAD,,
324,SETUP,2026-06-30 18:00:00.000,PROPOSED_OOS,BUY,2026-06-30 17:00:00.000,1.1428400000,,,,,,,,,
325,CANCEL,2026-06-30 19:00:00.159,PROPOSED_OOS,BUY,2026-06-30 17:00:00.000,1.1428400000,1,,,,,,WRONG_EMA_SIDE,,
326,SETUP,2026-07-01 13:00:00.000,POST_PROPOSED_OOS_SAMPLE_ACCUMULATION,SELL,2026-07-01 12:00:00.000,1.1390500000,,,,,,,,,
327,CONFIRMATION,2026-07-01 15:00:00.179,POST_PROPOSED_OOS_SAMPLE_ACCUMULATION,SELL,2026-07-01 12:00:00.000,1.1390500000,2,2026-07-01 14:00:00.000,,,,,,2.0,
328,ENTRY_BLOCK,2026-07-01 15:00:00.179,POST_PROPOSED_OOS_SAMPLE_ACCUMULATION,SELL,2026-07-01 12:00:00.000,,2,,,,,,SPREAD,,
329,SETUP,2026-07-01 16:00:00.000,POST_PROPOSED_OOS_SAMPLE_ACCUMULATION,SELL,2026-07-01 15:00:00.000,1.1384200000,,,,,,,,,
330,CONFIRMATION,2026-07-01 19:00:00.112,POST_PROPOSED_OOS_SAMPLE_ACCUMULATION,SELL,2026-07-01 15:00:00.000,1.1384200000,3,2026-07-01 18:00:00.000,,,,,,3.0,
331,ENTRY,2026-07-01 19:00:00.112,POST_PROPOSED_OOS_SAMPLE_ACCUMULATION,SELL,2026-07-01 15:00:00.000,1.1384200000,3,2026-07-01 18:00:00.000,2026-07-01 19:00:00.112,1.1412334846,,,,,
332,EXIT,2026-07-02 10:00:00.317,POST_PROPOSED_OOS_SAMPLE_ACCUMULATION,SELL,,,,,2026-07-01 19:00:00.112,1.1412334846,2026-07-02 10:00:00.317,DONCHIAN_10,,,15.000056944444445
333,SETUP,2026-07-02 12:00:00.000,POST_PROPOSED_OOS_SAMPLE_ACCUMULATION,BUY,2026-07-02 11:00:00.000,1.1411100000,,,,,,,,,
334,CANCEL,2026-07-02 13:00:00.220,POST_PROPOSED_OOS_SAMPLE_ACCUMULATION,BUY,2026-07-02 11:00:00.000,1.1411100000,1,,,,,,WRONG_EMA_SIDE,,
335,SETUP,2026-07-02 16:00:00.000,POST_PROPOSED_OOS_SAMPLE_ACCUMULATION,BUY,2026-07-02 15:00:00.000,1.1420500000,,,,,,,,,
336,CANCEL,2026-07-02 22:00:00.097,POST_PROPOSED_OOS_SAMPLE_ACCUMULATION,BUY,2026-07-02 15:00:00.000,1.1420500000,6,,,,,,EXPIRED_SIX_CANDLES,,
337,SETUP,2026-07-06 13:00:00.000,POST_PROPOSED_OOS_SAMPLE_ACCUMULATION,SELL,2026-07-06 12:00:00.000,1.1414700000,,,,,,,,,
338,CONFIRMATION,2026-07-06 16:00:00.238,POST_PROPOSED_OOS_SAMPLE_ACCUMULATION,SELL,2026-07-06 12:00:00.000,1.1414700000,3,2026-07-06 15:00:00.000,,,,,,3.0,
339,ENTRY_BLOCK,2026-07-06 16:00:00.238,POST_PROPOSED_OOS_SAMPLE_ACCUMULATION,SELL,2026-07-06 12:00:00.000,,3,,,,,,SPREAD,,
340,SETUP,2026-07-06 22:00:00.000,POST_PROPOSED_OOS_SAMPLE_ACCUMULATION,BUY,2026-07-06 21:00:00.000,1.1440500000,,,,,,,,,
341,CONFIRMATION,2026-07-07 00:00:00.250,POST_PROPOSED_OOS_SAMPLE_ACCUMULATION,BUY,2026-07-06 21:00:00.000,1.1440500000,2,2026-07-06 23:00:00.000,,,,,,2.0,
342,ENTRY_BLOCK,2026-07-07 00:00:00.250,POST_PROPOSED_OOS_SAMPLE_ACCUMULATION,BUY,2026-07-06 21:00:00.000,,2,,,,,,SPREAD,,
343,SETUP,2026-07-07 02:00:00.000,POST_PROPOSED_OOS_SAMPLE_ACCUMULATION,BUY,2026-07-07 01:00:00.000,1.1444300000,,,,,,,,,
344,CANCEL,2026-07-07 08:00:00.118,POST_PROPOSED_OOS_SAMPLE_ACCUMULATION,BUY,2026-07-07 01:00:00.000,1.1444300000,6,,,,,,EXPIRED_SIX_CANDLES,,
345,SETUP,2026-07-07 19:00:00.000,POST_PROPOSED_OOS_SAMPLE_ACCUMULATION,SELL,2026-07-07 18:00:00.000,1.1422900000,,,,,,,,,
346,CONFIRMATION,2026-07-07 20:00:00.223,POST_PROPOSED_OOS_SAMPLE_ACCUMULATION,SELL,2026-07-07 18:00:00.000,1.1422900000,1,2026-07-07 19:00:00.000,,,,,,1.0,
347,ENTRY_BLOCK,2026-07-07 20:00:00.223,POST_PROPOSED_OOS_SAMPLE_ACCUMULATION,SELL,2026-07-07 18:00:00.000,,1,,,,,,SPREAD,,
348,SETUP,2026-07-07 23:00:00.000,POST_PROPOSED_OOS_SAMPLE_ACCUMULATION,SELL,2026-07-07 22:00:00.000,1.1416700000,,,,,,,,,
349,CANCEL,2026-07-08 05:00:00.223,POST_PROPOSED_OOS_SAMPLE_ACCUMULATION,SELL,2026-07-07 22:00:00.000,1.1416700000,6,,,,,,EXPIRED_SIX_CANDLES,,
350,SETUP,2026-07-09 09:00:00.000,POST_PROPOSED_OOS_SAMPLE_ACCUMULATION,BUY,2026-07-09 08:00:00.000,1.1429700000,,,,,,,,,
351,CONFIRMATION,2026-07-09 13:00:00.127,POST_PROPOSED_OOS_SAMPLE_ACCUMULATION,BUY,2026-07-09 08:00:00.000,1.1429700000,4,2026-07-09 12:00:00.000,,,,,,4.0,
352,ENTRY_BLOCK,2026-07-09 13:00:00.127,POST_PROPOSED_OOS_SAMPLE_ACCUMULATION,BUY,2026-07-09 08:00:00.000,,4,,,,,,SPREAD,,
353,SETUP,2026-07-10 06:00:00.000,POST_PROPOSED_OOS_SAMPLE_ACCUMULATION,BUY,2026-07-10 05:00:00.000,1.1449100000,,,,,,,,,
354,CANCEL,2026-07-10 12:00:00.089,POST_PROPOSED_OOS_SAMPLE_ACCUMULATION,BUY,2026-07-10 05:00:00.000,1.1449100000,6,,,,,,EXPIRED_SIX_CANDLES,,
355,SETUP,2026-07-10 17:00:00.000,POST_PROPOSED_OOS_SAMPLE_ACCUMULATION,SELL,2026-07-10 16:00:00.000,1.1422700000,,,,,,,,,
356,CONFIRMATION,2026-07-10 18:00:00.346,POST_PROPOSED_OOS_SAMPLE_ACCUMULATION,SELL,2026-07-10 16:00:00.000,1.1422700000,1,2026-07-10 17:00:00.000,,,,,,1.0,
357,ENTRY_BLOCK,2026-07-10 18:00:00.346,POST_PROPOSED_OOS_SAMPLE_ACCUMULATION,SELL,2026-07-10 16:00:00.000,,1,,,,,,SPREAD,,
358,SETUP,2026-07-13 01:00:00.000,POST_PROPOSED_OOS_SAMPLE_ACCUMULATION,SELL,2026-07-13 00:00:00.000,1.1405100000,,,,,,,,,
359,CANCEL,2026-07-13 07:00:00.086,POST_PROPOSED_OOS_SAMPLE_ACCUMULATION,SELL,2026-07-13 00:00:00.000,1.1405100000,6,,,,,,EXPIRED_SIX_CANDLES,,
360,SETUP,2026-07-14 00:00:00.000,POST_PROPOSED_OOS_SAMPLE_ACCUMULATION,SELL,2026-07-13 23:00:00.000,1.1381200000,,,,,,,,,
361,CONFIRMATION,2026-07-14 01:00:00.165,POST_PROPOSED_OOS_SAMPLE_ACCUMULATION,SELL,2026-07-13 23:00:00.000,1.1381200000,1,2026-07-14 00:00:00.000,,,,,,1.0,
362,ENTRY_BLOCK,2026-07-14 01:00:00.165,POST_PROPOSED_OOS_SAMPLE_ACCUMULATION,SELL,2026-07-13 23:00:00.000,,1,,,,,,SPREAD,,
363,SETUP,2026-07-14 16:00:00.000,POST_PROPOSED_OOS_SAMPLE_ACCUMULATION,BUY,2026-07-14 15:00:00.000,1.1408700000,,,,,,,,,
364,CANCEL,2026-07-14 22:00:00.107,POST_PROPOSED_OOS_SAMPLE_ACCUMULATION,BUY,2026-07-14 15:00:00.000,1.1408700000,6,,,,,,EXPIRED_SIX_CANDLES,,
365,SETUP,2026-07-15 21:00:00.000,POST_PROPOSED_OOS_SAMPLE_ACCUMULATION,BUY,2026-07-15 20:00:00.000,1.1443100000,,,,,,,,,
366,CANCEL,2026-07-16 03:00:00.203,POST_PROPOSED_OOS_SAMPLE_ACCUMULATION,BUY,2026-07-15 20:00:00.000,1.1443100000,6,,,,,,EXPIRED_SIX_CANDLES,,
367,SETUP,2026-07-17 14:00:00.000,POST_PROPOSED_OOS_SAMPLE_ACCUMULATION,SELL,2026-07-17 13:00:00.000,1.1430700000,,,,,,,,,
368,CONFIRMATION,2026-07-17 15:00:00.141,POST_PROPOSED_OOS_SAMPLE_ACCUMULATION,SELL,2026-07-17 13:00:00.000,1.1430700000,1,2026-07-17 14:00:00.000,,,,,,1.0,
369,ENTRY_BLOCK,2026-07-17 15:00:00.141,POST_PROPOSED_OOS_SAMPLE_ACCUMULATION,SELL,2026-07-17 13:00:00.000,,1,,,,,,SPREAD,,
370,SETUP,2026-07-20 17:00:00.000,POST_PROPOSED_OOS_SAMPLE_ACCUMULATION,SELL,2026-07-20 16:00:00.000,1.1416300000,,,,,,,,,
371,CONFIRMATION,2026-07-20 18:00:00.156,POST_PROPOSED_OOS_SAMPLE_ACCUMULATION,SELL,2026-07-20 16:00:00.000,1.1416300000,1,2026-07-20 17:00:00.000,,,,,,1.0,
372,ENTRY_BLOCK,2026-07-20 18:00:00.156,POST_PROPOSED_OOS_SAMPLE_ACCUMULATION,SELL,2026-07-20 16:00:00.000,,1,,,,,,SPREAD,,
373,SETUP,2026-07-22 00:00:00.000,POST_PROPOSED_OOS_SAMPLE_ACCUMULATION,SELL,2026-07-21 23:00:00.000,1.1398000000,,,,,,,,,
374,CANCEL,2026-07-22 06:00:00.473,POST_PROPOSED_OOS_SAMPLE_ACCUMULATION,SELL,2026-07-21 23:00:00.000,1.1398000000,6,,,,,,EXPIRED_SIX_CANDLES,,
375,SETUP,2026-07-23 06:00:00.000,POST_PROPOSED_OOS_SAMPLE_ACCUMULATION,BUY,2026-07-23 05:00:00.000,1.1421000000,,,,,,,,,
376,CONFIRMATION,2026-07-23 11:00:00.044,POST_PROPOSED_OOS_SAMPLE_ACCUMULATION,BUY,2026-07-23 05:00:00.000,1.1421000000,5,2026-07-23 10:00:00.000,,,,,,5.0,
377,ENTRY_BLOCK,2026-07-23 11:00:00.044,POST_PROPOSED_OOS_SAMPLE_ACCUMULATION,BUY,2026-07-23 05:00:00.000,,5,,,,,,SPREAD,,
378,SETUP,2026-07-23 14:00:00.000,POST_PROPOSED_OOS_SAMPLE_ACCUMULATION,SELL,2026-07-23 13:00:00.000,1.1404700000,,,,,,,,,
379,CONFIRMATION,2026-07-23 15:00:00.138,POST_PROPOSED_OOS_SAMPLE_ACCUMULATION,SELL,2026-07-23 13:00:00.000,1.1404700000,1,2026-07-23 14:00:00.000,,,,,,1.0,
380,ENTRY_BLOCK,2026-07-23 15:00:00.138,POST_PROPOSED_OOS_SAMPLE_ACCUMULATION,SELL,2026-07-23 13:00:00.000,,1,,,,,,SPREAD,,
381,SETUP,2026-07-23 17:00:00.000,POST_PROPOSED_OOS_SAMPLE_ACCUMULATION,SELL,2026-07-23 16:00:00.000,1.1375100000,,,,,,,,,
382,CONFIRMATION,2026-07-23 18:00:00.074,POST_PROPOSED_OOS_SAMPLE_ACCUMULATION,SELL,2026-07-23 16:00:00.000,1.1375100000,1,2026-07-23 17:00:00.000,,,,,,1.0,
383,ENTRY_BLOCK,2026-07-23 18:00:00.074,POST_PROPOSED_OOS_SAMPLE_ACCUMULATION,SELL,2026-07-23 16:00:00.000,,1,,,,,,SPREAD,,
384,SETUP,2026-07-27 05:00:00.000,POST_PROPOSED_OOS_SAMPLE_ACCUMULATION,BUY,2026-07-27 04:00:00.000,1.1412300000,,,,,,,,,
385,CANCEL,2026-07-27 06:00:00.166,POST_PROPOSED_OOS_SAMPLE_ACCUMULATION,BUY,2026-07-27 04:00:00.000,1.1412300000,1,,,,,,WRONG_EMA_SIDE,,
386,SETUP,2026-07-28 00:00:00.000,POST_PROPOSED_OOS_SAMPLE_ACCUMULATION,SELL,2026-07-27 23:00:00.000,1.1366600000,,,,,,,,,
387,CANCEL,2026-07-28 06:00:00.144,POST_PROPOSED_OOS_SAMPLE_ACCUMULATION,SELL,2026-07-27 23:00:00.000,1.1366600000,6,,,,,,EXPIRED_SIX_CANDLES,,
388,SETUP,2026-07-28 13:00:00.000,POST_PROPOSED_OOS_SAMPLE_ACCUMULATION,SELL,2026-07-28 12:00:00.000,1.1361100000,,,,,,,,,
389,CONFIRMATION,2026-07-28 14:00:00.065,POST_PROPOSED_OOS_SAMPLE_ACCUMULATION,SELL,2026-07-28 12:00:00.000,1.1361100000,1,2026-07-28 13:00:00.000,,,,,,1.0,
390,ENTRY_BLOCK,2026-07-28 14:00:00.065,POST_PROPOSED_OOS_SAMPLE_ACCUMULATION,SELL,2026-07-28 12:00:00.000,,1,,,,,,SPREAD,,
391,SETUP,2026-07-28 19:00:00.000,POST_PROPOSED_OOS_SAMPLE_ACCUMULATION,BUY,2026-07-28 18:00:00.000,1.1385900000,,,,,,,,,
392,CANCEL,2026-07-28 20:00:00.105,POST_PROPOSED_OOS_SAMPLE_ACCUMULATION,BUY,2026-07-28 18:00:00.000,1.1385900000,1,,,,,,WRONG_EMA_SIDE,,
393,SETUP,2026-07-29 15:00:00.000,POST_PROPOSED_OOS_SAMPLE_ACCUMULATION,SELL,2026-07-29 14:00:00.000,1.1381600000,,,,,,,,,
394,CONFIRMATION,2026-07-29 16:00:00.214,POST_PROPOSED_OOS_SAMPLE_ACCUMULATION,SELL,2026-07-29 14:00:00.000,1.1381600000,1,2026-07-29 15:00:00.000,,,,,,1.0,
395,ENTRY_BLOCK,2026-07-29 16:00:00.214,POST_PROPOSED_OOS_SAMPLE_ACCUMULATION,SELL,2026-07-29 14:00:00.000,,1,,,,,,SPREAD,,
396,SETUP,2026-07-29 22:00:00.000,POST_PROPOSED_OOS_SAMPLE_ACCUMULATION,BUY,2026-07-29 21:00:00.000,1.1403000000,,,,,,,,,
397,CANCEL,2026-07-30 04:00:00.402,POST_PROPOSED_OOS_SAMPLE_ACCUMULATION,BUY,2026-07-29 21:00:00.000,1.1403000000,6,,,,,,EXPIRED_SIX_CANDLES,,
398,SETUP,2026-07-30 17:00:00.000,POST_PROPOSED_OOS_SAMPLE_ACCUMULATION,BUY,2026-07-30 16:00:00.000,1.1483300000,,,,,,,,,
399,CANCEL,2026-07-30 23:00:00.400,POST_PROPOSED_OOS_SAMPLE_ACCUMULATION,BUY,2026-07-30 16:00:00.000,1.1483300000,6,,,,,,EXPIRED_SIX_CANDLES,,
400,SETUP,2026-07-31 21:00:00.000,POST_PROPOSED_OOS_SAMPLE_ACCUMULATION,BUY,2026-07-31 20:00:00.000,1.1530500000,,,,,,,,,
401,CONFIRMATION,2026-07-31 23:00:00.352,POST_PROPOSED_OOS_SAMPLE_ACCUMULATION,BUY,2026-07-31 20:00:00.000,1.1530500000,2,2026-07-31 22:00:00.000,,,,,,2.0,
402,ENTRY,2026-07-31 23:00:00.352,POST_PROPOSED_OOS_SAMPLE_ACCUMULATION,BUY,2026-07-31 20:00:00.000,1.1530500000,2,2026-07-31 22:00:00.000,2026-07-31 23:00:00.352,1.1498937825,,,,,
403,OPEN_AT_BOUNDARY,2026-08-01 00:00:00.000,POST_PROPOSED_OOS_SAMPLE_ACCUMULATION,BUY,,,,,2026-07-31 23:00:00.352,1.1498937825,,,,,
