population,dimension,group,trades,wins,losses,breakeven,win_rate_percent,adjusted_net_profit,gross_profit,gross_loss,profit_factor,average_win,average_loss,average_win_R,average_loss_R,payoff_ratio_money,payoff_ratio_R,expectancy_R,average_holding_seconds,median_holding_seconds,rapid_stop_count
NORMAL_NATIVE_REFERENCE,direction,LONG,46,16,30,0,34.78260869565217,-61.12000000000002,551.1,-612.22,0.9001666067753422,34.44375,-20.407333333333334,1.5272339949241562,-0.8720504190829582,1.6878123877037667,1.7513138707394742,-0.03751670986309228,86479.52173913043,60174.0,19
NORMAL_NATIVE_REFERENCE,direction,SHORT,48,13,35,0,27.083333333333332,-452.73,283.7,-736.4300000000001,0.3852368860584169,21.823076923076922,-21.040857142857146,0.918381779579013,-0.9013304881228642,1.0371762316957378,1.018917912664488,-0.4084917489536058,77237.5625,45000.0,24
NORMAL_NATIVE_REFERENCE,exit_reason,LONG_EXIT_BREAKOUT,25,16,9,0,64.0,456.61,551.1,-94.49,5.832363213038417,34.44375,-10.498888888888889,1.5272339949241562,-0.4515564748987517,3.28070430733411,3.3821550123195414,0.8148694257879094,126287.72,104400.0,0
NORMAL_NATIVE_REFERENCE,exit_reason,SHORT_EXIT_BREAKOUT,21,13,8,0,61.904761904761905,192.96,283.7,-90.74000000000001,3.1265153184923955,21.823076923076922,-11.342500000000001,0.918381779579013,-0.4921303567533209,1.9240094267645511,1.8661351956375039,0.381043822880981,127718.66666666667,64800.0,0
NORMAL_NATIVE_REFERENCE,exit_reason,STOP_LOSS_EXIT,48,0,48,0,0.0,-1163.42,0,-1163.42,0.0,,-24.237916666666667,,-1.035563094347368,,,-1.035563094347368,38462.0,18137.0,43
NORMAL_NATIVE_REFERENCE,outcome,LOSS,65,0,65,0,0.0,-1348.65,0,-1348.65,0.0,,-20.74846153846154,,-0.887816610104446,,,-0.887816610104446,50002.661538461536,31617.0,43
NORMAL_NATIVE_REFERENCE,outcome,WIN,29,29,0,0,100.0,834.8,834.8,0,,28.78620689655172,,1.2543002432177128,,,,1.2543002432177128,152940.9655172414,122400.0,0
NORMAL_NATIVE_REFERENCE,holding_band,1_TO_3_DAYS,20,13,7,0,65.0,409.95,538.01,-128.06,4.201233796657816,41.385384615384616,-18.294285714285714,1.7711573885272456,-0.7905653253245999,2.2622028135849783,2.2403681666660784,0.8745544386790998,140589.8,131400.0,0
NORMAL_NATIVE_REFERENCE,holding_band,6_TO_24_HOURS,39,10,29,0,25.64102564102564,-425.76,113.42,-539.1800000000001,0.21035646722801288,11.342,-18.59241379310345,0.48778872474342777,-0.7831343688006527,0.6100337549612374,0.62286721688701,-0.45725665250729874,50053.58974358974,46800.0,16
NORMAL_NATIVE_REFERENCE,holding_band,GT_3_DAYS,8,6,2,0,75.0,144.3,183.37,-39.07,4.693370872792424,30.561666666666667,-19.535,1.4119622925041995,-0.8622741698734478,1.5644569575974747,1.637486476849268,0.8434031769097876,332119.125,334800.0,0
NORMAL_NATIVE_REFERENCE,holding_band,LT_6_HOURS,27,0,27,0,0.0,-642.34,0,-642.34,0.0,,-23.790370370370372,,-1.0273584201685544,,,-1.0273584201685544,9800.814814814816,9011.0,27
NORMAL_NATIVE_REFERENCE,entry_hour,10,4,0,4,0,0.0,-85.53999999999999,0,-85.53999999999999,0.0,,-21.384999999999998,,-0.8931737978008407,,,-0.8931737978008407,24300.75,23916.5,3
NORMAL_NATIVE_REFERENCE,entry_hour,11,7,1,6,0,14.285714285714285,-52.09,74.63,-126.72,0.5889362373737373,74.63,-21.12,3.0902691511387164,-0.8973508090441142,3.533617424242424,3.443769281748981,-0.32769081473228134,45100.57142857143,22073.0,5
NORMAL_NATIVE_REFERENCE,entry_hour,12,4,2,2,0,50.0,-21.640000000000004,27.89,-49.53,0.5630930749040985,13.945,-24.765,0.6193175706808414,-1.0157928208027136,0.5630930749040985,0.6096888637108459,-0.19823762506093612,74787.0,66118.5,2
NORMAL_NATIVE_REFERENCE,entry_hour,13,3,1,2,0,33.33333333333333,-43.53,7.760000000000002,-51.290000000000006,0.1512965490348996,7.760000000000002,-25.645000000000003,0.3193415637860083,-1.0811020590646034,0.3025930980697992,0.29538521465985423,-0.6142875181143995,60768.333333333336,11294.0,2
NORMAL_NATIVE_REFERENCE,entry_hour,14,1,1,0,0,100.0,76.61,76.61,0,,76.61,,3.983879355174207,,,,3.983879355174207,352800.0,352800.0,0
NORMAL_NATIVE_REFERENCE,entry_hour,15,4,1,3,0,25.0,-54.77,1.25,-56.02,0.022313459478757586,1.25,-18.673333333333336,0.051867219917012444,-0.8025488615498085,0.06694037843627275,0.0646281147503608,-0.5889448411831032,30256.5,27717.0,2
NORMAL_NATIVE_REFERENCE,entry_hour,16,13,4,9,0,30.76923076923077,44.10999999999999,248.04,-203.93,1.2162997106850388,62.01,-22.65888888888889,2.658672795035053,-0.9966712858007379,2.7366743490413374,2.667552314300941,0.12804996984104397,54022.61538461538,12303.0,7
NORMAL_NATIVE_REFERENCE,entry_hour,17,13,5,8,0,38.46153846153847,-76.11,80.92999999999999,-157.04,0.515346408558329,16.186,-19.63,0.6861761003672067,-0.8403390639383589,0.8245542536933266,0.8165467128843834,-0.2532178468977567,120091.69230769231,64800.0,5
NORMAL_NATIVE_REFERENCE,entry_hour,18,10,3,7,0,30.0,-102.28,26.34,-128.62,0.2047893018193127,8.78,-18.374285714285715,0.3948657026599418,-0.7947711764375119,0.4778417042450629,0.4968294200475295,-0.43788011270827587,109985.5,61200.0,2
NORMAL_NATIVE_REFERENCE,entry_hour,19,6,1,5,0,16.666666666666664,-68.21,7.830000000000001,-76.04,0.10297211993687533,7.830000000000001,-15.208000000000002,0.35590909090909095,-0.6655840918718248,0.5148605996843766,0.534731967388473,-0.49533522807500546,76525.33333333333,68400.0,2
NORMAL_NATIVE_REFERENCE,entry_hour,2,4,2,2,0,50.0,3.6600000000000015,51.88,-48.22,1.075902115304853,25.94,-24.11,1.092423759345757,-1.0174896532039388,1.075902115304853,1.0736460620566124,0.037467053070909084,54218.25,45550.5,2
NORMAL_NATIVE_REFERENCE,entry_hour,20,2,1,1,0,50.0,-8.380000000000003,16.56,-24.94,0.6639935846030472,16.56,-24.94,0.706183368869936,-1.0532094594594594,0.6639935846030472,0.6705061016375335,-0.1735130452947617,159238.5,159238.5,1
NORMAL_NATIVE_REFERENCE,entry_hour,21,2,1,1,0,50.0,0.3000000000000007,24.58,-24.279999999999998,1.012355848434926,24.58,-24.279999999999998,1.090505767524401,-0.979032258064516,1.012355848434926,1.1138609157580375,0.055736754729942495,71299.0,71299.0,1
NORMAL_NATIVE_REFERENCE,entry_hour,22,3,1,2,0,33.33333333333333,2.109999999999996,40.61,-38.5,1.0548051948051949,40.61,-19.25,1.7764654418197725,-0.8095246244719138,2.1096103896103897,2.1944551013239826,0.05247206429198167,69948.66666666667,43200.0,1
NORMAL_NATIVE_REFERENCE,entry_hour,23,4,2,2,0,50.0,6.370000000000001,63.09,-56.72,1.1123060648801129,31.545,-28.36,1.2895151611107423,-1.214454085518442,1.1123060648801129,1.0618064334315753,0.037530537796150176,129954.75,109800.0,1
NORMAL_NATIVE_REFERENCE,entry_hour,3,1,0,1,0,0.0,-8.28,0,-8.28,0.0,,-8.28,,-0.4299065420560747,,,-0.4299065420560747,43200.0,43200.0,0
NORMAL_NATIVE_REFERENCE,entry_hour,4,6,2,4,0,33.33333333333333,-35.95,48.989999999999995,-84.94,0.576760065928891,24.494999999999997,-21.235,1.0781371778069024,-0.8944966712154341,1.153520131857782,1.2053003800919004,-0.23695205487465518,71534.16666666667,79976.0,3
NORMAL_NATIVE_REFERENCE,entry_hour,5,3,1,2,0,33.33333333333333,-9.59,37.81,-47.400000000000006,0.7976793248945148,37.81,-23.700000000000003,1.5913299663299663,-1.0354124582594717,1.5953586497890295,1.5369044032993304,-0.1598316500629923,149857.66666666666,61906.0,2
NORMAL_NATIVE_REFERENCE,entry_hour,6,1,0,1,0,0.0,-25.02,0,-25.02,0.0,,-25.02,,-1.037313432835821,,,-1.037313432835821,34553.0,34553.0,1
NORMAL_NATIVE_REFERENCE,entry_hour,7,1,0,1,0,0.0,-24.54,0,-24.54,0.0,,-24.54,,-1.0148883374689825,,,-1.0148883374689825,11841.0,11841.0,1
NORMAL_NATIVE_REFERENCE,entry_hour,8,1,0,1,0,0.0,-15.120000000000001,0,-15.120000000000001,0.0,,-15.120000000000001,,-0.619672131147541,,,-0.619672131147541,32400.0,32400.0,0
NORMAL_NATIVE_REFERENCE,entry_hour,9,1,0,1,0,0.0,-15.96,0,-15.96,0.0,,-15.96,,-0.7000000000000001,,,-0.7000000000000001,86397.0,86397.0,0
NORMAL_NATIVE_REFERENCE,entry_weekday,FRIDAY,12,1,11,0,8.333333333333332,-228.61,12.969999999999999,-241.58,0.05368821922344564,12.969999999999999,-21.961818181818185,0.5696091348265261,-0.9407024241318728,0.590570411457902,0.6055146879760513,-0.8148431275520062,123609.66666666667,106167.0,6
NORMAL_NATIVE_REFERENCE,entry_weekday,MONDAY,20,5,15,0,25.0,-50.11000000000001,184.72,-234.83,0.7866115913639654,36.944,-15.655333333333335,1.565469550794321,-0.6752889601428476,2.359834774091896,2.3182217438637953,-0.11509933240855541,68156.4,57600.0,7
NORMAL_NATIVE_REFERENCE,entry_weekday,THURSDAY,20,8,12,0,40.0,-99.35000000000001,173.97,-273.32,0.6365066588614079,21.74625,-22.776666666666667,1.023752180734219,-0.9819341398651052,0.9547599882921117,1.0425874192284001,-0.17965961162537558,118842.15,61198.0,7
NORMAL_NATIVE_REFERENCE,entry_weekday,TUESDAY,14,5,9,0,35.714285714285715,-130.27,76.78999999999999,-207.06,0.3708586883029073,15.357999999999999,-23.006666666666668,0.670543958115778,-0.9802166662161207,0.6675456389452332,0.6840772874269154,-0.3906593003832997,45504.142857142855,27236.5,8
NORMAL_NATIVE_REFERENCE,entry_weekday,WEDNESDAY,28,10,18,0,35.714285714285715,-5.510000000000004,386.34999999999997,-391.86,0.9859388557137752,38.635,-21.77,1.6435012928062895,-0.9236588286038514,1.7746899402847955,1.7793380433449761,-0.006815928100229703,65182.71428571428,40699.0,15
NORMAL_NATIVE_REFERENCE,volatility_regime,HIGH,13,4,9,0,30.76923076923077,-55.63,125.22999999999999,-180.86,0.6924140218953886,31.307499999999997,-20.095555555555556,1.3274025652039803,-0.8733345482567973,1.5579315492646244,1.5199244869603712,-0.19618466719194266,51583.307692307695,33446.0,7
NORMAL_NATIVE_REFERENCE,volatility_regime,LOW,5,1,4,0,20.0,-29.0,50.32,-79.32,0.6343923348461927,50.32,-19.83,2.110738255033557,-0.8374961582852363,2.537569339384771,2.520296044527857,-0.24784927562147763,41547.4,32400.0,2
NORMAL_NATIVE_REFERENCE,volatility_regime,NORMAL,60,22,38,0,36.666666666666664,-119.01000000000003,652.16,-771.1700000000001,0.8456760506762451,29.64363636363636,-20.293947368421055,1.3017765785427446,-0.8635863315214184,1.460713178440787,1.5074075758579308,-0.0696199311645587,91817.61666666667,57600.0,24
NORMAL_NATIVE_REFERENCE,volatility_regime,UNAVAILABLE,16,2,14,0,12.5,-310.21,7.090000000000001,-317.3,0.02234478411597857,3.5450000000000004,-22.664285714285715,0.15763690476190476,-0.9772716779659262,0.15641348881185,0.1613030524838365,-0.8354081051249473,81130.25,47417.5,10
NORMAL_NATIVE_REFERENCE,trend_side,ABOVE_EMA200,46,16,30,0,34.78260869565217,-61.12000000000002,551.1,-612.22,0.9001666067753422,34.44375,-20.407333333333334,1.5272339949241562,-0.8720504190829582,1.6878123877037667,1.7513138707394742,-0.03751670986309228,86479.52173913043,60174.0,19
NORMAL_NATIVE_REFERENCE,trend_side,BELOW_EMA200,48,13,35,0,27.083333333333332,-452.73,283.7,-736.4300000000001,0.3852368860584169,21.823076923076922,-21.040857142857146,0.918381779579013,-0.9013304881228642,1.0371762316957378,1.018917912664488,-0.4084917489536058,77237.5625,45000.0,24
NORMAL_NATIVE_REFERENCE,ema_slope_direction,FALLING,41,13,28,0,31.70731707317073,-243.44000000000003,324.43,-567.87,0.5713103351119094,24.956153846153846,-20.28107142857143,1.087001298532646,-0.8705645820065347,1.2305145679333434,1.2486164966960334,-0.24987296134777012,76434.0487804878,54000.0,17
NORMAL_NATIVE_REFERENCE,ema_slope_direction,RISING,50,16,34,0,32.0,-199.67000000000002,510.37,-710.04,0.7187904906765816,31.898125,-20.883529411764705,1.3902306357743295,-0.8905498078933135,1.527429792687736,1.5610925109995386,-0.16070006591966773,85664.36,46800.0,24
NORMAL_NATIVE_REFERENCE,ema_slope_direction,UNAVAILABLE,3,0,3,0,0.0,-70.74000000000001,0,-70.74000000000001,0.0,,-23.580000000000002,,-1.01785929741112,,,-1.01785929741112,89482.33333333333,56637.0,2
NORMAL_NATIVE_REFERENCE,trend_alignment,ALIGNED,62,17,45,0,27.419354838709676,-517.35,402.28999999999996,-919.64,0.4374429124439998,23.66411764705882,-20.436444444444444,1.0610607173048632,-0.8711797225563764,1.1579371211752936,1.2179584646337989,-0.34137186001377856,66723.5,43200.0,29
NORMAL_NATIVE_REFERENCE,trend_alignment,COUNTER_SLOPE,29,12,17,0,41.37931034482759,74.24,432.51,-358.27,1.2072180199291038,36.0425,-21.07470588235294,1.5280562382609162,-0.9089067205599227,1.7102255282328969,1.6812024861248387,0.09949174515904512,113108.86206896552,75600.0,12
NORMAL_NATIVE_REFERENCE,trend_alignment,UNAVAILABLE,3,0,3,0,0.0,-70.74000000000001,0,-70.74000000000001,0.0,,-23.580000000000002,,-1.01785929741112,,,-1.01785929741112,89482.33333333333,56637.0,2
NORMAL_NATIVE_REFERENCE,ema_distance_band,1_TO_2_ATR,12,3,9,0,25.0,8.839999999999998,212.2,-203.36,1.043469708890637,70.73333333333333,-22.595555555555556,3.008868459699714,-0.9629009458633475,3.130409126671912,3.1247954139269534,0.030041405527417835,57343.416666666664,38876.5,7
NORMAL_NATIVE_REFERENCE,ema_distance_band,GE_2_ATR,73,24,49,0,32.87671232876712,-483.07000000000005,510.15999999999997,-993.23,0.5136373246881386,21.256666666666664,-20.27,0.9444376065310768,-0.8663682405826348,1.0486762045716165,1.0901110662781683,-0.2710348113945652,82960.54794520549,54000.0,31
NORMAL_NATIVE_REFERENCE,ema_distance_band,LT_1_ATR,9,2,7,0,22.22222222222222,-39.620000000000005,112.44,-152.06,0.7394449559384453,56.22,-21.722857142857144,2.340799558734341,-0.9414181936385374,2.5880573457845584,2.4864609315518535,-0.21203647088900873,104580.0,56637.0,5
NORMAL_NATIVE_REFERENCE,breakout_distance_band,0.10_TO_0.25_ATR,12,4,8,0,33.33333333333333,-122.66,51.63,-174.29,0.2962304205634288,12.9075,-21.78625,0.5504953573027285,-0.9212629199019161,0.5924608411268576,0.5975442465016805,-0.4306768275003679,65800.83333333333,42901.0,6
NORMAL_NATIVE_REFERENCE,breakout_distance_band,GT_0.25_ATR,73,22,51,0,30.136986301369863,-325.56000000000006,727.22,-1052.78,0.6907616026140314,33.055454545454545,-20.642745098039214,1.4427689762658333,-0.8839358145633242,1.601310987877982,1.632210113557374,-0.18273711047782462,88204.19178082192,57600.0,33
NORMAL_NATIVE_REFERENCE,breakout_distance_band,LT_0.10_ATR,9,3,6,0,33.33333333333333,-65.63000000000001,55.949999999999996,-121.58,0.46019082085869384,18.65,-20.263333333333332,0.8106027154181402,-0.8762082924740217,0.9203816417173877,0.9251255921458578,-0.31393795650996764,50771.666666666664,43200.0,4
NORMAL_NATIVE_REFERENCE,spread_band,11_TO_15_POINTS,91,28,63,0,30.76923076923077,-499.91,792.02,-1291.93,0.6130517907316959,28.28642857142857,-20.5068253968254,1.2377369558627513,-0.8774471664405097,1.3793665291463157,1.410611377188451,-0.22662128265489082,79811.45054945054,46800.0,42
NORMAL_NATIVE_REFERENCE,spread_band,GT_15_POINTS,3,1,2,0,33.33333333333333,-13.939999999999998,42.78,-56.72,0.754231311706629,42.78,-28.36,1.7180722891566267,-1.214454085518442,1.508462623413258,1.414686903064922,-0.23694529396008576,140873.0,122400.0,1
NORMAL_NATIVE_REFERENCE,segment,D1,6,1,5,0,16.666666666666664,-86.19,16.56,-102.75,0.16116788321167883,16.56,-20.55,0.706183368869936,-0.9048703177468044,0.805839416058394,0.7804249460059494,-0.6363613699773475,62390.833333333336,17607.0,4
NORMAL_NATIVE_REFERENCE,segment,D2,4,2,2,0,50.0,-9.370000000000001,38.63,-48.0,0.8047916666666667,19.315,-24.0,0.8139685545935545,-1.023076923076923,0.8047916666666667,0.7956083616327977,-0.10455418424168428,115214.0,40948.5,2
NORMAL_NATIVE_REFERENCE,segment,D3,39,11,28,0,28.205128205128204,-92.88000000000001,479.52,-572.4,0.8377358490566038,43.592727272727274,-20.442857142857143,1.921857684379981,-0.8736127997698899,2.132418524871355,2.1998964356820316,-0.08514676577890071,78129.97435897436,61906.0,17
NORMAL_NATIVE_REFERENCE,segment,O1,17,6,11,0,35.294117647058826,-108.54,135.60999999999999,-244.15,0.5554372312103214,22.601666666666663,-22.195454545454545,0.9770997388664143,-0.941819759009424,1.0183015905522559,1.0374593753417285,-0.26455405387677516,86962.4705882353,34553.0,9
NORMAL_NATIVE_REFERENCE,segment,V1,12,5,7,0,41.66666666666667,-20.47000000000001,131.01,-151.48000000000002,0.8648666490625824,26.201999999999998,-21.640000000000004,1.1145914525298548,-0.9229739775351475,1.2108133086876152,1.2076087513392655,-0.07398838167472978,81172.0,48600.0,5
NORMAL_NATIVE_REFERENCE,segment,V2,16,4,12,0,25.0,-196.4,33.47,-229.87,0.1456040370644277,8.3675,-19.155833333333334,0.3661490878072678,-0.8212983863745423,0.4368121111932831,0.44581737147148165,-0.5244365178290898,84422.8125,52200.0,6
NORMAL_NATIVE_REFERENCE,dataset,DEVELOPMENT,49,14,35,0,28.57142857142857,-188.44000000000003,534.71,-723.15,0.7394178247943027,38.19357142857143,-20.66142857142857,1.6767539290169169,-0.8866189665269939,1.848544561985757,1.8911775997585392,-0.15422671065730512,79230.0,57600.0,23
NORMAL_NATIVE_REFERENCE,dataset,OUT_OF_SAMPLE,17,6,11,0,35.294117647058826,-108.54,135.60999999999999,-244.15,0.5554372312103214,22.601666666666663,-22.195454545454545,0.9770997388664143,-0.941819759009424,1.0183015905522559,1.0374593753417285,-0.26455405387677516,86962.4705882353,34553.0,9
NORMAL_NATIVE_REFERENCE,dataset,VALIDATION,28,9,19,0,32.142857142857146,-216.87,164.48,-381.35,0.43130982037498355,18.275555555555556,-20.071052631578947,0.7819504015420384,-0.8587578146968705,0.9105429541249654,0.9105598670075055,-0.33138731662007836,83029.60714285714,50400.0,11
ALL_FORMAL_LAYERS,cost_profile,HIGH,188,53,135,0,28.191489361702125,-1220.4850000000001,1583.9650000000006,-2804.4500000000007,0.564804150546453,29.88613207547171,-20.77370370370371,1.303108676832345,-0.8888591341992341,1.4386520815805879,1.4660463359093507,-0.2709107619403315,81760.2074468085,50400.0,86
ALL_FORMAL_LAYERS,cost_profile,NORMAL,188,58,130,0,30.851063829787233,-1034.8300000000002,1661.8899999999999,-2696.7200000000003,0.6162634607968197,28.653275862068963,-20.744000000000003,1.2487647489470153,-0.8876316987226898,1.3812801707514923,1.4068501054480134,-0.22853066699480212,81760.2074468085,50400.0,86
ALL_FORMAL_LAYERS,cost_profile,STRESS,188,50,138,0,26.595744680851062,-1406.14,1513.380000000001,-2919.5200000000013,0.5183660327725107,30.26760000000002,-21.155942028985518,1.3201386747552275,-0.905113150958719,1.4306902504521293,1.4585344090480874,-0.3132908568858609,81760.2074468085,50400.0,86
ALL_FORMAL_LAYERS,execution_layer,FIXED_DELAY_200_MS,282,81,201,0,28.723404255319153,-1841.595,2367.1750000000015,-4208.770000000001,0.5624386697301114,29.2243827160494,-20.939154228855728,1.2744366340708346,-0.8959171337911951,1.3956811434043503,1.4224938735995403,-0.2725176472776333,81760.1914893617,50400.0,129
ALL_FORMAL_LAYERS,execution_layer,NATIVE_NORMAL_EXECUTION,282,80,202,0,28.368794326241137,-1819.8600000000001,2392.06,-4211.92,0.5679262664058197,29.90075,-20.85108910891089,1.3033835211133116,-0.8921503707481154,1.4340138226746946,1.460946006243718,-0.2693038766030297,81760.22340425532,50400.0,129
